# WaveFront *.obj file (generated by Autodesk ATF)

mtllib 95ff013f-19b8-4eff-a8e2-b472616a2d8f.mtl

g Body1

v 249.990465 274.185092 18.000000
v 244.837587 274.051355 18.000000
v 243.382216 274.209560 18.000000
v 241.878202 274.719436 18.000000
v 240.334008 275.632833 18.000000
v 238.754577 276.949000 18.000000
v 238.754577 276.949000 26.000000
v 240.334008 275.632833 26.000000
v 241.878202 274.719436 26.000000
v 243.382216 274.209560 26.000000
v 244.837587 274.051355 26.000000
v 249.990465 274.185092 26.000000
v 253.933385 284.963084 18.000000
v 266.213406 294.373641 18.000000
v 266.213406 294.373641 26.000000
v 253.933385 284.963084 26.000000
v 264.376683 294.372900 18.000000
v 260.584217 294.589160 18.000000
v 256.744606 295.208166 18.000000
v 255.387617 295.715866 18.000000
v 254.883972 296.019840 18.000000
v 254.496838 296.356444 18.000000
v 254.496838 296.356444 26.000000
v 254.883972 296.019840 26.000000
v 255.387617 295.715866 26.000000
v 256.744606 295.208166 26.000000
v 260.584217 294.589160 26.000000
v 264.376683 294.372900 26.000000
v 258.735204 299.332543 18.000000
v 264.969352 303.943163 18.000000
v 276.608105 315.102954 18.000000
v 276.608105 315.102954 26.000000
v 264.969352 303.943163 26.000000
v 258.735204 299.332543 26.000000
v 272.088120 315.050391 18.000000
v 269.147679 315.335654 18.000000
v 265.732726 316.244568 18.000000
v 265.732726 316.244568 26.000000
v 269.147679 315.335654 26.000000
v 272.088120 315.050391 26.000000
v 269.043457 319.672831 18.000000
v 274.921577 325.330348 18.000000
v 280.652587 331.795510 18.000000
v 282.706391 334.910512 18.000000
v 284.118726 337.875156 18.000000
v 284.118726 337.875156 26.000000
v 282.706391 334.910512 26.000000
v 280.652587 331.795510 26.000000
v 274.921577 325.330348 26.000000
v 269.043457 319.672831 26.000000
v 283.103099 337.486557 18.000000
v 281.629218 337.143310 18.000000
v 277.602130 336.683303 18.000000
v 273.580284 336.834888 18.000000
v 272.105082 337.240824 18.000000
v 271.536315 337.529858 18.000000
v 271.080288 337.875156 18.000000
v 271.080288 337.875156 26.000000
v 271.536315 337.529858 26.000000
v 272.105082 337.240824 26.000000
v 273.580284 336.834888 26.000000
v 277.602130 336.683303 26.000000
v 281.629218 337.143310 26.000000
v 283.103099 337.486557 26.000000
v 271.094320 338.174498 18.000000
v 271.178491 338.496981 18.000000
v 271.557873 339.211970 18.000000
v 273.141401 340.927979 18.000000
v 278.660304 345.517460 18.000000
v 284.427231 351.564431 18.000000
v 286.684903 355.064777 18.000000
v 288.444843 358.844809 18.000000
v 288.444843 358.844809 26.000000
v 286.684903 355.064777 26.000000
v 284.427231 351.564431 26.000000
v 278.660304 345.517460 26.000000
v 273.141401 340.927979 26.000000
v 271.557873 339.211970 26.000000
v 271.178491 338.496981 26.000000
v 271.094320 338.174498 26.000000
v 286.473019 358.893889 18.000000
v 283.329118 358.616705 18.000000
v 279.834040 358.217263 18.000000
v 278.345787 358.148834 18.000000
v 277.729857 358.202331 18.000000
v 277.218096 358.340947 18.000000
v 277.004894 358.448531 18.000000
v 276.821805 358.584901 18.000000
v 276.669902 358.752355 18.000000
v 276.550129 358.953015 18.000000
v 276.463292 359.188788 18.000000
v 276.410071 359.461356 18.000000
v 276.406621 360.122568 18.000000
v 276.821073 361.938750 18.000000
v 277.803716 364.447299 18.000000
v 281.447521 371.585344 18.000000
v 287.243144 381.496841 18.000000
v 287.243144 381.496841 26.000000
v 281.447521 371.585344 26.000000
v 277.803716 364.447299 26.000000
v 276.821073 361.938750 26.000000
v 276.406621 360.122568 26.000000
v 276.410071 359.461356 26.000000
v 276.463292 359.188788 26.000000
v 276.550129 358.953015 26.000000
v 276.669902 358.752355 26.000000
v 276.821805 358.584901 26.000000
v 277.004894 358.448531 26.000000
v 277.218096 358.340947 26.000000
v 277.729857 358.202331 26.000000
v 278.345787 358.148834 26.000000
v 279.834040 358.217263 26.000000
v 283.329118 358.616705 26.000000
v 286.473019 358.893889 26.000000
v 272.531136 381.478751 18.000000
v 259.123380 382.398116 18.000000
v 259.123380 382.398116 26.000000
v 272.531136 381.478751 26.000000
v 261.608434 385.439951 18.000000
v 265.732726 389.968821 18.000000
v 265.732726 389.968821 26.000000
v 261.608434 385.439951 26.000000
v 264.978039 390.406113 18.000000
v 263.934724 390.763372 18.000000
v 260.989887 391.230365 18.000000
v 252.415277 391.120572 18.000000
v 242.903686 389.580147 18.000000
v 234.548629 386.724233 18.000000
v 234.548629 386.724233 26.000000
v 242.903686 389.580147 26.000000
v 252.415277 391.120572 26.000000
v 260.989887 391.230365 26.000000
v 263.934724 390.763372 26.000000
v 264.978039 390.406113 26.000000
v 234.119782 387.103737 18.000000
v 233.751539 387.538920 18.000000
v 233.446446 388.030310 18.000000
v 233.209443 388.577697 18.000000
v 233.048391 389.179087 18.000000
v 232.974230 389.829854 18.000000
v 233.000049 390.523139 18.000000
v 233.139353 391.250940 18.000000
v 233.404174 392.005153 18.000000
v 233.802866 392.778561 18.000000
v 235.011199 394.361833 18.000000
v 238.994916 397.599612 18.000000
v 238.994916 397.599612 26.000000
v 235.011199 394.361833 26.000000
v 233.802866 392.778561 26.000000
v 233.404174 392.005153 26.000000
v 233.139353 391.250940 26.000000
v 233.000049 390.523139 26.000000
v 232.974230 389.829854 26.000000
v 233.048391 389.179087 26.000000
v 233.209443 388.577697 26.000000
v 233.446446 388.030310 26.000000
v 233.751539 387.538920 26.000000
v 234.119782 387.103737 26.000000
v 238.733549 397.692650 18.000000
v 238.397619 397.756899 18.000000
v 237.501147 397.798531 18.000000
v 234.822283 397.534850 18.000000
v 226.819562 395.842479 18.000000
v 218.601845 393.478019 18.000000
v 213.038211 391.250940 18.000000
v 213.038211 391.250940 26.000000
v 218.601845 393.478019 26.000000
v 226.819562 395.842479 26.000000
v 234.822283 397.534850 26.000000
v 237.501147 397.798531 26.000000
v 238.397619 397.756899 26.000000
v 238.733549 397.692650 26.000000
v 212.619596 391.329653 18.000000
v 212.262315 391.446975 18.000000
v 211.966639 391.603048 18.000000
v 211.732850 391.797969 18.000000
v 211.561104 392.031683 18.000000
v 211.451276 392.303861 18.000000
v 211.402788 392.613765 18.000000
v 211.414418 392.960097 18.000000
v 211.609072 393.753407 18.000000
v 212.008666 394.659281 18.000000
v 213.266556 396.668993 18.000000
v 216.416554 400.424547 18.000000
v 218.986623 402.646749 18.000000
v 218.986623 402.646749 26.000000
v 216.416554 400.424547 26.000000
v 213.266556 396.668993 26.000000
v 212.008666 394.659281 26.000000
v 211.609072 393.753407 26.000000
v 211.414418 392.960097 26.000000
v 211.402788 392.613765 26.000000
v 211.451276 392.303861 26.000000
v 211.561104 392.031683 26.000000
v 211.732850 391.797969 26.000000
v 211.966639 391.603048 26.000000
v 212.262315 391.446975 26.000000
v 212.619596 391.329653 26.000000
v 221.510191 261.867674 18.000000
v 239.481547 267.928575 18.000000
v 245.732811 271.030704 18.000000
v 245.732811 271.030704 26.000000
v 239.481547 267.928575 26.000000
v 221.510191 261.867674 26.000000
v 229.423731 256.467140 18.000000
v 227.123446 257.235389 18.000000
v 224.605480 258.435321 18.000000
v 223.453202 259.184354 18.000000
v 222.518499 260.013802 18.000000
v 221.866575 260.910856 18.000000
v 221.651706 261.382070 18.000000
v 221.651706 261.382070 26.000000
v 221.866575 260.910856 26.000000
v 222.518499 260.013802 26.000000
v 223.453202 259.184354 26.000000
v 224.605480 258.435321 26.000000
v 227.123446 257.235389 26.000000
v 229.423731 256.467140 26.000000
v 205.200205 242.415398 18.000000
v 201.830668 244.440792 18.000000
v 198.330559 247.570530 18.000000
v 197.794196 248.332010 18.000000
v 197.623510 248.684602 18.000000
v 197.527382 249.013509 18.000000
v 197.509078 249.168192 18.000000
v 197.511373 249.316011 18.000000
v 197.534691 249.456787 18.000000
v 197.579343 249.590411 18.000000
v 197.645528 249.716838 18.000000
v 197.733338 249.836085 18.000000
v 197.973706 250.053394 18.000000
v 198.299254 250.243562 18.000000
v 198.707471 250.408524 18.000000
v 199.756676 250.673112 18.000000
v 202.643100 251.025709 18.000000
v 218.362181 252.586555 18.000000
v 224.983870 254.206895 18.000000
v 227.489191 255.258181 18.000000
v 227.489191 255.258181 26.000000
v 224.983870 254.206895 26.000000
v 218.362181 252.586555 26.000000
v 202.643100 251.025709 26.000000
v 199.756676 250.673112 26.000000
v 198.707471 250.408524 26.000000
v 198.299254 250.243562 26.000000
v 197.973706 250.053394 26.000000
v 197.733338 249.836085 26.000000
v 197.645528 249.716838 26.000000
v 197.579343 249.590411 26.000000
v 197.534691 249.456787 26.000000
v 197.511373 249.316011 26.000000
v 197.509078 249.168192 26.000000
v 197.527382 249.013509 26.000000
v 197.623510 248.684602 26.000000
v 197.794196 248.332010 26.000000
v 198.330559 247.570530 26.000000
v 201.830668 244.440792 26.000000
v 205.200205 242.415398 26.000000
v 127.053627 282.972948 18.000000
v 129.203782 276.159508 18.000000
v 133.387265 268.325687 18.000000
v 139.874807 260.461949 18.000000
v 149.395883 253.466823 18.000000
v 162.169015 247.809715 18.000000
v 176.795241 243.911951 18.000000
v 191.436477 242.091191 18.000000
v 191.436477 242.091191 26.000000
v 176.795241 243.911951 26.000000
v 162.169015 247.809715 26.000000
v 149.395883 253.466823 26.000000
v 139.874807 260.461949 26.000000
v 133.387265 268.325687 26.000000
v 129.203782 276.159508 26.000000
v 127.053627 282.972948 26.000000
v 237.975599 360.471412 18.000000
v 224.999199 353.337255 18.000000
v 210.319094 345.108229 18.000000
v 176.765979 324.281858 18.000000
v 160.894104 313.108534 18.000000
v 147.693523 302.720371 18.000000
v 147.693523 302.720371 26.000000
v 160.894104 313.108534 26.000000
v 176.765979 324.281858 26.000000
v 210.319094 345.108229 26.000000
v 224.999199 353.337255 26.000000
v 237.975599 360.471412 26.000000
v 117.259192 294.114117 18.000000
v 125.404567 300.858505 18.000000
v 137.182704 309.548894 18.000000
v 165.673532 328.049478 18.000000
v 180.393312 335.997171 18.000000
v 196.722337 343.653461 18.000000
v 215.807287 351.724584 18.000000
v 215.807287 351.724584 26.000000
v 196.722337 343.653461 26.000000
v 180.393312 335.997171 26.000000
v 165.673532 328.049478 26.000000
v 137.182704 309.548894 26.000000
v 125.404567 300.858505 26.000000
v 117.259192 294.114117 26.000000
v 124.604907 383.577177 18.000000
v 121.888548 380.927091 18.000000
v 118.072162 376.554679 18.000000
v 110.206203 365.752461 18.000000
v 104.341332 355.255088 18.000000
v 98.923344 341.269017 18.000000
v 96.292846 325.604075 18.000000
v 96.769474 319.526270 18.000000
v 98.325044 313.993205 18.000000
v 100.909257 308.296294 18.000000
v 104.770560 302.741488 18.000000
v 110.184155 297.922725 18.000000
v 110.184155 297.922725 26.000000
v 104.770560 302.741488 26.000000
v 100.909257 308.296294 26.000000
v 98.325044 313.993205 26.000000
v 96.769474 319.526270 26.000000
v 96.292846 325.604075 26.000000
v 98.923344 341.269017 26.000000
v 104.341332 355.255088 26.000000
v 110.206203 365.752461 26.000000
v 118.072162 376.554679 26.000000
v 121.888548 380.927091 26.000000
v 124.604907 383.577177 26.000000
v 148.039483 395.750693 18.000000
v 141.278186 389.375081 18.000000
v 132.759660 379.914751 18.000000
v 129.960101 375.760808 18.000000
v 129.003124 374.489176 18.000000
v 128.791751 374.296809 18.000000
v 128.587321 374.161800 18.000000
v 128.487076 374.116798 18.000000
v 128.387822 374.087289 18.000000
v 128.289327 374.073614 18.000000
v 128.191373 374.076091 18.000000
v 128.093754 374.095013 18.000000
v 127.996277 374.130649 18.000000
v 127.801045 374.253013 18.000000
v 127.604398 374.444859 18.000000
v 127.405238 374.707537 18.000000
v 126.567024 376.484174 18.000000
v 126.567024 376.484174 26.000000
v 127.405238 374.707537 26.000000
v 127.604398 374.444859 26.000000
v 127.801045 374.253013 26.000000
v 127.996277 374.130649 26.000000
v 128.093754 374.095013 26.000000
v 128.191373 374.076091 26.000000
v 128.289327 374.073614 26.000000
v 128.387822 374.087289 26.000000
v 128.487076 374.116798 26.000000
v 128.587321 374.161800 26.000000
v 128.791751 374.296809 26.000000
v 129.003124 374.489176 26.000000
v 129.960101 375.760808 26.000000
v 132.759660 379.914751 26.000000
v 141.278186 389.375081 26.000000
v 148.039483 395.750693 26.000000
v 148.284289 387.227006 18.000000
v 148.026703 387.774432 18.000000
v 147.832668 388.466894 18.000000
v 147.651041 390.322976 18.000000
v 147.651041 390.322976 26.000000
v 147.832668 388.466894 26.000000
v 148.026703 387.774432 26.000000
v 148.284289 387.227006 26.000000
v 151.155191 384.089043 18.000000
v 151.108772 384.076628 18.000000
v 151.059661 384.071083 18.000000
v 150.953279 384.080811 18.000000
v 150.835790 384.118879 18.000000
v 150.706833 384.186212 18.000000
v 150.413014 384.412491 18.000000
v 150.070232 384.763703 18.000000
v 150.070232 384.763703 26.000000
v 150.413014 384.412491 26.000000
v 150.706833 384.186212 26.000000
v 150.835790 384.118879 26.000000
v 150.953279 384.080811 26.000000
v 151.059661 384.071083 26.000000
v 151.108772 384.076628 26.000000
v 151.155191 384.089043 26.000000
v 169.760420 400.312980 18.000000
v 169.777491 400.455864 18.000000
v 169.773639 400.513514 18.000000
v 169.761532 400.561974 18.000000
v 169.741178 400.601255 18.000000
v 169.727914 400.617460 18.000000
v 169.712594 400.631379 18.000000
v 169.695224 400.643017 18.000000
v 169.675808 400.652380 18.000000
v 169.630859 400.664309 18.000000
v 169.577806 400.667239 18.000000
v 169.516725 400.661264 18.000000
v 169.370909 400.623133 18.000000
v 168.989056 400.447569 18.000000
v 166.562547 398.789740 18.000000
v 160.564723 394.311308 18.000000
v 154.472340 388.328141 18.000000
v 152.217157 385.631493 18.000000
v 152.217157 385.631493 26.000000
v 154.472340 388.328141 26.000000
v 160.564723 394.311308 26.000000
v 166.562547 398.789740 26.000000
v 168.989056 400.447569 26.000000
v 169.370909 400.623133 26.000000
v 169.516725 400.661264 26.000000
v 169.577806 400.667239 26.000000
v 169.630859 400.664309 26.000000
v 169.675808 400.652380 26.000000
v 169.695224 400.643017 26.000000
v 169.712594 400.631379 26.000000
v 169.727914 400.617460 26.000000
v 169.741178 400.601255 26.000000
v 169.761532 400.561974 26.000000
v 169.773639 400.513514 26.000000
v 169.777491 400.455864 26.000000
v 169.760420 400.312980 26.000000
v 171.140233 389.140941 18.000000
v 168.357921 392.584880 18.000000
v 168.105299 393.241707 18.000000
v 167.959641 393.983921 18.000000
v 167.935843 394.816178 18.000000
v 168.041206 395.739617 18.000000
v 168.644863 397.854754 18.000000
v 168.644863 397.854754 26.000000
v 168.041206 395.739617 26.000000
v 167.935843 394.816178 26.000000
v 167.959641 393.983921 26.000000
v 168.105299 393.241707 26.000000
v 168.357921 392.584880 26.000000
v 171.140233 389.140941 26.000000
v 194.442256 403.904928 18.000000
v 194.344865 403.945099 18.000000
v 194.223960 403.969349 18.000000
v 193.911572 403.970032 18.000000
v 193.006462 403.780420 18.000000
v 190.182814 402.677838 18.000000
v 182.754662 398.560886 18.000000
v 182.754662 398.560886 26.000000
v 190.182814 402.677838 26.000000
v 193.006462 403.780420 26.000000
v 193.911572 403.970032 26.000000
v 194.223960 403.969349 26.000000
v 194.344865 403.945099 26.000000
v 194.442256 403.904928 26.000000
v 191.500447 391.833359 18.000000
v 190.230360 393.224964 18.000000
v 189.640122 394.269635 18.000000
v 189.442530 394.894645 18.000000
v 189.355264 395.594467 18.000000
v 189.407579 396.372302 18.000000
v 189.619337 397.229067 18.000000
v 190.554444 399.173140 18.000000
v 190.554444 399.173140 26.000000
v 189.619337 397.229067 26.000000
v 189.407579 396.372302 26.000000
v 189.355264 395.594467 26.000000
v 189.442530 394.894645 26.000000
v 189.640122 394.269635 26.000000
v 190.230360 393.224964 26.000000
v 191.500447 391.833359 26.000000
v 216.915717 402.549066 18.000000
v 214.053069 402.016754 18.000000
v 206.475948 399.713586 18.000000
v 198.413791 396.169006 18.000000
v 198.413791 396.169006 26.000000
v 206.475948 399.713586 26.000000
v 214.053069 402.016754 26.000000
v 216.915717 402.549066 26.000000
v -63.056739 256.467140 18.000000
v -61.122200 255.258181 18.000000
v -58.616879 254.206895 18.000000
v -51.995190 252.586555 18.000000
v -36.276108 251.025709 18.000000
v -33.389685 250.673112 18.000000
v -32.340480 250.408524 18.000000
v -31.932263 250.243562 18.000000
v -31.606715 250.053394 18.000000
v -31.366347 249.836085 18.000000
v -31.278536 249.716838 18.000000
v -31.212351 249.590411 18.000000
v -31.167700 249.456787 18.000000
v -31.144382 249.316011 18.000000
v -31.142087 249.168192 18.000000
v -31.160391 249.013509 18.000000
v -31.256519 248.684602 18.000000
v -31.427204 248.332010 18.000000
v -31.963567 247.570530 18.000000
v -35.463677 244.440792 18.000000
v -38.833214 242.415398 18.000000
v -38.833214 242.415398 26.000000
v -35.463677 244.440792 26.000000
v -31.963567 247.570530 26.000000
v -31.427204 248.332010 26.000000
v -31.256519 248.684602 26.000000
v -31.160391 249.013509 26.000000
v -31.142087 249.168192 26.000000
v -31.144382 249.316011 26.000000
v -31.167700 249.456787 26.000000
v -31.212351 249.590411 26.000000
v -31.278536 249.716838 26.000000
v -31.366347 249.836085 26.000000
v -31.606715 250.053394 26.000000
v -31.932263 250.243562 26.000000
v -32.340480 250.408524 26.000000
v -33.389685 250.673112 26.000000
v -36.276108 251.025709 26.000000
v -51.995190 252.586555 26.000000
v -58.616879 254.206895 26.000000
v -61.122200 255.258181 26.000000
v -63.056739 256.467140 26.000000
v -25.069485 242.091191 18.000000
v -10.428249 243.911951 18.000000
v 4.197976 247.809715 18.000000
v 16.971108 253.466823 18.000000
v 26.492185 260.461949 18.000000
v 32.979727 268.325687 18.000000
v 37.163209 276.159508 18.000000
v 39.313365 282.972948 18.000000
v 39.313365 282.972948 26.000000
v 37.163209 276.159508 26.000000
v 32.979727 268.325687 26.000000
v 26.492185 260.461949 26.000000
v 16.971108 253.466823 26.000000
v 4.197976 247.809715 26.000000
v -10.428249 243.911951 26.000000
v -25.069485 242.091191 26.000000
v 18.673468 302.720371 18.000000
v 5.472888 313.108534 18.000000
v -10.398988 324.281858 18.000000
v -43.952102 345.108229 18.000000
v -58.632207 353.337255 18.000000
v -71.608608 360.471412 18.000000
v -71.608608 360.471412 26.000000
v -58.632207 353.337255 26.000000
v -43.952102 345.108229 26.000000
v -10.398988 324.281858 26.000000
v 5.472888 313.108534 26.000000
v 18.673468 302.720371 26.000000
v -49.440296 351.724584 18.000000
v -30.355345 343.653461 18.000000
v -14.026321 335.997171 18.000000
v 0.693460 328.049478 18.000000
v 29.184288 309.548894 18.000000
v 40.962425 300.858505 18.000000
v 49.107799 294.114117 18.000000
v 49.107799 294.114117 26.000000
v 40.962425 300.858505 26.000000
v 29.184288 309.548894 26.000000
v 0.693460 328.049478 26.000000
v -14.026321 335.997171 26.000000
v -30.355345 343.653461 26.000000
v -49.440296 351.724584 26.000000
v 56.182837 297.922725 18.000000
v 61.596431 302.741488 18.000000
v 65.457735 308.296294 18.000000
v 68.041947 313.993205 18.000000
v 69.597517 319.526270 18.000000
v 70.074145 325.604075 18.000000
v 67.443647 341.269017 18.000000
v 62.025659 355.255088 18.000000
v 56.160789 365.752461 18.000000
v 48.294829 376.554679 18.000000
v 44.478444 380.927091 18.000000
v 41.762084 383.577177 18.000000
v 41.762084 383.577177 26.000000
v 44.478444 380.927091 26.000000
v 48.294829 376.554679 26.000000
v 56.160789 365.752461 26.000000
v 62.025659 355.255088 26.000000
v 67.443647 341.269017 26.000000
v 70.074145 325.604075 26.000000
v 69.597517 319.526270 26.000000
v 68.041947 313.993205 26.000000
v 65.457735 308.296294 26.000000
v 61.596431 302.741488 26.000000
v 56.182837 297.922725 26.000000
v 39.799967 376.484174 18.000000
v 38.961754 374.707537 18.000000
v 38.762594 374.444859 18.000000
v 38.565946 374.253013 18.000000
v 38.370714 374.130649 18.000000
v 38.273237 374.095013 18.000000
v 38.175618 374.076091 18.000000
v 38.077664 374.073614 18.000000
v 37.979170 374.087289 18.000000
v 37.879915 374.116798 18.000000
v 37.779670 374.161800 18.000000
v 37.575241 374.296809 18.000000
v 37.363868 374.489176 18.000000
v 36.406891 375.760808 18.000000
v 33.607332 379.914751 18.000000
v 25.088805 389.375081 18.000000
v 18.327508 395.750693 18.000000
v 18.327508 395.750693 26.000000
v 25.088805 389.375081 26.000000
v 33.607332 379.914751 26.000000
v 36.406891 375.760808 26.000000
v 37.363868 374.489176 26.000000
v 37.575241 374.296809 26.000000
v 37.779670 374.161800 26.000000
v 37.879915 374.116798 26.000000
v 37.979170 374.087289 26.000000
v 38.077664 374.073614 26.000000
v 38.175618 374.076091 26.000000
v 38.273237 374.095013 26.000000
v 38.370714 374.130649 26.000000
v 38.565946 374.253013 26.000000
v 38.762594 374.444859 26.000000
v 38.961754 374.707537 26.000000
v 39.799967 376.484174 26.000000
v 18.715950 390.322976 18.000000
v 18.534324 388.466894 18.000000
v 18.340288 387.774432 18.000000
v 18.082703 387.227006 18.000000
v 18.082703 387.227006 26.000000
v 18.340288 387.774432 26.000000
v 18.534324 388.466894 26.000000
v 18.715950 390.322976 26.000000
v 16.296759 384.763703 18.000000
v 15.953978 384.412491 18.000000
v 15.660159 384.186212 18.000000
v 15.531201 384.118879 18.000000
v 15.413712 384.080811 18.000000
v 15.307331 384.071083 18.000000
v 15.258219 384.076628 18.000000
v 15.211800 384.089043 18.000000
v 15.211800 384.089043 26.000000
v 15.258219 384.076628 26.000000
v 15.307331 384.071083 26.000000
v 15.413712 384.080811 26.000000
v 15.531201 384.118879 26.000000
v 15.660159 384.186212 26.000000
v 15.953978 384.412491 26.000000
v 16.296759 384.763703 26.000000
v 14.149834 385.631493 18.000000
v 11.894651 388.328141 18.000000
v 5.802268 394.311308 18.000000
v -0.195556 398.789740 18.000000
v -2.622065 400.447569 18.000000
v -3.003917 400.623133 18.000000
v -3.149733 400.661264 18.000000
v -3.210814 400.667239 18.000000
v -3.263867 400.664309 18.000000
v -3.308816 400.652380 18.000000
v -3.328233 400.643017 18.000000
v -3.345603 400.631379 18.000000
v -3.360922 400.617460 18.000000
v -3.374187 400.601255 18.000000
v -3.394541 400.561974 18.000000
v -3.406648 400.513514 18.000000
v -3.410500 400.455864 18.000000
v -3.393428 400.312980 18.000000
v -3.393428 400.312980 26.000000
v -3.410500 400.455864 26.000000
v -3.406648 400.513514 26.000000
v -3.394541 400.561974 26.000000
v -3.374187 400.601255 26.000000
v -3.360922 400.617460 26.000000
v -3.345603 400.631379 26.000000
v -3.328233 400.643017 26.000000
v -3.308816 400.652380 26.000000
v -3.263867 400.664309 26.000000
v -3.210814 400.667239 26.000000
v -3.149733 400.661264 26.000000
v -3.003917 400.623133 26.000000
v -2.622065 400.447569 26.000000
v -0.195556 398.789740 26.000000
v 5.802268 394.311308 26.000000
v 11.894651 388.328141 26.000000
v 14.149834 385.631493 26.000000
v -2.277872 397.854754 18.000000
v -1.674214 395.739617 18.000000
v -1.568852 394.816178 18.000000
v -1.592649 393.983921 18.000000
v -1.738307 393.241707 18.000000
v -1.990930 392.584880 18.000000
v -4.773242 389.140941 18.000000
v -4.773242 389.140941 26.000000
v -1.990930 392.584880 26.000000
v -1.738307 393.241707 26.000000
v -1.592649 393.983921 26.000000
v -1.568852 394.816178 26.000000
v -1.674214 395.739617 26.000000
v -2.277872 397.854754 26.000000
v -16.387671 398.560886 18.000000
v -23.815823 402.677838 18.000000
v -26.639471 403.780420 18.000000
v -27.544580 403.970032 18.000000
v -27.856969 403.969349 18.000000
v -27.977874 403.945099 18.000000
v -28.075264 403.904928 18.000000
v -28.075264 403.904928 26.000000
v -27.977874 403.945099 26.000000
v -27.856969 403.969349 26.000000
v -27.544580 403.970032 26.000000
v -26.639471 403.780420 26.000000
v -23.815823 402.677838 26.000000
v -16.387671 398.560886 26.000000
v -24.187453 399.173140 18.000000
v -23.252345 397.229067 18.000000
v -23.040588 396.372302 18.000000
v -22.988273 395.594467 18.000000
v -23.075539 394.894645 18.000000
v -23.273130 394.269635 18.000000
v -23.863369 393.224964 18.000000
v -25.133456 391.833359 18.000000
v -25.133456 391.833359 26.000000
v -23.863369 393.224964 26.000000
v -23.273130 394.269635 26.000000
v -23.075539 394.894645 26.000000
v -22.988273 395.594467 26.000000
v -23.040588 396.372302 26.000000
v -23.252345 397.229067 26.000000
v -24.187453 399.173140 26.000000
v -32.046800 396.169006 18.000000
v -40.108957 399.713586 18.000000
v -47.686078 402.016754 18.000000
v -50.548726 402.549066 18.000000
v -52.619631 402.646749 18.000000
v -52.619631 402.646749 26.000000
v -50.548726 402.549066 26.000000
v -47.686078 402.016754 26.000000
v -40.108957 399.713586 26.000000
v -32.046800 396.169006 26.000000
v -50.049562 400.424547 18.000000
v -46.899565 396.668993 18.000000
v -45.641674 394.659281 18.000000
v -45.242080 393.753407 18.000000
v -45.047427 392.960097 18.000000
v -45.035796 392.613765 18.000000
v -45.084285 392.303861 18.000000
v -45.194113 392.031683 18.000000
v -45.365859 391.797969 18.000000
v -45.599647 391.603048 18.000000
v -45.895324 391.446975 18.000000
v -46.252605 391.329653 18.000000
v -46.671220 391.250940 18.000000
v -46.671220 391.250940 26.000000
v -46.252605 391.329653 26.000000
v -45.895324 391.446975 26.000000
v -45.599647 391.603048 26.000000
v -45.365859 391.797969 26.000000
v -45.194113 392.031683 26.000000
v -45.084285 392.303861 26.000000
v -45.035796 392.613765 26.000000
v -45.047427 392.960097 26.000000
v -45.242080 393.753407 26.000000
v -45.641674 394.659281 26.000000
v -46.899565 396.668993 26.000000
v -50.049562 400.424547 26.000000
v -52.234853 393.478019 18.000000
v -60.452571 395.842479 18.000000
v -68.455291 397.534850 18.000000
v -71.134155 397.798531 18.000000
v -72.030628 397.756899 18.000000
v -72.366557 397.692650 18.000000
v -72.627925 397.599612 18.000000
v -72.627925 397.599612 26.000000
v -72.366557 397.692650 26.000000
v -72.030628 397.756899 26.000000
v -71.134155 397.798531 26.000000
v -68.455291 397.534850 26.000000
v -60.452571 395.842479 26.000000
v -52.234853 393.478019 26.000000
v -55.143200 261.867674 18.000000
v -55.284714 261.382070 18.000000
v -55.499584 260.910856 18.000000
v -56.151507 260.013802 18.000000
v -57.086211 259.184354 18.000000
v -58.238489 258.435321 18.000000
v -60.756454 257.235389 18.000000
v -60.756454 257.235389 26.000000
v -58.238489 258.435321 26.000000
v -57.086211 259.184354 26.000000
v -56.151507 260.013802 26.000000
v -55.499584 260.910856 26.000000
v -55.284714 261.382070 26.000000
v -55.143200 261.867674 26.000000
v -83.623474 274.185092 18.000000
v -79.365819 271.030704 18.000000
v -73.114555 267.928575 18.000000
v -73.114555 267.928575 26.000000
v -79.365819 271.030704 26.000000
v -83.623474 274.185092 26.000000
v -72.387585 276.949000 18.000000
v -73.967016 275.632833 18.000000
v -75.511211 274.719436 18.000000
v -77.015225 274.209560 18.000000
v -78.470596 274.051355 18.000000
v -78.470596 274.051355 26.000000
v -77.015225 274.209560 26.000000
v -75.511211 274.719436 26.000000
v -73.967016 275.632833 26.000000
v -72.387585 276.949000 26.000000
v -99.846414 294.373641 18.000000
v -87.566394 284.963084 18.000000
v -87.566394 284.963084 26.000000
v -99.846414 294.373641 26.000000
v -88.129846 296.356444 18.000000
v -88.516981 296.019840 18.000000
v -89.020626 295.715866 18.000000
v -90.377615 295.208166 18.000000
v -94.217226 294.589160 18.000000
v -98.009692 294.372900 18.000000
v -98.009692 294.372900 26.000000
v -94.217226 294.589160 26.000000
v -90.377615 295.208166 26.000000
v -89.020626 295.715866 26.000000
v -88.516981 296.019840 26.000000
v -88.129846 296.356444 26.000000
v -110.241114 315.102954 18.000000
v -98.602361 303.943163 18.000000
v -92.368212 299.332543 18.000000
v -92.368212 299.332543 26.000000
v -98.602361 303.943163 26.000000
v -110.241114 315.102954 26.000000
v -99.365735 316.244568 18.000000
v -102.780688 315.335654 18.000000
v -105.721128 315.050391 18.000000
v -105.721128 315.050391 26.000000
v -102.780688 315.335654 26.000000
v -99.365735 316.244568 26.000000
v -117.751734 337.875156 18.000000
v -116.339399 334.910512 18.000000
v -114.285596 331.795510 18.000000
v -108.554586 325.330348 18.000000
v -102.676466 319.672831 18.000000
v -102.676466 319.672831 26.000000
v -108.554586 325.330348 26.000000
v -114.285596 331.795510 26.000000
v -116.339399 334.910512 26.000000
v -117.751734 337.875156 26.000000
v -104.713297 337.875156 18.000000
v -105.169323 337.529858 18.000000
v -105.738091 337.240824 18.000000
v -107.213293 336.834888 18.000000
v -111.235139 336.683303 18.000000
v -115.262226 337.143310 18.000000
v -116.736107 337.486557 18.000000
v -116.736107 337.486557 26.000000
v -115.262226 337.143310 26.000000
v -111.235139 336.683303 26.000000
v -107.213293 336.834888 26.000000
v -105.738091 337.240824 26.000000
v -105.169323 337.529858 26.000000
v -104.713297 337.875156 26.000000
v -122.077852 358.844809 18.000000
v -120.317912 355.064777 18.000000
v -118.060239 351.564431 18.000000
v -112.293312 345.517460 18.000000
v -106.774410 340.927979 18.000000
v -105.190882 339.211970 18.000000
v -104.811499 338.496981 18.000000
v -104.727329 338.174498 18.000000
v -104.727329 338.174498 26.000000
v -104.811499 338.496981 26.000000
v -105.190882 339.211970 26.000000
v -106.774410 340.927979 26.000000
v -112.293312 345.517460 26.000000
v -118.060239 351.564431 26.000000
v -120.317912 355.064777 26.000000
v -122.077852 358.844809 26.000000
v -120.876153 381.496841 18.000000
v -115.080530 371.585344 18.000000
v -111.436725 364.447299 18.000000
v -110.454081 361.938750 18.000000
v -110.039630 360.122568 18.000000
v -110.043080 359.461356 18.000000
v -110.096300 359.188788 18.000000
v -110.183137 358.953015 18.000000
v -110.302911 358.752355 18.000000
v -110.454813 358.584901 18.000000
v -110.637903 358.448531 18.000000
v -110.851105 358.340947 18.000000
v -111.362866 358.202331 18.000000
v -111.978796 358.148834 18.000000
v -113.467048 358.217263 18.000000
v -116.962126 358.616705 18.000000
v -120.106027 358.893889 18.000000
v -120.106027 358.893889 26.000000
v -116.962126 358.616705 26.000000
v -113.467048 358.217263 26.000000
v -111.978796 358.148834 26.000000
v -111.362866 358.202331 26.000000
v -110.851105 358.340947 26.000000
v -110.637903 358.448531 26.000000
v -110.454813 358.584901 26.000000
v -110.302911 358.752355 26.000000
v -110.183137 358.953015 26.000000
v -110.096300 359.188788 26.000000
v -110.043080 359.461356 26.000000
v -110.039630 360.122568 26.000000
v -110.454081 361.938750 26.000000
v -111.436725 364.447299 26.000000
v -115.080530 371.585344 26.000000
v -120.876153 381.496841 26.000000
v -92.756389 382.398116 18.000000
v -106.164145 381.478751 18.000000
v -106.164145 381.478751 26.000000
v -92.756389 382.398116 26.000000
v -99.365735 389.968821 18.000000
v -95.241442 385.439951 18.000000
v -95.241442 385.439951 26.000000
v -99.365735 389.968821 26.000000
v -68.181637 386.724233 18.000000
v -76.536695 389.580147 18.000000
v -86.048285 391.120572 18.000000
v -94.622896 391.230365 18.000000
v -97.567733 390.763372 18.000000
v -98.611047 390.406113 18.000000
v -98.611047 390.406113 26.000000
v -97.567733 390.763372 26.000000
v -94.622896 391.230365 26.000000
v -86.048285 391.120572 26.000000
v -76.536695 389.580147 26.000000
v -68.181637 386.724233 26.000000
v -68.644207 394.361833 18.000000
v -67.435874 392.778561 18.000000
v -67.037183 392.005153 18.000000
v -66.772362 391.250940 18.000000
v -66.633058 390.523139 18.000000
v -66.607239 389.829854 18.000000
v -66.681399 389.179087 18.000000
v -66.842452 388.577697 18.000000
v -67.079454 388.030310 18.000000
v -67.384548 387.538920 18.000000
v -67.752791 387.103737 18.000000
v -67.752791 387.103737 26.000000
v -67.384548 387.538920 26.000000
v -67.079454 388.030310 26.000000
v -66.842452 388.577697 26.000000
v -66.681399 389.179087 26.000000
v -66.607239 389.829854 26.000000
v -66.633058 390.523139 26.000000
v -66.772362 391.250940 26.000000
v -67.037183 392.005153 26.000000
v -67.435874 392.778561 26.000000
v -68.644207 394.361833 26.000000
v 256.731453 -7.941336 18.000000
v 254.124680 -5.346161 18.000000
v 251.082168 -3.289046 18.000000
v 247.624335 -1.787217 18.000000
v 243.816697 -0.870321 18.000000
v 239.783546 -0.574615 18.000000
v 235.680294 -0.919770 18.000000
v 227.770840 -3.342301 18.000000
v 213.993388 -11.307482 18.000000
v 202.786843 -20.408535 18.000000
v 202.786843 -20.408535 23.000000
v 213.993388 -11.307482 23.000000
v 227.770840 -3.342301 23.000000
v 235.680294 -0.919770 23.000000
v 239.783546 -0.574615 23.000000
v 243.816697 -0.870321 23.000000
v 247.624335 -1.787217 23.000000
v 251.082168 -3.289046 23.000000
v 254.124680 -5.346161 23.000000
v 256.731453 -7.941336 23.000000
v 199.932951 -22.875273 18.000000
v 195.859344 -26.807656 18.000000
v 185.770040 -37.752934 18.000000
v 176.239069 -50.787278 18.000000
v 168.189827 -66.317962 18.000000
v 162.331402 -84.162012 18.000000
v 159.552640 -101.095531 18.000000
v 159.802928 -114.471081 18.000000
v 161.226357 -120.505895 18.000000
v 162.409427 -123.410860 18.000000
v 163.998823 -126.145941 18.000000
v 166.056985 -128.616317 18.000000
v 168.622219 -130.740476 18.000000
v 171.698294 -132.469260 18.000000
v 175.256731 -133.785803 18.000000
v 183.606498 -135.205238 18.000000
v 193.181697 -135.064249 18.000000
v 203.546343 -133.291764 18.000000
v 214.346450 -129.687265 18.000000
v 225.237482 -124.059097 18.000000
v 235.812769 -116.359750 18.000000
v 245.585682 -106.733429 18.000000
v 254.037651 -95.456201 18.000000
v 260.677995 -82.857537 18.000000
v 265.103515 -69.242786 18.000000
v 267.039568 -54.835524 18.000000
v 266.329131 -39.774368 18.000000
v 262.899956 -24.133060 18.000000
v 262.899956 -24.133060 23.000000
v 266.329131 -39.774368 23.000000
v 267.039568 -54.835524 23.000000
v 265.103515 -69.242786 23.000000
v 260.677995 -82.857537 23.000000
v 254.037651 -95.456201 23.000000
v 245.585682 -106.733429 23.000000
v 235.812769 -116.359750 23.000000
v 225.237482 -124.059097 23.000000
v 214.346450 -129.687265 23.000000
v 203.546343 -133.291764 23.000000
v 193.181697 -135.064249 23.000000
v 183.606498 -135.205238 23.000000
v 175.256731 -133.785803 23.000000
v 171.698294 -132.469260 23.000000
v 168.622219 -130.740476 23.000000
v 166.056985 -128.616317 23.000000
v 163.998823 -126.145941 23.000000
v 162.409427 -123.410860 23.000000
v 161.226357 -120.505895 23.000000
v 159.802928 -114.471081 23.000000
v 159.552640 -101.095531 23.000000
v 162.331402 -84.162012 23.000000
v 168.189827 -66.317962 23.000000
v 176.239069 -50.787278 23.000000
v 185.770040 -37.752934 23.000000
v 195.859344 -26.807656 23.000000
v 199.932951 -22.875273 23.000000
v 248.220192 49.839335 18.000000
v 254.302874 22.092752 18.000000
v 258.058188 11.668567 18.000000
v 263.279203 2.783973 18.000000
v 265.672166 -0.460946 18.000000
v 267.172586 -2.325183 18.000000
v 268.321494 -3.556475 18.000000
v 269.366047 -4.404235 18.000000
v 270.529319 -4.993549 18.000000
v 271.200865 -5.182472 18.000000
v 271.964414 -5.288840 18.000000
v 273.854049 -5.186361 18.000000
v 276.511143 -4.464905 18.000000
v 276.511143 -4.464905 23.000000
v 273.135053 -5.276086 23.000000
v 271.737127 -5.267856 23.000000
v 270.512856 -4.987644 23.000000
v 269.426950 -4.444300 23.000000
v 268.424337 -3.653031 23.000000
v 266.415497 -1.406421 23.000000
v 261.601274 5.265242 23.000000
v 256.971608 14.174413 23.000000
v 251.400720 33.447487 23.000000
v 248.220192 49.839335 23.000000
v 277.755177 -3.805148 18.000000
v 278.956743 -2.907111 18.000000
v 281.192670 -0.695450 18.000000
v 285.096273 4.423531 18.000000
v 292.021837 16.780212 18.000000
v 296.070042 27.793620 18.000000
v 297.999759 37.379928 18.000000
v 298.987992 56.442050 18.000000
v 296.941196 71.917897 18.000000
v 291.932807 85.083815 18.000000
v 287.033693 93.162291 18.000000
v 279.653146 102.647255 18.000000
v 273.207399 109.629172 18.000000
v 265.017464 116.460212 18.000000
v 263.001470 117.497924 18.000000
v 260.944418 118.171103 18.000000
v 258.801828 118.402066 18.000000
v 256.686089 118.100610 18.000000
v 254.708841 117.260821 18.000000
v 252.985235 115.973840 18.000000
v 251.536017 114.351948 18.000000
v 250.353317 112.512873 18.000000
v 248.561620 108.285815 18.000000
v 247.256257 103.010024 18.000000
v 245.944282 89.194969 18.000000
v 246.265684 71.205172 18.000000
v 246.279747 71.002397 23.000000
v 245.967314 89.855661 23.000000
v 247.768255 105.439556 23.000000
v 249.764051 111.359220 23.000000
v 251.080254 113.708149 23.000000
v 252.604726 115.602970 23.000000
v 254.316791 117.018888 23.000000
v 256.181489 117.941930 23.000000
v 258.156519 118.369173 23.000000
v 260.203032 118.307979 23.000000
v 262.296215 117.775366 23.000000
v 264.431312 116.797000 23.000000
v 268.882662 113.637805 23.000000
v 278.830583 103.593464 23.000000
v 288.824254 90.461673 23.000000
v 295.780003 75.950813 23.000000
v 298.699799 61.211404 23.000000
v 298.902813 47.119601 23.000000
v 297.533098 34.401308 23.000000
v 294.451004 22.688021 23.000000
v 289.023832 10.867492 23.000000
v 282.346381 0.670383 23.000000
v 279.245120 -2.658559 23.000000
v 277.829559 -3.756316 23.000000
v 57.787115 236.625107 18.000000
v 51.314834 234.217058 18.000000
v 43.769737 230.342437 18.000000
v 35.286905 224.635429 18.000000
v 27.941582 217.963560 18.000000
v 22.188621 211.014016 18.000000
v 19.977500 207.395662 18.000000
v 18.478949 203.552317 18.000000
v 18.081112 201.521921 18.000000
v 17.955657 199.418608 18.000000
v 18.121458 197.253124 18.000000
v 18.588204 195.044304 18.000000
v 20.418803 190.597033 18.000000
v 23.349014 186.293653 18.000000
v 31.481547 178.802629 18.000000
v 40.486503 173.229866 18.000000
v 49.179738 169.390516 18.000000
v 58.727903 166.769845 18.000000
v 82.591479 163.986516 18.000000
v 95.417998 164.204002 18.000000
v 108.152643 166.150190 18.000000
v 120.240691 169.847916 18.000000
v 130.583967 174.638797 18.000000
v 138.344170 180.211676 18.000000
v 141.260061 183.513150 18.000000
v 143.566259 187.298200 18.000000
v 145.199112 191.543748 18.000000
v 146.018932 196.103864 18.000000
v 145.883573 200.781037 18.000000
v 144.727741 205.404829 18.000000
v 142.598998 209.874237 18.000000
v 139.624432 214.141926 18.000000
v 131.750314 221.975543 18.000000
v 122.173478 228.657225 18.000000
v 111.912971 233.885422 18.000000
v 102.170118 237.479656 18.000000
v 93.420549 239.529290 18.000000
v 75.025579 240.117057 18.000000
v 65.582858 238.685977 18.000000
v 57.787115 236.625107 23.000000
v 65.582858 238.685977 23.000000
v 75.025579 240.117057 23.000000
v 93.420549 239.529290 23.000000
v 102.170118 237.479656 23.000000
v 111.912971 233.885422 23.000000
v 122.173478 228.657225 23.000000
v 131.750314 221.975543 23.000000
v 139.624432 214.141926 23.000000
v 142.598998 209.874237 23.000000
v 144.727741 205.404829 23.000000
v 145.883573 200.781037 23.000000
v 146.018932 196.103864 23.000000
v 145.199112 191.543748 23.000000
v 143.566259 187.298200 23.000000
v 141.260061 183.513150 23.000000
v 138.344170 180.211676 23.000000
v 130.583967 174.638797 23.000000
v 120.240691 169.847916 23.000000
v 108.152643 166.150190 23.000000
v 95.417998 164.204002 23.000000
v 82.591479 163.986516 23.000000
v 58.727903 166.769845 23.000000
v 49.179738 169.390516 23.000000
v 40.486503 173.229866 23.000000
v 31.481547 178.802629 23.000000
v 23.349014 186.293653 23.000000
v 20.418803 190.597033 23.000000
v 18.588204 195.044304 23.000000
v 18.121458 197.253124 23.000000
v 17.955657 199.418608 23.000000
v 18.081112 201.521921 23.000000
v 18.478949 203.552317 23.000000
v 19.977500 207.395662 23.000000
v 22.188621 211.014016 23.000000
v 27.941582 217.963560 23.000000
v 35.286905 224.635429 23.000000
v 43.769737 230.342437 23.000000
v 51.314834 234.217058 23.000000
v -80.351963 195.389260 18.000000
v -84.139512 189.122128 18.000000
v -88.025818 180.362630 18.000000
v -93.459882 158.887099 18.000000
v -94.472892 148.229891 18.000000
v -94.491526 143.898567 18.000000
v -94.325805 142.189529 18.000000
v -94.010647 140.831919 18.000000
v -93.787857 140.285073 18.000000
v -93.516264 139.821990 18.000000
v -93.191694 139.437516 18.000000
v -92.809934 139.126105 18.000000
v -92.366825 138.882909 18.000000
v -91.858350 138.704533 18.000000
v -90.630432 138.538759 18.000000
v -89.099934 138.640425 18.000000
v -87.247978 139.039549 18.000000
v -82.556069 140.852400 18.000000
v -76.630305 144.079876 18.000000
v -69.714852 148.578610 18.000000
v -54.319106 160.090106 18.000000
v -25.093214 185.164886 18.000000
v -12.668288 197.539028 18.000000
v -2.231229 209.498066 18.000000
v 4.419172 219.197969 18.000000
v 5.233761 220.995850 18.000000
v 5.661819 222.491574 18.000000
v 5.727621 223.122529 18.000000
v 5.693767 223.674613 18.000000
v 5.560000 224.147531 18.000000
v 5.455618 224.354265 18.000000
v 5.326233 224.541178 18.000000
v 5.326233 224.541178 23.000000
v 5.455618 224.354265 23.000000
v 5.560000 224.147531 23.000000
v 5.693767 223.674613 23.000000
v 5.727621 223.122529 23.000000
v 5.661819 222.491574 23.000000
v 5.233761 220.995850 23.000000
v 4.419172 219.197969 23.000000
v -2.231229 209.498066 23.000000
v -12.668288 197.539028 23.000000
v -25.093214 185.164886 23.000000
v -54.319106 160.090106 23.000000
v -69.714852 148.578610 23.000000
v -76.630305 144.079876 23.000000
v -82.556069 140.852400 23.000000
v -87.247978 139.039549 23.000000
v -89.099934 138.640425 23.000000
v -90.630432 138.538759 23.000000
v -91.858350 138.704533 23.000000
v -92.366825 138.882909 23.000000
v -92.809934 139.126105 23.000000
v -93.191694 139.437516 23.000000
v -93.516264 139.821990 23.000000
v -93.787857 140.285073 23.000000
v -94.010647 140.831919 23.000000
v -94.325805 142.189529 23.000000
v -94.491526 143.898567 23.000000
v -94.472892 148.229891 23.000000
v -93.459882 158.887099 23.000000
v -88.025818 180.362630 23.000000
v -84.139512 189.122128 23.000000
v -80.351963 195.389260 23.000000
v 5.302155 224.768182 18.000000
v 5.239105 224.988231 18.000000
v 5.137078 225.201321 18.000000
v 4.996080 225.407445 18.000000
v 4.597298 225.798753 18.000000
v 4.043331 226.162034 18.000000
v 2.476351 226.803669 18.000000
v 0.321513 227.329769 18.000000
v -12.864527 228.187017 18.000000
v -28.923858 226.853631 18.000000
v -43.147821 223.479042 18.000000
v -54.390554 218.659884 18.000000
v -63.600910 212.610859 18.000000
v -72.029968 204.944600 18.000000
v -72.029968 204.944600 23.000000
v -63.600910 212.610859 23.000000
v -54.390554 218.659884 23.000000
v -43.147821 223.479042 23.000000
v -28.923858 226.853631 23.000000
v -12.864527 228.187017 23.000000
v 0.321513 227.329769 23.000000
v 2.476351 226.803669 23.000000
v 4.043331 226.162034 23.000000
v 4.597298 225.798753 23.000000
v 4.996080 225.407445 23.000000
v 5.137078 225.201321 23.000000
v 5.239105 224.988231 23.000000
v 5.302155 224.768182 23.000000
v -90.834793 -13.225592 18.000000
v -92.873411 -14.482824 18.000000
v -94.937500 -16.292149 18.000000
v -98.913841 -21.423105 18.000000
v -101.858038 -27.680656 18.000000
v -103.105912 -34.131944 18.000000
v -103.105912 -34.131944 23.000000
v -101.858038 -27.680656 23.000000
v -98.913841 -21.423105 23.000000
v -94.937500 -16.292149 23.000000
v -92.873411 -14.482824 23.000000
v -90.834793 -13.225592 23.000000
v -103.062869 -38.083100 18.000000
v -103.355955 -44.246740 18.000000
v -103.387199 -52.634069 18.000000
v -102.303138 -63.012592 18.000000
v -99.505611 -74.604469 18.000000
v -94.895624 -86.185636 18.000000
v -88.863103 -96.543499 18.000000
v -82.230073 -104.955640 18.000000
v -75.969441 -111.401946 18.000000
v -70.581394 -116.371192 18.000000
v -59.621248 -124.532126 18.000000
v -51.925959 -128.319948 18.000000
v -42.350453 -131.487895 18.000000
v -31.640988 -133.384079 18.000000
v -21.162547 -133.388493 18.000000
v -16.464485 -132.535656 18.000000
v -12.316239 -131.071031 18.000000
v -8.794950 -128.992015 18.000000
v -5.925617 -126.317553 18.000000
v -3.694151 -123.083303 18.000000
v -2.061128 -119.336621 18.000000
v -0.382280 -110.525907 18.000000
v -0.479831 -100.344356 18.000000
v -2.063801 -89.235797 18.000000
v -5.088471 -77.575126 18.000000
v -9.720366 -65.676941 18.000000
v -16.153748 -53.864808 18.000000
v -24.408906 -42.547054 18.000000
v -34.215815 -32.250780 18.000000
v -45.098682 -23.557566 18.000000
v -56.532875 -17.003417 18.000000
v -68.098739 -12.981101 18.000000
v -79.562524 -11.697716 18.000000
v -79.562524 -11.697716 23.000000
v -68.098739 -12.981101 23.000000
v -56.532875 -17.003417 23.000000
v -45.098682 -23.557566 23.000000
v -34.215815 -32.250780 23.000000
v -24.408906 -42.547054 23.000000
v -16.153748 -53.864808 23.000000
v -9.720366 -65.676941 23.000000
v -5.088471 -77.575126 23.000000
v -2.063801 -89.235797 23.000000
v -0.479831 -100.344356 23.000000
v -0.382280 -110.525907 23.000000
v -2.061128 -119.336621 23.000000
v -3.694151 -123.083303 23.000000
v -5.925617 -126.317553 23.000000
v -8.794950 -128.992015 23.000000
v -12.316239 -131.071031 23.000000
v -16.464485 -132.535656 23.000000
v -21.162547 -133.388493 23.000000
v -31.640988 -133.384079 23.000000
v -42.350453 -131.487895 23.000000
v -51.925959 -128.319948 23.000000
v -59.621248 -124.532126 23.000000
v -70.581394 -116.371192 23.000000
v -75.969441 -111.401946 23.000000
v -82.230073 -104.955640 23.000000
v -88.863103 -96.543499 23.000000
v -94.895624 -86.185636 23.000000
v -99.505611 -74.604469 23.000000
v -102.303138 -63.012592 23.000000
v -103.387199 -52.634069 23.000000
v -103.355955 -44.246740 23.000000
v -103.062869 -38.083100 23.000000
v 73.383698 -131.305288 18.000000
v 64.500848 -132.258404 18.000000
v 51.349955 -134.722536 18.000000
v 36.898520 -138.713297 18.000000
v 24.685005 -143.899587 18.000000
v 20.079519 -146.801328 18.000000
v 16.610679 -149.841253 18.000000
v 14.297958 -152.985898 18.000000
v 13.572877 -154.592995 18.000000
v 13.133083 -156.224111 18.000000
v 12.976465 -157.881440 18.000000
v 13.099907 -159.567684 18.000000
v 13.498720 -161.285423 18.000000
v 14.165999 -163.036433 18.000000
v 16.263466 -166.637337 18.000000
v 19.276161 -170.348235 18.000000
v 27.415010 -177.872964 18.000000
v 37.317590 -185.010766 18.000000
v 48.199052 -191.127818 18.000000
v 59.924699 -195.711853 18.000000
v 72.544007 -198.368832 18.000000
v 85.768877 -198.804853 18.000000
v 98.853208 -196.898744 18.000000
v 110.903597 -192.872415 18.000000
v 121.243044 -187.435797 18.000000
v 129.659624 -181.550088 18.000000
v 142.554664 -169.574339 18.000000
v 147.808275 -162.550860 18.000000
v 149.612080 -158.826280 18.000000
v 150.163350 -156.972413 18.000000
v 150.431085 -155.150921 18.000000
v 150.388950 -153.379752 18.000000
v 150.023416 -151.673373 18.000000
v 149.334898 -150.042071 18.000000
v 148.336725 -148.492036 18.000000
v 145.511600 -145.644487 18.000000
v 141.805457 -143.125097 18.000000
v 123.364796 -135.712227 18.000000
v 104.481715 -131.759271 18.000000
v 85.218987 -131.281963 18.000000
v 73.383698 -131.305288 23.000000
v 85.218987 -131.281963 23.000000
v 104.481715 -131.759271 23.000000
v 123.364796 -135.712227 23.000000
v 141.805457 -143.125097 23.000000
v 145.511600 -145.644487 23.000000
v 148.336725 -148.492036 23.000000
v 149.334898 -150.042071 23.000000
v 150.023416 -151.673373 23.000000
v 150.388950 -153.379752 23.000000
v 150.431085 -155.150921 23.000000
v 150.163350 -156.972413 23.000000
v 149.612080 -158.826280 23.000000
v 147.808275 -162.550860 23.000000
v 142.554664 -169.574339 23.000000
v 129.659624 -181.550088 23.000000
v 121.243044 -187.435797 23.000000
v 110.903597 -192.872415 23.000000
v 98.853208 -196.898744 23.000000
v 85.768877 -198.804853 23.000000
v 72.544007 -198.368832 23.000000
v 59.924699 -195.711853 23.000000
v 48.199052 -191.127818 23.000000
v 37.317590 -185.010766 23.000000
v 27.415010 -177.872964 23.000000
v 19.276161 -170.348235 23.000000
v 16.263466 -166.637337 23.000000
v 14.165999 -163.036433 23.000000
v 13.498720 -161.285423 23.000000
v 13.099907 -159.567684 23.000000
v 12.976465 -157.881440 23.000000
v 13.133083 -156.224111 23.000000
v 13.572877 -154.592995 23.000000
v 14.297958 -152.985898 23.000000
v 16.610679 -149.841253 23.000000
v 20.079519 -146.801328 23.000000
v 24.685005 -143.899587 23.000000
v 36.898520 -138.713297 23.000000
v 51.349955 -134.722536 23.000000
v 64.500848 -132.258404 23.000000
v -101.779346 6.167219 18.000000
v -100.125064 11.126864 18.000000
v -97.469121 18.578283 18.000000
v -93.016058 34.339649 18.000000
v -91.393088 43.390096 18.000000
v -89.508995 55.162499 18.000000
v -87.523525 80.670673 18.000000
v -88.139516 91.126050 18.000000
v -89.318789 100.031859 18.000000
v -91.293703 107.825572 18.000000
v -92.811470 111.191479 18.000000
v -94.695789 113.951134 18.000000
v -95.743450 115.022444 18.000000
v -96.837672 115.853733 18.000000
v -97.960386 116.434353 18.000000
v -99.095899 116.770968 18.000000
v -100.232249 116.885451 18.000000
v -101.361918 116.808320 18.000000
v -103.597351 116.198798 18.000000
v -108.177710 113.643330 18.000000
v -113.314153 109.630941 18.000000
v -113.314153 109.630941 23.000000
v -108.177710 113.643330 23.000000
v -103.597351 116.198798 23.000000
v -101.361918 116.808320 23.000000
v -100.232249 116.885451 23.000000
v -99.095899 116.770968 23.000000
v -97.960386 116.434353 23.000000
v -96.837672 115.853733 23.000000
v -95.743450 115.022444 23.000000
v -94.695789 113.951134 23.000000
v -92.811470 111.191479 23.000000
v -91.293703 107.825572 23.000000
v -89.318789 100.031859 23.000000
v -88.139516 91.126050 23.000000
v -87.523525 80.670673 23.000000
v -89.508995 55.162499 23.000000
v -91.393088 43.390096 23.000000
v -93.016058 34.339649 23.000000
v -97.469121 18.578283 23.000000
v -100.125064 11.126864 23.000000
v -101.779346 6.167219 23.000000
v -124.851106 98.310892 18.000000
v -130.600221 90.670161 18.000000
v -134.995544 81.472473 18.000000
v -140.797986 60.989693 18.000000
v -141.730433 49.828719 18.000000
v -140.691865 37.939146 18.000000
v -138.125225 26.227892 18.000000
v -134.413795 15.765450 18.000000
v -129.634733 7.071455 18.000000
v -124.529460 -0.049424 18.000000
v -119.870465 -5.391774 18.000000
v -118.695631 -6.239000 18.000000
v -117.473316 -6.812958 18.000000
v -116.190284 -7.083589 18.000000
v -114.841010 -7.029347 18.000000
v -113.425026 -6.635358 18.000000
v -111.944150 -5.891510 18.000000
v -108.795476 -3.329067 18.000000
v -108.795476 -3.329067 23.000000
v -111.944150 -5.891510 23.000000
v -113.425026 -6.635358 23.000000
v -114.841010 -7.029347 23.000000
v -116.190284 -7.083589 23.000000
v -117.473316 -6.812958 23.000000
v -118.695631 -6.239000 23.000000
v -119.870465 -5.391774 23.000000
v -124.529460 -0.049424 23.000000
v -129.634733 7.071455 23.000000
v -134.413795 15.765450 23.000000
v -138.125225 26.227892 23.000000
v -140.691865 37.939146 23.000000
v -141.730433 49.828719 23.000000
v -140.797986 60.989693 23.000000
v -134.995544 81.472473 23.000000
v -130.600221 90.670161 23.000000
v -124.851106 98.310892 23.000000
v -55.188269 114.093359 18.000000
v -61.695506 97.003490 18.000000
v -64.452036 85.878756 18.000000
v -65.562665 75.332869 18.000000
v -64.557495 60.546851 18.000000
v -62.715158 52.151006 18.000000
v -58.899058 42.623242 18.000000
v -53.748125 34.061256 18.000000
v -47.307800 26.552688 18.000000
v -39.130626 19.902778 18.000000
v -29.025515 14.810118 18.000000
v -17.322675 11.832678 18.000000
v -5.071200 11.137296 18.000000
v 7.293532 13.060451 18.000000
v 20.164521 18.085647 18.000000
v 33.085899 26.023776 18.000000
v 44.867868 36.387548 18.000000
v 54.662607 49.097661 18.000000
v 62.026832 63.767616 18.000000
v 66.629888 78.991067 18.000000
v 68.371260 93.595564 18.000000
v 67.446738 107.933871 18.000000
v 63.654877 122.462394 18.000000
v 60.379869 129.514715 18.000000
v 56.008099 136.147199 18.000000
v 50.488776 142.177893 18.000000
v 43.870001 147.481864 18.000000
v 36.274325 151.954092 18.000000
v 27.863346 155.458239 18.000000
v 18.802650 157.776325 18.000000
v 9.241072 158.593484 18.000000
v -0.671139 157.578267 18.000000
v -10.747574 154.503712 18.000000
v -20.730155 149.370280 18.000000
v -30.254971 142.525846 18.000000
v -46.059300 126.830840 18.000000
v -51.527215 119.783238 18.000000
v -55.188269 114.093359 23.000000
v -51.527215 119.783238 23.000000
v -46.059300 126.830840 23.000000
v -30.254971 142.525846 23.000000
v -20.730155 149.370280 23.000000
v -10.747574 154.503712 23.000000
v -0.671139 157.578267 23.000000
v 9.241072 158.593484 23.000000
v 18.802650 157.776325 23.000000
v 27.863346 155.458239 23.000000
v 36.274325 151.954092 23.000000
v 43.870001 147.481864 23.000000
v 50.488776 142.177893 23.000000
v 56.008099 136.147199 23.000000
v 60.379869 129.514715 23.000000
v 63.654877 122.462394 23.000000
v 67.446738 107.933871 23.000000
v 68.371260 93.595564 23.000000
v 66.629888 78.991067 23.000000
v 62.026832 63.767616 23.000000
v 54.662607 49.097661 23.000000
v 44.867868 36.387548 23.000000
v 33.085899 26.023776 23.000000
v 20.164521 18.085647 23.000000
v 7.293532 13.060451 23.000000
v -5.071200 11.137296 23.000000
v -17.322675 11.832678 23.000000
v -29.025515 14.810118 23.000000
v -39.130626 19.902778 23.000000
v -47.307800 26.552688 23.000000
v -53.748125 34.061256 23.000000
v -58.899058 42.623242 23.000000
v -62.715158 52.151006 23.000000
v -64.557495 60.546851 23.000000
v -65.562665 75.332869 23.000000
v -64.452036 85.878756 23.000000
v -61.695506 97.003490 23.000000
v 95.504428 102.441071 18.000000
v 95.723488 91.013067 18.000000
v 98.278495 76.763687 18.000000
v 104.356560 61.160190 18.000000
v 114.085413 46.067263 18.000000
v 126.519106 33.036999 18.000000
v 140.437224 23.162893 18.000000
v 155.047278 17.012368 18.000000
v 169.968262 14.704948 18.000000
v 184.747358 16.085564 18.000000
v 198.558688 20.884602 18.000000
v 204.789898 24.478695 18.000000
v 210.421113 28.830532 18.000000
v 215.367846 33.916226 18.000000
v 219.570896 39.704069 18.000000
v 225.625928 53.132771 18.000000
v 228.558088 68.171792 18.000000
v 228.664200 83.231116 18.000000
v 226.579710 96.753292 18.000000
v 223.219269 108.031649 18.000000
v 219.186745 117.479372 18.000000
v 213.944879 126.315761 18.000000
v 206.453842 135.553975 18.000000
v 196.773114 144.786849 18.000000
v 185.787367 152.623596 18.000000
v 173.831612 158.059856 18.000000
v 160.599969 160.850566 18.000000
v 146.320137 160.877819 18.000000
v 132.265914 157.815522 18.000000
v 125.818832 155.047499 18.000000
v 119.960870 151.473234 18.000000
v 114.774400 147.163650 18.000000
v 110.293906 142.241008 18.000000
v 103.413518 131.321958 18.000000
v 99.025079 120.646003 18.000000
v 96.591458 111.478242 18.000000
v 95.504428 102.441071 23.000000
v 96.591458 111.478242 23.000000
v 99.025079 120.646003 23.000000
v 103.413518 131.321958 23.000000
v 110.293906 142.241008 23.000000
v 114.774400 147.163650 23.000000
v 119.960870 151.473234 23.000000
v 125.818832 155.047499 23.000000
v 132.265914 157.815522 23.000000
v 146.320137 160.877819 23.000000
v 160.599969 160.850566 23.000000
v 173.831612 158.059856 23.000000
v 185.787367 152.623596 23.000000
v 196.773114 144.786849 23.000000
v 206.453842 135.553975 23.000000
v 213.944879 126.315761 23.000000
v 219.186745 117.479372 23.000000
v 223.219269 108.031649 23.000000
v 226.579710 96.753292 23.000000
v 228.664200 83.231116 23.000000
v 228.558088 68.171792 23.000000
v 225.625928 53.132771 23.000000
v 219.570896 39.704069 23.000000
v 215.367846 33.916226 23.000000
v 210.421113 28.830532 23.000000
v 204.789898 24.478695 23.000000
v 198.558688 20.884602 23.000000
v 184.747358 16.085564 23.000000
v 169.968262 14.704948 23.000000
v 155.047278 17.012368 23.000000
v 140.437224 23.162893 23.000000
v 126.519106 33.036999 23.000000
v 114.085413 46.067263 23.000000
v 104.356560 61.160190 23.000000
v 98.278495 76.763687 23.000000
v 95.723488 91.013067 23.000000
v 152.650091 224.157253 18.000000
v 152.432752 223.738261 18.000000
v 152.271277 223.285351 18.000000
v 152.115918 222.277797 18.000000
v 152.183697 221.134878 18.000000
v 152.473418 219.857566 18.000000
v 153.706096 216.909606 18.000000
v 155.765171 213.471391 18.000000
v 161.961020 205.428840 18.000000
v 170.000364 196.530408 18.000000
v 187.465654 179.255813 18.000000
v 204.433190 164.295016 18.000000
v 221.557281 150.953586 18.000000
v 237.290784 140.625468 18.000000
v 243.738925 137.670655 18.000000
v 246.424616 136.921008 18.000000
v 248.615056 136.680887 18.000000
v 249.485049 136.745424 18.000000
v 250.193014 136.921364 18.000000
v 250.745434 137.191956 18.000000
v 251.164853 137.533406 18.000000
v 251.742878 138.320099 18.000000
v 252.140006 139.125465 18.000000
v 252.140006 139.125465 23.000000
v 251.742878 138.320099 23.000000
v 251.164853 137.533406 23.000000
v 250.745434 137.191956 23.000000
v 250.193014 136.921364 23.000000
v 249.485049 136.745424 23.000000
v 248.615056 136.680887 23.000000
v 246.424616 136.921008 23.000000
v 243.738925 137.670655 23.000000
v 237.290784 140.625468 23.000000
v 221.557281 150.953586 23.000000
v 204.433190 164.295016 23.000000
v 187.465654 179.255813 23.000000
v 170.000364 196.530408 23.000000
v 161.961020 205.428840 23.000000
v 155.765171 213.471391 23.000000
v 153.706096 216.909606 23.000000
v 152.473418 219.857566 23.000000
v 152.183697 221.134878 23.000000
v 152.115918 222.277797 23.000000
v 152.271277 223.285351 23.000000
v 152.432752 223.738261 23.000000
v 152.650091 224.157253 23.000000
v 210.668743 217.702596 18.000000
v 193.846015 223.738545 18.000000
v 175.207110 226.156720 18.000000
v 158.740678 225.525215 18.000000
v 153.956007 224.794502 18.000000
v 152.847118 224.456499 18.000000
v 152.712144 224.377880 18.000000
v 152.666099 224.339516 18.000000
v 152.634344 224.301787 18.000000
v 152.623823 224.283161 18.000000
v 152.616872 224.264695 18.000000
v 152.613491 224.246389 18.000000
v 152.613678 224.228242 18.000000
v 152.617431 224.210255 18.000000
v 152.624752 224.192428 18.000000
v 152.635639 224.174761 18.000000
v 152.635639 224.174761 23.000000
v 152.624752 224.192428 23.000000
v 152.617431 224.210255 23.000000
v 152.613678 224.228242 23.000000
v 152.613491 224.246389 23.000000
v 152.616872 224.264695 23.000000
v 152.623823 224.283161 23.000000
v 152.634344 224.301787 23.000000
v 152.666099 224.339516 23.000000
v 152.712144 224.377880 23.000000
v 152.847118 224.456499 23.000000
v 153.956007 224.794502 23.000000
v 158.740678 225.525215 23.000000
v 175.207110 226.156720 23.000000
v 193.846015 223.738545 23.000000
v 210.668743 217.702596 23.000000
v 251.514826 154.911400 18.000000
v 249.423464 166.674970 18.000000
v 245.869989 178.111511 18.000000
v 241.374407 187.829929 18.000000
v 235.313247 197.117590 18.000000
v 228.647427 204.668530 18.000000
v 218.886765 212.605997 18.000000
v 214.154142 215.888069 18.000000
v 214.154142 215.888069 23.000000
v 218.886765 212.605997 23.000000
v 228.647427 204.668530 23.000000
v 235.313247 197.117590 23.000000
v 241.374407 187.829929 23.000000
v 245.869989 178.111511 23.000000
v 249.423464 166.674970 23.000000
v 251.514826 154.911400 23.000000
v 36.421260 7.453517 18.000000
v 28.484166 -0.834910 18.000000
v 20.045835 -13.144078 18.000000
v 16.542109 -20.766012 18.000000
v 14.020234 -29.187358 18.000000
v 12.727637 -38.186126 18.000000
v 12.775050 -47.489047 18.000000
v 14.161284 -56.796373 18.000000
v 16.800673 -65.807137 18.000000
v 20.550733 -74.244494 18.000000
v 25.239541 -81.880984 18.000000
v 30.692929 -88.563552 18.000000
v 36.754146 -94.227005 18.000000
v 50.168657 -102.586278 18.000000
v 64.554227 -107.513367 18.000000
v 79.106082 -109.653417 18.000000
v 93.074858 -109.298815 18.000000
v 105.837483 -106.603025 18.000000
v 117.013354 -101.971495 18.000000
v 126.545813 -95.993545 18.000000
v 134.726396 -88.857733 18.000000
v 141.972934 -80.156000 18.000000
v 148.189050 -69.558271 18.000000
v 152.487205 -57.376655 18.000000
v 153.967005 -44.351201 18.000000
v 152.597887 -31.231697 18.000000
v 148.973825 -18.616311 18.000000
v 143.351923 -6.969084 18.000000
v 135.340490 3.341849 18.000000
v 124.723489 11.996955 18.000000
v 112.241779 18.684955 18.000000
v 99.178983 23.096168 18.000000
v 86.314293 24.943980 18.000000
v 73.617770 24.121078 18.000000
v 61.334908 21.087699 18.000000
v 50.844719 17.023154 18.000000
v 43.104491 12.772793 18.000000
v 36.421260 7.453517 23.000000
v 43.104491 12.772793 23.000000
v 50.844719 17.023154 23.000000
v 61.334908 21.087699 23.000000
v 73.617770 24.121078 23.000000
v 86.314293 24.943980 23.000000
v 99.178983 23.096168 23.000000
v 112.241779 18.684955 23.000000
v 124.723489 11.996955 23.000000
v 135.340490 3.341849 23.000000
v 143.351923 -6.969084 23.000000
v 148.973825 -18.616311 23.000000
v 152.597887 -31.231697 23.000000
v 153.967005 -44.351201 23.000000
v 152.487205 -57.376655 23.000000
v 148.189050 -69.558271 23.000000
v 141.972934 -80.156000 23.000000
v 134.726396 -88.857733 23.000000
v 126.545813 -95.993545 23.000000
v 117.013354 -101.971495 23.000000
v 105.837483 -106.603025 23.000000
v 93.074858 -109.298815 23.000000
v 79.106082 -109.653417 23.000000
v 64.554227 -107.513367 23.000000
v 50.168657 -102.586278 23.000000
v 36.754146 -94.227005 23.000000
v 30.692929 -88.563552 23.000000
v 25.239541 -81.880984 23.000000
v 20.550733 -74.244494 23.000000
v 16.800673 -65.807137 23.000000
v 14.161284 -56.796373 23.000000
v 12.775050 -47.489047 23.000000
v 12.727637 -38.186126 23.000000
v 14.020234 -29.187358 23.000000
v 16.542109 -20.766012 23.000000
v 20.045835 -13.144078 23.000000
v 28.484166 -0.834910 23.000000
v 244.282733 254.102366 18.000000
v 250.718105 256.390931 18.000000
v 254.583995 258.333533 18.000000
v 258.293336 261.032428 18.000000
v 261.248174 264.480575 18.000000
v 263.109652 268.287479 18.000000
v 264.601068 273.833465 18.000000
v 265.641545 274.340539 18.000000
v 267.001077 275.235468 18.000000
v 270.513497 278.047759 18.000000
v 277.290123 284.901905 18.000000
v 279.223234 288.266963 18.000000
v 280.501122 292.112890 18.000000
v 281.185756 295.782128 18.000000
v 281.245608 297.221374 18.000000
v 281.102374 298.321168 18.000000
v 284.555916 300.983930 18.000000
v 287.311520 303.943827 18.000000
v 289.333162 307.177323 18.000000
v 290.618848 310.581149 18.000000
v 291.253734 313.927311 18.000000
v 291.385012 316.918978 18.000000
v 291.147720 319.320787 18.000000
v 290.916382 320.269081 18.000000
v 290.615582 321.047166 18.000000
v 295.180524 327.063223 18.000000
v 297.100250 330.115754 18.000000
v 298.487804 333.420551 18.000000
v 299.107189 337.045844 18.000000
v 298.972502 340.616860 18.000000
v 298.312191 343.469089 18.000000
v 297.848656 344.476912 18.000000
v 297.588539 344.867608 18.000000
v 297.310062 345.182528 18.000000
v 300.185168 348.749427 18.000000
v 302.177764 352.420559 18.000000
v 303.254643 356.166618 18.000000
v 303.445279 359.895562 18.000000
v 302.897823 363.435120 18.000000
v 301.819770 366.588745 18.000000
v 300.379759 369.225779 18.000000
v 298.660703 371.314490 18.000000
v 300.787996 375.637167 18.000000
v 301.959541 380.677261 18.000000
v 301.985739 383.423677 18.000000
v 301.493251 386.248432 18.000000
v 300.433372 389.037660 18.000000
v 298.857670 391.621109 18.000000
v 296.892464 393.812343 18.000000
v 294.678820 395.473927 18.000000
v 292.315644 396.578916 18.000000
v 289.839716 397.215427 18.000000
v 278.694710 397.446452 18.000000
v 278.710061 397.487159 18.000000
v 278.718093 397.533909 18.000000
v 278.712189 397.645541 18.000000
v 278.676982 397.781333 18.000000
v 278.612476 397.941212 18.000000
v 278.063741 398.815711 18.000000
v 275.694581 401.455196 18.000000
v 272.168718 404.324997 18.000000
v 270.206768 405.456191 18.000000
v 268.196551 406.271864 18.000000
v 264.082595 407.041509 18.000000
v 259.747327 407.145860 18.000000
v 249.978914 407.135831 18.000000
v 249.936088 407.477223 18.000000
v 249.836955 407.819821 18.000000
v 249.468796 408.508337 18.000000
v 248.873303 409.199582 18.000000
v 248.053907 409.888731 18.000000
v 245.806534 411.218068 18.000000
v 242.945753 412.371105 18.000000
v 239.755010 413.200994 18.000000
v 236.466940 413.605260 18.000000
v 233.205316 413.556560 18.000000
v 230.012921 413.066905 18.000000
v 229.511294 413.852223 18.000000
v 228.767078 414.620764 18.000000
v 226.551801 416.115396 18.000000
v 223.452155 417.517728 18.000000
v 219.768741 418.532780 18.000000
v 215.877547 418.768216 18.000000
v 211.932502 418.190832 18.000000
v 203.763512 415.415845 18.000000
v 203.114701 416.391976 18.000000
v 202.246055 417.258780 18.000000
v 201.156301 418.013078 18.000000
v 199.848356 418.649661 18.000000
v 196.638032 419.540404 18.000000
v 192.842527 419.862441 18.000000
v 188.773291 419.548395 18.000000
v 184.690022 418.567543 18.000000
v 180.727171 416.942185 18.000000
v 176.926868 414.711163 18.000000
v 175.139618 415.474016 18.000000
v 172.795626 416.019430 18.000000
v 166.749043 416.208035 18.000000
v 163.436726 415.641094 18.000000
v 160.198519 414.518514 18.000000
v 157.130725 412.830483 18.000000
v 154.259594 410.600518 18.000000
v 145.437330 411.291738 18.000000
v 141.921872 410.728544 18.000000
v 138.897412 409.536251 18.000000
v 136.142565 407.748893 18.000000
v 133.420392 405.426229 18.000000
v 127.599121 399.404025 18.000000
v 118.555700 399.404025 18.000000
v 116.474336 398.155836 18.000000
v 113.662164 395.973435 18.000000
v 106.667231 389.469255 18.000000
v 95.556743 375.007960 18.000000
v 86.105598 357.196437 18.000000
v 83.527693 349.280918 18.000000
v 82.088401 344.654017 18.000000
v 79.829459 351.864107 18.000000
v 76.173424 360.642953 18.000000
v 67.173819 377.401360 18.000000
v 54.662516 392.318703 18.000000
v 49.071988 396.828384 18.000000
v 45.210037 399.404025 18.000000
v 36.449228 399.404025 18.000000
v 31.653873 404.408606 18.000000
v 28.151566 407.695700 18.000000
v 24.301913 410.145787 18.000000
v 22.293256 410.886383 18.000000
v 20.240192 411.319346 18.000000
v 16.150882 411.473002 18.000000
v 12.569321 411.063605 18.000000
v 9.964427 410.399231 18.000000
v 3.717311 414.199245 18.000000
v 0.478550 415.413464 18.000000
v -2.734122 416.072865 18.000000
v -5.797160 416.153943 18.000000
v -8.616373 415.797874 18.000000
v -13.390353 414.652851 18.000000
v -23.391547 419.174893 18.000000
v -27.225136 419.926601 18.000000
v -30.534223 419.840070 18.000000
v -33.497419 419.178811 18.000000
v -35.975610 418.160673 18.000000
v -37.949606 416.904834 18.000000
v -39.634383 415.455420 18.000000
v -45.720899 417.706877 18.000000
v -49.499804 418.509597 18.000000
v -54.191448 418.632797 18.000000
v -58.698115 417.914709 18.000000
v -60.452287 417.277372 18.000000
v -61.848255 416.511870 18.000000
v -66.600726 413.127968 18.000000
v -75.285545 413.061475 18.000000
v -78.478915 412.519696 18.000000
v -80.897672 411.652845 18.000000
v -86.343942 407.188952 18.000000
v -96.013162 407.443396 18.000000
v -100.291474 406.891524 18.000000
v -104.296185 405.756745 18.000000
v -108.065452 403.995081 18.000000
v -111.359320 401.802765 18.000000
v -113.716036 399.567663 18.000000
v -114.436179 398.528169 18.000000
v -114.835168 397.558115 18.000000
v -117.945939 398.002514 18.000000
v -120.999311 398.028166 18.000000
v -123.983765 397.628957 18.000000
v -126.870724 396.800815 18.000000
v -129.606359 395.547839 18.000000
v -132.105508 393.888802 18.000000
v -134.261036 391.860743 18.000000
v -135.968074 389.519925 18.000000
v -137.150740 386.943395 18.000000
v -137.788704 384.230954 18.000000
v -137.924825 381.500735 18.000000
v -137.641767 378.873827 18.000000
v -137.032409 376.456257 18.000000
v -136.172200 374.321491 18.000000
v -135.105177 372.504840 18.000000
v -133.850214 371.016232 18.000000
v -133.990261 370.999740 18.000000
v -134.140272 370.953792 18.000000
v -134.470116 370.773413 18.000000
v -135.245409 370.059240 18.000000
v -137.122674 367.292654 18.000000
v -138.820520 363.172936 18.000000
v -139.313292 360.847201 18.000000
v -139.457408 358.480049 18.000000
v -139.238987 356.157552 18.000000
v -138.700185 353.947856 18.000000
v -136.980747 350.059860 18.000000
v -134.940867 347.062128 18.000000
v -132.922627 345.017502 18.000000
v -133.178337 344.807550 18.000000
v -133.424154 344.494448 18.000000
v -133.883579 343.559347 18.000000
v -134.601348 340.526660 18.000000
v -134.733456 336.379127 18.000000
v -133.850214 331.919901 18.000000
v -131.931712 327.855568 18.000000
v -129.570514 324.527846 18.000000
v -126.220732 320.289821 18.000000
v -126.389982 320.017357 18.000000
v -126.531350 319.681411 18.000000
v -126.729619 318.818397 18.000000
v -126.778361 316.342031 18.000000
v -125.401818 309.254316 18.000000
v -123.945563 305.571844 18.000000
v -121.978145 302.397602 18.000000
v -119.528558 299.933982 18.000000
v -116.630089 298.219788 18.000000
v -116.463244 293.285238 18.000000
v -115.365915 288.803239 18.000000
v -113.347474 284.817561 18.000000
v -110.558808 281.384199 18.000000
v -104.379261 276.344215 18.000000
v -100.337552 273.838757 18.000000
v -98.930320 268.642446 18.000000
v -96.854728 264.319437 18.000000
v -94.124054 260.908023 18.000000
v -90.864572 258.392360 18.000000
v -84.183446 255.370524 18.000000
v -79.769668 253.617523 18.000000
v -78.252780 249.269337 18.000000
v -76.093838 245.741732 18.000000
v -73.312642 243.057564 18.000000
v -70.048669 241.167347 18.000000
v -63.478274 238.943022 18.000000
v -59.086234 237.324985 18.000000
v -74.032533 227.861487 18.000000
v -87.102501 216.471503 18.000000
v -97.926854 203.264408 18.000000
v -105.945128 188.635249 18.000000
v -110.948721 173.131440 18.000000
v -113.476259 157.695135 18.000000
v -114.427912 144.817211 18.000000
v -114.552896 140.443064 18.000000
v -114.508659 137.796973 18.000000
v -118.804737 129.335002 18.000000
v -119.181539 129.363421 18.000000
v -119.613161 129.307455 18.000000
v -120.640661 128.942445 18.000000
v -123.344381 127.205519 18.000000
v -131.058549 119.915686 18.000000
v -140.499795 108.579835 18.000000
v -149.377844 95.095161 18.000000
v -155.775019 81.368593 18.000000
v -159.217702 68.596606 18.000000
v -160.701743 46.678818 18.000000
v -158.403120 27.045712 18.000000
v -151.909076 7.612305 18.000000
v -142.533108 -8.783531 18.000000
v -138.232505 -14.150945 18.000000
v -135.598495 -16.992005 18.000000
v -135.123092 -20.378482 18.000000
v -133.961259 -25.503200 18.000000
v -130.111741 -39.014636 18.000000
v -125.769760 -52.034900 18.000000
v -122.291334 -61.358830 18.000000
v -119.865944 -76.139166 18.000000
v -114.569230 -90.809554 18.000000
v -106.901623 -104.816899 18.000000
v -97.770590 -117.283576 18.000000
v -87.403925 -127.936232 18.000000
v -75.791843 -136.959787 18.000000
v -64.808785 -143.567472 18.000000
v -60.415745 -145.544645 18.000000
v -56.980293 -146.530332 18.000000
v -51.430623 -151.442394 18.000000
v -44.253314 -156.858448 18.000000
v -25.879596 -168.588261 18.000000
v -7.212019 -178.498828 18.000000
v 0.091697 -181.546073 18.000000
v 5.588949 -183.087642 18.000000
v 24.833881 -200.496232 18.000000
v 35.565512 -207.050265 18.000000
v 47.014938 -212.136593 18.000000
v 71.750689 -217.853951 18.000000
v 97.621645 -217.463063 18.000000
v 110.097125 -214.865662 18.000000
v 121.624846 -210.792139 18.000000
v 131.705055 -205.713440 18.000000
v 139.943978 -200.424592 18.000000
v 151.242324 -191.412213 18.000000
v 160.078735 -183.087642 18.000000
v 180.148654 -174.403066 18.000000
v 196.867085 -164.735944 18.000000
v 210.548832 -155.108437 18.000000
v 222.120708 -146.881844 18.000000
v 236.178923 -140.036081 18.000000
v 249.387797 -130.222232 18.000000
v 261.360089 -117.941684 18.000000
v 271.283116 -104.682295 18.000000
v 278.365878 -92.259203 18.000000
v 282.694706 -81.316226 18.000000
v 286.877429 -60.709509 18.000000
v 292.247154 -45.160411 18.000000
v 296.478741 -32.147106 18.000000
v 299.202705 -22.492817 18.000000
v 300.255455 -16.562023 18.000000
v 309.521745 -4.448361 18.000000
v 316.529750 8.235103 18.000000
v 321.305893 21.045071 18.000000
v 323.969722 33.275288 18.000000
v 324.228442 56.654481 18.000000
v 323.089504 66.114558 18.000000
v 321.172665 74.188152 18.000000
v 314.870095 92.689246 18.000000
v 305.134286 108.590183 18.000000
v 294.362862 121.080196 18.000000
v 283.251390 130.053826 18.000000
v 278.786398 138.211024 18.000000
v 278.177267 153.010197 18.000000
v 276.625536 165.689279 18.000000
v 272.860792 180.335461 18.000000
v 266.736828 195.111535 18.000000
v 259.079446 207.427113 18.000000
v 248.855390 218.841276 18.000000
v 235.801568 229.633116 18.000000
v 223.145719 237.557112 18.000000
v 228.019844 238.596702 18.000000
v 232.394114 240.176232 18.000000
v 236.192873 242.270930 18.000000
v 239.285310 244.749256 18.000000
v 241.544459 247.367864 18.000000
v 242.990437 249.883675 18.000000
v 243.838392 252.146880 18.000000
v 223.145719 237.557112 0.000000
v 228.019844 238.596702 0.000000
v 232.394114 240.176232 0.000000
v 236.192873 242.270930 0.000000
v 239.285310 244.749256 0.000000
v 241.544459 247.367864 0.000000
v 242.990437 249.883675 0.000000
v 243.838392 252.146880 0.000000
v 244.282733 254.102366 0.000000
v 278.786398 138.211024 0.000000
v 278.177267 153.010197 0.000000
v 276.625536 165.689279 0.000000
v 272.860792 180.335461 0.000000
v 266.736828 195.111535 0.000000
v 259.079446 207.427113 0.000000
v 248.855390 218.841276 0.000000
v 235.801568 229.633116 0.000000
v 283.251390 130.053826 0.000000
v 300.255455 -16.562023 0.000000
v 309.521745 -4.448361 0.000000
v 316.529750 8.235103 0.000000
v 321.305893 21.045071 0.000000
v 323.969722 33.275288 0.000000
v 324.228442 56.654481 0.000000
v 323.089504 66.114558 0.000000
v 321.172665 74.188152 0.000000
v 314.870095 92.689246 0.000000
v 305.134286 108.590183 0.000000
v 294.362862 121.080196 0.000000
v 286.877429 -60.709509 0.000000
v 292.247154 -45.160411 0.000000
v 296.478741 -32.147106 0.000000
v 299.202705 -22.492817 0.000000
v 222.120708 -146.881844 0.000000
v 236.178923 -140.036081 0.000000
v 249.387797 -130.222232 0.000000
v 261.360089 -117.941684 0.000000
v 271.283116 -104.682295 0.000000
v 278.365878 -92.259203 0.000000
v 282.694706 -81.316226 0.000000
v 160.078735 -183.087642 0.000000
v 180.148654 -174.403066 0.000000
v 196.867085 -164.735944 0.000000
v 210.548832 -155.108437 0.000000
v 5.588949 -183.087642 0.000000
v 24.833881 -200.496232 0.000000
v 35.565512 -207.050265 0.000000
v 47.014938 -212.136593 0.000000
v 71.750689 -217.853951 0.000000
v 97.621645 -217.463063 0.000000
v 110.097125 -214.865662 0.000000
v 121.624846 -210.792139 0.000000
v 131.705055 -205.713440 0.000000
v 139.943978 -200.424592 0.000000
v 151.242324 -191.412213 0.000000
v -56.980293 -146.530332 0.000000
v -51.430623 -151.442394 0.000000
v -44.253314 -156.858448 0.000000
v -25.879596 -168.588261 0.000000
v -7.212019 -178.498828 0.000000
v 0.091697 -181.546073 0.000000
v -122.291334 -61.358830 0.000000
v -119.865944 -76.139166 0.000000
v -114.569230 -90.809554 0.000000
v -106.901623 -104.816899 0.000000
v -97.770590 -117.283576 0.000000
v -87.403925 -127.936232 0.000000
v -75.791843 -136.959787 0.000000
v -64.808785 -143.567472 0.000000
v -60.415745 -145.544645 0.000000
v -135.598495 -16.992005 0.000000
v -135.123092 -20.378482 0.000000
v -133.961259 -25.503200 0.000000
v -130.111741 -39.014636 0.000000
v -125.769760 -52.034900 0.000000
v -118.804737 129.335002 0.000000
v -119.181539 129.363421 0.000000
v -119.613161 129.307455 0.000000
v -120.640661 128.942445 0.000000
v -123.344381 127.205519 0.000000
v -131.058549 119.915686 0.000000
v -140.499795 108.579835 0.000000
v -149.377844 95.095161 0.000000
v -155.775019 81.368593 0.000000
v -159.217702 68.596606 0.000000
v -160.701743 46.678818 0.000000
v -158.403120 27.045712 0.000000
v -151.909076 7.612305 0.000000
v -142.533108 -8.783531 0.000000
v -138.232505 -14.150945 0.000000
v -114.508659 137.796973 0.000000
v -59.086234 237.324985 0.000000
v -74.032533 227.861487 0.000000
v -87.102501 216.471503 0.000000
v -97.926854 203.264408 0.000000
v -105.945128 188.635249 0.000000
v -110.948721 173.131440 0.000000
v -113.476259 157.695135 0.000000
v -114.427912 144.817211 0.000000
v -114.552896 140.443064 0.000000
v -79.769668 253.617523 0.000000
v -78.252780 249.269337 0.000000
v -76.093838 245.741732 0.000000
v -73.312642 243.057564 0.000000
v -70.048669 241.167347 0.000000
v -63.478274 238.943022 0.000000
v -100.337552 273.838757 0.000000
v -98.930320 268.642446 0.000000
v -96.854728 264.319437 0.000000
v -94.124054 260.908023 0.000000
v -90.864572 258.392360 0.000000
v -84.183446 255.370524 0.000000
v -116.630089 298.219788 0.000000
v -116.463244 293.285238 0.000000
v -115.365915 288.803239 0.000000
v -113.347474 284.817561 0.000000
v -110.558808 281.384199 0.000000
v -104.379261 276.344215 0.000000
v -126.220732 320.289821 0.000000
v -126.389982 320.017357 0.000000
v -126.531350 319.681411 0.000000
v -126.729619 318.818397 0.000000
v -126.778361 316.342031 0.000000
v -125.401818 309.254316 0.000000
v -123.945563 305.571844 0.000000
v -121.978145 302.397602 0.000000
v -119.528558 299.933982 0.000000
v -132.922627 345.017502 0.000000
v -133.178337 344.807550 0.000000
v -133.424154 344.494448 0.000000
v -133.883579 343.559347 0.000000
v -134.601348 340.526660 0.000000
v -134.733456 336.379127 0.000000
v -133.850214 331.919901 0.000000
v -131.931712 327.855568 0.000000
v -129.570514 324.527846 0.000000
v -133.850214 371.016232 0.000000
v -133.990261 370.999740 0.000000
v -134.140272 370.953792 0.000000
v -134.470116 370.773413 0.000000
v -135.245409 370.059240 0.000000
v -137.122674 367.292654 0.000000
v -138.820520 363.172936 0.000000
v -139.313292 360.847201 0.000000
v -139.457408 358.480049 0.000000
v -139.238987 356.157552 0.000000
v -138.700185 353.947856 0.000000
v -136.980747 350.059860 0.000000
v -134.940867 347.062128 0.000000
v -114.835168 397.558115 0.000000
v -117.945939 398.002514 0.000000
v -120.999311 398.028166 0.000000
v -123.983765 397.628957 0.000000
v -126.870724 396.800815 0.000000
v -129.606359 395.547839 0.000000
v -132.105508 393.888802 0.000000
v -134.261036 391.860743 0.000000
v -135.968074 389.519925 0.000000
v -137.150740 386.943395 0.000000
v -137.788704 384.230954 0.000000
v -137.924825 381.500735 0.000000
v -137.641767 378.873827 0.000000
v -137.032409 376.456257 0.000000
v -136.172200 374.321491 0.000000
v -135.105177 372.504840 0.000000
v -86.343942 407.188952 0.000000
v -96.013162 407.443396 0.000000
v -100.291474 406.891524 0.000000
v -104.296185 405.756745 0.000000
v -108.065452 403.995081 0.000000
v -111.359320 401.802765 0.000000
v -113.716036 399.567663 0.000000
v -114.436179 398.528169 0.000000
v -66.600726 413.127968 0.000000
v -75.285545 413.061475 0.000000
v -78.478915 412.519696 0.000000
v -80.897672 411.652845 0.000000
v -39.634383 415.455420 0.000000
v -45.720899 417.706877 0.000000
v -49.499804 418.509597 0.000000
v -54.191448 418.632797 0.000000
v -58.698115 417.914709 0.000000
v -60.452287 417.277372 0.000000
v -61.848255 416.511870 0.000000
v -13.390353 414.652851 0.000000
v -23.391547 419.174893 0.000000
v -27.225136 419.926601 0.000000
v -30.534223 419.840070 0.000000
v -33.497419 419.178811 0.000000
v -35.975610 418.160673 0.000000
v -37.949606 416.904834 0.000000
v 9.964427 410.399231 0.000000
v 3.717311 414.199245 0.000000
v 0.478550 415.413464 0.000000
v -2.734122 416.072865 0.000000
v -5.797160 416.153943 0.000000
v -8.616373 415.797874 0.000000
v 36.449228 399.404025 0.000000
v 31.653873 404.408606 0.000000
v 28.151566 407.695700 0.000000
v 24.301913 410.145787 0.000000
v 22.293256 410.886383 0.000000
v 20.240192 411.319346 0.000000
v 16.150882 411.473002 0.000000
v 12.569321 411.063605 0.000000
v 45.210037 399.404025 0.000000
v 82.088401 344.654017 0.000000
v 79.829459 351.864107 0.000000
v 76.173424 360.642953 0.000000
v 67.173819 377.401360 0.000000
v 54.662516 392.318703 0.000000
v 49.071988 396.828384 0.000000
v 118.555700 399.404025 0.000000
v 116.474336 398.155836 0.000000
v 113.662164 395.973435 0.000000
v 106.667231 389.469255 0.000000
v 95.556743 375.007960 0.000000
v 86.105598 357.196437 0.000000
v 83.527693 349.280918 0.000000
v 127.599121 399.404025 0.000000
v 154.259594 410.600518 0.000000
v 145.437330 411.291738 0.000000
v 141.921872 410.728544 0.000000
v 138.897412 409.536251 0.000000
v 136.142565 407.748893 0.000000
v 133.420392 405.426229 0.000000
v 176.926868 414.711163 0.000000
v 175.139618 415.474016 0.000000
v 172.795626 416.019430 0.000000
v 166.749043 416.208035 0.000000
v 163.436726 415.641094 0.000000
v 160.198519 414.518514 0.000000
v 157.130725 412.830483 0.000000
v 203.763512 415.415845 0.000000
v 203.114701 416.391976 0.000000
v 202.246055 417.258780 0.000000
v 201.156301 418.013078 0.000000
v 199.848356 418.649661 0.000000
v 196.638032 419.540404 0.000000
v 192.842527 419.862441 0.000000
v 188.773291 419.548395 0.000000
v 184.690022 418.567543 0.000000
v 180.727171 416.942185 0.000000
v 230.012921 413.066905 0.000000
v 229.511294 413.852223 0.000000
v 228.767078 414.620764 0.000000
v 226.551801 416.115396 0.000000
v 223.452155 417.517728 0.000000
v 219.768741 418.532780 0.000000
v 215.877547 418.768216 0.000000
v 211.932502 418.190832 0.000000
v 249.978914 407.135831 0.000000
v 249.936088 407.477223 0.000000
v 249.836955 407.819821 0.000000
v 249.468796 408.508337 0.000000
v 248.873303 409.199582 0.000000
v 248.053907 409.888731 0.000000
v 245.806534 411.218068 0.000000
v 242.945753 412.371105 0.000000
v 239.755010 413.200994 0.000000
v 236.466940 413.605260 0.000000
v 233.205316 413.556560 0.000000
v 278.694710 397.446452 0.000000
v 278.710061 397.487159 0.000000
v 278.718093 397.533909 0.000000
v 278.712189 397.645541 0.000000
v 278.676982 397.781333 0.000000
v 278.612476 397.941212 0.000000
v 278.063741 398.815711 0.000000
v 275.694581 401.455196 0.000000
v 272.168718 404.324997 0.000000
v 270.206768 405.456191 0.000000
v 268.196551 406.271864 0.000000
v 264.082595 407.041509 0.000000
v 259.747327 407.145860 0.000000
v 298.660703 371.314490 0.000000
v 300.787996 375.637167 0.000000
v 301.959541 380.677261 0.000000
v 301.985739 383.423677 0.000000
v 301.493251 386.248432 0.000000
v 300.433372 389.037660 0.000000
v 298.857670 391.621109 0.000000
v 296.892464 393.812343 0.000000
v 294.678820 395.473927 0.000000
v 292.315644 396.578916 0.000000
v 289.839716 397.215427 0.000000
v 297.310062 345.182528 0.000000
v 300.185168 348.749427 0.000000
v 302.177764 352.420559 0.000000
v 303.254643 356.166618 0.000000
v 303.445279 359.895562 0.000000
v 302.897823 363.435120 0.000000
v 301.819770 366.588745 0.000000
v 300.379759 369.225779 0.000000
v 290.615582 321.047166 0.000000
v 295.180524 327.063223 0.000000
v 297.100250 330.115754 0.000000
v 298.487804 333.420551 0.000000
v 299.107189 337.045844 0.000000
v 298.972502 340.616860 0.000000
v 298.312191 343.469089 0.000000
v 297.848656 344.476912 0.000000
v 297.588539 344.867608 0.000000
v 281.102374 298.321168 0.000000
v 284.555916 300.983930 0.000000
v 287.311520 303.943827 0.000000
v 289.333162 307.177323 0.000000
v 290.618848 310.581149 0.000000
v 291.253734 313.927311 0.000000
v 291.385012 316.918978 0.000000
v 291.147720 319.320787 0.000000
v 290.916382 320.269081 0.000000
v 264.601068 273.833465 0.000000
v 265.641545 274.340539 0.000000
v 267.001077 275.235468 0.000000
v 270.513497 278.047759 0.000000
v 277.290123 284.901905 0.000000
v 279.223234 288.266963 0.000000
v 280.501122 292.112890 0.000000
v 281.185756 295.782128 0.000000
v 281.245608 297.221374 0.000000
v 250.718105 256.390931 0.000000
v 254.583995 258.333533 0.000000
v 258.293336 261.032428 0.000000
v 261.248174 264.480575 0.000000
v 263.109652 268.287479 0.000000
vt 0.000000 0.200000 0.000000
vt 0.571077 0.200000 0.000000
vt 0.000000 1.000000 0.000000
vt 0.571077 1.000000 0.000000
vt 0.713846 0.200000 0.000000
vt 0.713846 1.000000 0.000000
vt 0.856615 0.200000 0.000000
vt 0.856615 1.000000 0.000000
vt 0.999385 0.200000 0.000000
vt 0.999385 1.000000 0.000000
vt 1.142154 0.200000 0.000000
vt 1.142154 1.000000 0.000000
vt 0.000000 0.200000 0.000000
vt 1.627782 0.200000 0.000000
vt 0.000000 1.000000 0.000000
vt 1.627782 1.000000 0.000000
vt 3.255563 0.200000 0.000000
vt 3.255563 1.000000 0.000000
vt 0.000000 0.200000 0.000000
vt 0.422606 0.200000 0.000000
vt 0.000000 1.000000 0.000000
vt 0.422606 1.000000 0.000000
vt 0.845213 0.200000 0.000000
vt 0.845213 1.000000 0.000000
vt 1.267819 0.200000 0.000000
vt 1.267819 1.000000 0.000000
vt 1.479122 0.200000 0.000000
vt 1.479122 1.000000 0.000000
vt 1.584774 0.200000 0.000000
vt 1.584774 1.000000 0.000000
vt 1.690426 0.200000 0.000000
vt 1.690426 1.000000 0.000000
vt 0.000000 0.200000 0.000000
vt 0.848342 0.200000 0.000000
vt 0.000000 1.000000 0.000000
vt 0.848342 1.000000 0.000000
vt 1.696684 0.200000 0.000000
vt 1.696684 1.000000 0.000000
vt 3.393368 0.200000 0.000000
vt 3.393368 1.000000 0.000000
vt 0.000000 0.200000 0.000000
vt 0.538475 0.200000 0.000000
vt 0.000000 1.000000 0.000000
vt 0.538475 1.000000 0.000000
vt 0.807712 0.200000 0.000000
vt 0.807712 1.000000 0.000000
vt 1.076950 0.200000 0.000000
vt 1.076950 1.000000 0.000000
vt 0.000000 0.200000 0.000000
vt 0.897582 0.200000 0.000000
vt 0.000000 1.000000 0.000000
vt 0.897582 1.000000 0.000000
vt 1.795165 0.200000 0.000000
vt 1.795165 1.000000 0.000000
vt 2.692747 0.200000 0.000000
vt 2.692747 1.000000 0.000000
vt 3.141538 0.200000 0.000000
vt 3.141538 1.000000 0.000000
vt 3.590330 0.200000 0.000000
vt 3.590330 1.000000 0.000000
vt 0.000000 0.200000 0.000000
vt 0.218734 0.200000 0.000000
vt 0.000000 1.000000 0.000000
vt 0.218734 1.000000 0.000000
vt 0.437468 0.200000 0.000000
vt 0.437468 1.000000 0.000000
vt 0.874937 0.200000 0.000000
vt 0.874937 1.000000 0.000000
vt 1.312405 0.200000 0.000000
vt 1.312405 1.000000 0.000000
vt 1.531139 0.200000 0.000000
vt 1.531139 1.000000 0.000000
vt 1.640507 0.200000 0.000000
vt 1.640507 1.000000 0.000000
vt 1.749874 0.200000 0.000000
vt 1.749874 1.000000 0.000000
vt 0.000000 0.200000 0.000000
vt 0.102367 0.200000 0.000000
vt 0.000000 1.000000 0.000000
vt 0.102367 1.000000 0.000000
vt 0.204735 0.200000 0.000000
vt 0.204735 1.000000 0.000000
vt 0.409470 0.200000 0.000000
vt 0.409470 1.000000 0.000000
vt 0.818940 0.200000 0.000000
vt 0.818940 1.000000 0.000000
vt 1.637879 0.200000 0.000000
vt 1.637879 1.000000 0.000000
vt 2.456819 0.200000 0.000000
vt 2.456819 1.000000 0.000000
vt 2.866288 0.200000 0.000000
vt 2.866288 1.000000 0.000000
vt 3.275758 0.200000 0.000000
vt 3.275758 1.000000 0.000000
vt 0.000000 0.200000 0.000000
vt 0.197149 0.200000 0.000000
vt 0.000000 1.000000 0.000000
vt 0.197149 1.000000 0.000000
vt 0.394298 0.200000 0.000000
vt 0.394298 1.000000 0.000000
vt 0.591447 0.200000 0.000000
vt 0.591447 1.000000 0.000000
vt 0.690021 0.200000 0.000000
vt 0.690021 1.000000 0.000000
vt 0.739308 0.200000 0.000000
vt 0.739308 1.000000 0.000000
vt 0.788596 0.200000 0.000000
vt 0.788596 1.000000 0.000000
vt 0.813239 0.200000 0.000000
vt 0.813239 1.000000 0.000000
vt 0.837883 0.200000 0.000000
vt 0.837883 1.000000 0.000000
vt 0.862527 0.200000 0.000000
vt 0.862527 1.000000 0.000000
vt 0.887170 0.200000 0.000000
vt 0.887170 1.000000 0.000000
vt 0.911814 0.200000 0.000000
vt 0.911814 1.000000 0.000000
vt 0.936457 0.200000 0.000000
vt 0.936457 1.000000 0.000000
vt 0.985745 0.200000 0.000000
vt 0.985745 1.000000 0.000000
vt 1.084319 0.200000 0.000000
vt 1.084319 1.000000 0.000000
vt 1.182894 0.200000 0.000000
vt 1.182894 1.000000 0.000000
vt 1.380042 0.200000 0.000000
vt 1.380042 1.000000 0.000000
vt 1.577191 0.200000 0.000000
vt 1.577191 1.000000 0.000000
vt 0.000000 0.200000 0.000000
vt 1.407827 0.200000 0.000000
vt 0.000000 1.000000 0.000000
vt 1.407827 1.000000 0.000000
vt 2.815654 0.200000 0.000000
vt 2.815654 1.000000 0.000000
vt 0.000000 0.200000 0.000000
vt 0.510185 0.200000 0.000000
vt 0.000000 1.000000 0.000000
vt 0.510185 1.000000 0.000000
vt 1.020369 0.200000 0.000000
vt 1.020369 1.000000 0.000000
vt 0.000000 0.200000 0.000000
vt 0.240636 0.200000 0.000000
vt 0.000000 1.000000 0.000000
vt 0.240636 1.000000 0.000000
vt 0.481273 0.200000 0.000000
vt 0.481273 1.000000 0.000000
vt 0.962546 0.200000 0.000000
vt 0.962546 1.000000 0.000000
vt 1.925092 0.200000 0.000000
vt 1.925092 1.000000 0.000000
vt 2.887638 0.200000 0.000000
vt 2.887638 1.000000 0.000000
vt 3.850184 0.200000 0.000000
vt 3.850184 1.000000 0.000000
vt 0.000000 0.200000 0.000000
vt 0.076891 0.200000 0.000000
vt 0.000000 1.000000 0.000000
vt 0.076891 1.000000 0.000000
vt 0.153781 0.200000 0.000000
vt 0.153781 1.000000 0.000000
vt 0.230672 0.200000 0.000000
vt 0.230672 1.000000 0.000000
vt 0.307563 0.200000 0.000000
vt 0.307563 1.000000 0.000000
vt 0.384454 0.200000 0.000000
vt 0.384454 1.000000 0.000000
vt 0.461344 0.200000 0.000000
vt 0.461344 1.000000 0.000000
vt 0.538235 0.200000 0.000000
vt 0.538235 1.000000 0.000000
vt 0.615126 0.200000 0.000000
vt 0.615126 1.000000 0.000000
vt 0.692017 0.200000 0.000000
vt 0.692017 1.000000 0.000000
vt 0.768907 0.200000 0.000000
vt 0.768907 1.000000 0.000000
vt 0.922689 0.200000 0.000000
vt 0.922689 1.000000 0.000000
vt 1.230252 0.200000 0.000000
vt 1.230252 1.000000 0.000000
vt -3.639035 0.200000 0.000000
vt -3.525315 0.200000 0.000000
vt -3.639035 1.000000 0.000000
vt -3.525315 1.000000 0.000000
vt -3.411595 0.200000 0.000000
vt -3.411595 1.000000 0.000000
vt -3.184156 0.200000 0.000000
vt -3.184156 1.000000 0.000000
vt -2.729276 0.200000 0.000000
vt -2.729276 1.000000 0.000000
vt -1.819517 0.200000 0.000000
vt -1.819517 1.000000 0.000000
vt -0.909759 0.200000 0.000000
vt -0.909759 1.000000 0.000000
vt 0.000000 0.200000 0.000000
vt 0.000000 1.000000 0.000000
vt 0.063406 0.200000 0.000000
vt 0.000000 1.000000 0.000000
vt 0.063406 1.000000 0.000000
vt 0.126813 0.200000 0.000000
vt 0.126813 1.000000 0.000000
vt 0.190219 0.200000 0.000000
vt 0.190219 1.000000 0.000000
vt 0.253625 0.200000 0.000000
vt 0.253625 1.000000 0.000000
vt 0.317032 0.200000 0.000000
vt 0.317032 1.000000 0.000000
vt 0.380438 0.200000 0.000000
vt 0.380438 1.000000 0.000000
vt 0.443844 0.200000 0.000000
vt 0.443844 1.000000 0.000000
vt 0.507251 0.200000 0.000000
vt 0.507251 1.000000 0.000000
vt 0.634063 0.200000 0.000000
vt 0.634063 1.000000 0.000000
vt 0.760876 0.200000 0.000000
vt 0.760876 1.000000 0.000000
vt 1.014501 0.200000 0.000000
vt 1.014501 1.000000 0.000000
vt 1.521752 0.200000 0.000000
vt 1.521752 1.000000 0.000000
vt 2.029003 0.200000 0.000000
vt 2.029003 1.000000 0.000000
vt 0.000000 0.200000 0.000000
vt 1.580944 0.200000 0.000000
vt 0.000000 1.000000 0.000000
vt 1.580944 1.000000 0.000000
vt 2.371416 0.200000 0.000000
vt 2.371416 1.000000 0.000000
vt 3.161888 0.200000 0.000000
vt 3.161888 1.000000 0.000000
vt 0.000000 0.200000 0.000000
vt 0.282678 0.200000 0.000000
vt 0.000000 1.000000 0.000000
vt 0.282678 1.000000 0.000000
vt 0.565355 0.200000 0.000000
vt 0.565355 1.000000 0.000000
vt 0.706694 0.200000 0.000000
vt 0.706694 1.000000 0.000000
vt 0.848033 0.200000 0.000000
vt 0.848033 1.000000 0.000000
vt 0.989371 0.200000 0.000000
vt 0.989371 1.000000 0.000000
vt 1.060041 0.200000 0.000000
vt 1.060041 1.000000 0.000000
vt 1.130710 0.200000 0.000000
vt 1.130710 1.000000 0.000000
vt 0.000000 0.200000 0.000000
vt 0.666705 0.200000 0.000000
vt 0.000000 1.000000 0.000000
vt 0.666705 1.000000 0.000000
vt 1.333411 0.200000 0.000000
vt 1.333411 1.000000 0.000000
vt 1.500087 0.200000 0.000000
vt 1.500087 1.000000 0.000000
vt 1.583425 0.200000 0.000000
vt 1.583425 1.000000 0.000000
vt 1.666763 0.200000 0.000000
vt 1.666763 1.000000 0.000000
vt 1.708432 0.200000 0.000000
vt 1.708432 1.000000 0.000000
vt 1.750101 0.200000 0.000000
vt 1.750101 1.000000 0.000000
vt 1.791770 0.200000 0.000000
vt 1.791770 1.000000 0.000000
vt 1.833440 0.200000 0.000000
vt 1.833440 1.000000 0.000000
vt 1.875109 0.200000 0.000000
vt 1.875109 1.000000 0.000000
vt 1.916778 0.200000 0.000000
vt 1.916778 1.000000 0.000000
vt 2.000116 0.200000 0.000000
vt 2.000116 1.000000 0.000000
vt 2.083454 0.200000 0.000000
vt 2.083454 1.000000 0.000000
vt 2.166792 0.200000 0.000000
vt 2.166792 1.000000 0.000000
vt 2.333469 0.200000 0.000000
vt 2.333469 1.000000 0.000000
vt 2.666821 0.200000 0.000000
vt 2.666821 1.000000 0.000000
vt 4.000232 0.200000 0.000000
vt 4.000232 1.000000 0.000000
vt 4.666937 0.200000 0.000000
vt 4.666937 1.000000 0.000000
vt 5.000290 0.200000 0.000000
vt 5.000290 1.000000 0.000000
vt 5.333642 0.200000 0.000000
vt 5.333642 1.000000 0.000000
vt 0.000000 0.200000 0.000000
vt 1.293848 0.200000 0.000000
vt 0.000000 1.000000 0.000000
vt 1.293848 1.000000 0.000000
vt 2.587696 0.200000 0.000000
vt 2.587696 1.000000 0.000000
vt 3.881544 0.200000 0.000000
vt 3.881544 1.000000 0.000000
vt 5.175393 0.200000 0.000000
vt 5.175393 1.000000 0.000000
vt 6.469241 0.200000 0.000000
vt 6.469241 1.000000 0.000000
vt 7.763089 0.200000 0.000000
vt 7.763089 1.000000 0.000000
vt 9.056937 0.200000 0.000000
vt 9.056937 1.000000 0.000000
vt 10.350785 0.200000 0.000000
vt 10.350785 1.000000 0.000000
vt 0.000000 0.200000 0.000000
vt 2.030767 0.200000 0.000000
vt 0.000000 1.000000 0.000000
vt 2.030767 1.000000 0.000000
vt 4.061534 0.200000 0.000000
vt 4.061534 1.000000 0.000000
vt 8.123068 0.200000 0.000000
vt 8.123068 1.000000 0.000000
vt 10.153834 0.200000 0.000000
vt 10.153834 1.000000 0.000000
vt 12.184601 0.200000 0.000000
vt 12.184601 1.000000 0.000000
vt 16.246135 0.200000 0.000000
vt 16.246135 1.000000 0.000000
vt 0.000000 0.200000 0.000000
vt 1.669822 0.200000 0.000000
vt 0.000000 1.000000 0.000000
vt 1.669822 1.000000 0.000000
vt 3.339645 0.200000 0.000000
vt 3.339645 1.000000 0.000000
vt 6.679290 0.200000 0.000000
vt 6.679290 1.000000 0.000000
vt 8.349112 0.200000 0.000000
vt 8.349112 1.000000 0.000000
vt 10.018935 0.200000 0.000000
vt 10.018935 1.000000 0.000000
vt 11.688757 0.200000 0.000000
vt 11.688757 1.000000 0.000000
vt 13.358579 0.200000 0.000000
vt 13.358579 1.000000 0.000000
vt 0.000000 0.200000 0.000000
vt 0.849500 0.200000 0.000000
vt 0.000000 1.000000 0.000000
vt 0.849500 1.000000 0.000000
vt 1.699000 0.200000 0.000000
vt 1.699000 1.000000 0.000000
vt 3.398000 0.200000 0.000000
vt 3.398000 1.000000 0.000000
vt 5.097000 0.200000 0.000000
vt 5.097000 1.000000 0.000000
vt 6.796000 0.200000 0.000000
vt 6.796000 1.000000 0.000000
vt 8.495000 0.200000 0.000000
vt 8.495000 1.000000 0.000000
vt 9.344499 0.200000 0.000000
vt 9.344499 1.000000 0.000000
vt 10.193999 0.200000 0.000000
vt 10.193999 1.000000 0.000000
vt 11.043499 0.200000 0.000000
vt 11.043499 1.000000 0.000000
vt 11.892999 0.200000 0.000000
vt 11.892999 1.000000 0.000000
vt 12.742499 0.200000 0.000000
vt 12.742499 1.000000 0.000000
vt 13.591999 0.200000 0.000000
vt 13.591999 1.000000 0.000000
vt 0.000000 0.200000 0.000000
vt 1.181349 0.200000 0.000000
vt 0.000000 1.000000 0.000000
vt 1.181349 1.000000 0.000000
vt 2.362699 0.200000 0.000000
vt 2.362699 1.000000 0.000000
vt 2.953374 0.200000 0.000000
vt 2.953374 1.000000 0.000000
vt 3.248711 0.200000 0.000000
vt 3.248711 1.000000 0.000000
vt 3.322545 0.200000 0.000000
vt 3.322545 1.000000 0.000000
vt 3.396380 0.200000 0.000000
vt 3.396380 1.000000 0.000000
vt 3.433297 0.200000 0.000000
vt 3.433297 1.000000 0.000000
vt 3.470214 0.200000 0.000000
vt 3.470214 1.000000 0.000000
vt 3.507131 0.200000 0.000000
vt 3.507131 1.000000 0.000000
vt 3.544048 0.200000 0.000000
vt 3.544048 1.000000 0.000000
vt 3.580966 0.200000 0.000000
vt 3.580966 1.000000 0.000000
vt 3.617883 0.200000 0.000000
vt 3.617883 1.000000 0.000000
vt 3.691717 0.200000 0.000000
vt 3.691717 1.000000 0.000000
vt 3.765551 0.200000 0.000000
vt 3.765551 1.000000 0.000000
vt 3.839386 0.200000 0.000000
vt 3.839386 1.000000 0.000000
vt 4.134723 0.200000 0.000000
vt 4.134723 1.000000 0.000000
vt 4.725398 0.200000 0.000000
vt 4.725398 1.000000 0.000000
vt 0.000000 0.200000 0.000000
vt 0.108891 0.200000 0.000000
vt 0.000000 1.000000 0.000000
vt 0.108891 1.000000 0.000000
vt 0.217782 0.200000 0.000000
vt 0.217782 1.000000 0.000000
vt 0.435565 0.200000 0.000000
vt 0.435565 1.000000 0.000000
vt 0.871130 0.200000 0.000000
vt 0.871130 1.000000 0.000000
vt 0.000000 0.200000 0.000000
vt 0.013801 0.200000 0.000000
vt 0.000000 1.000000 0.000000
vt 0.013801 1.000000 0.000000
vt 0.027602 0.200000 0.000000
vt 0.027602 1.000000 0.000000
vt 0.055204 0.200000 0.000000
vt 0.055204 1.000000 0.000000
vt 0.082806 0.200000 0.000000
vt 0.082806 1.000000 0.000000
vt 0.110408 0.200000 0.000000
vt 0.110408 1.000000 0.000000
vt 0.165612 0.200000 0.000000
vt 0.165612 1.000000 0.000000
vt 0.220816 0.200000 0.000000
vt 0.220816 1.000000 0.000000
vt 0.441632 0.200000 0.000000
vt 0.441632 1.000000 0.000000
vt 0.000000 0.200000 0.000000
vt 0.049134 0.200000 0.000000
vt 0.000000 1.000000 0.000000
vt 0.049134 1.000000 0.000000
vt 0.073701 0.200000 0.000000
vt 0.073701 1.000000 0.000000
vt 0.098269 0.200000 0.000000
vt 0.098269 1.000000 0.000000
vt 0.122836 0.200000 0.000000
vt 0.122836 1.000000 0.000000
vt 0.135119 0.200000 0.000000
vt 0.135119 1.000000 0.000000
vt 0.147403 0.200000 0.000000
vt 0.147403 1.000000 0.000000
vt 0.159687 0.200000 0.000000
vt 0.159687 1.000000 0.000000
vt 0.171970 0.200000 0.000000
vt 0.171970 1.000000 0.000000
vt 0.196537 0.200000 0.000000
vt 0.196537 1.000000 0.000000
vt 0.221104 0.200000 0.000000
vt 0.221104 1.000000 0.000000
vt 0.245672 0.200000 0.000000
vt 0.245672 1.000000 0.000000
vt 0.294806 0.200000 0.000000
vt 0.294806 1.000000 0.000000
vt 0.393074 0.200000 0.000000
vt 0.393074 1.000000 0.000000
vt 0.786149 0.200000 0.000000
vt 0.786149 1.000000 0.000000
vt 1.572298 0.200000 0.000000
vt 1.572298 1.000000 0.000000
vt 2.358447 0.200000 0.000000
vt 2.358447 1.000000 0.000000
vt 2.751521 0.200000 0.000000
vt 2.751521 1.000000 0.000000
vt 3.144596 0.200000 0.000000
vt 3.144596 1.000000 0.000000
vt 0.000000 0.200000 0.000000
vt 0.548321 0.200000 0.000000
vt 0.000000 1.000000 0.000000
vt 0.548321 1.000000 0.000000
vt 0.616862 0.200000 0.000000
vt 0.616862 1.000000 0.000000
vt 0.685402 0.200000 0.000000
vt 0.685402 1.000000 0.000000
vt 0.753942 0.200000 0.000000
vt 0.753942 1.000000 0.000000
vt 0.822482 0.200000 0.000000
vt 0.822482 1.000000 0.000000
vt 0.959563 0.200000 0.000000
vt 0.959563 1.000000 0.000000
vt 1.096643 0.200000 0.000000
vt 1.096643 1.000000 0.000000
vt 0.000000 0.200000 0.000000
vt 0.053969 0.200000 0.000000
vt 0.000000 1.000000 0.000000
vt 0.053969 1.000000 0.000000
vt 0.107937 0.200000 0.000000
vt 0.107937 1.000000 0.000000
vt 0.215875 0.200000 0.000000
vt 0.215875 1.000000 0.000000
vt 0.431750 0.200000 0.000000
vt 0.431750 1.000000 0.000000
vt 0.863500 0.200000 0.000000
vt 0.863500 1.000000 0.000000
vt 1.726999 0.200000 0.000000
vt 1.726999 1.000000 0.000000
vt 3.453998 0.200000 0.000000
vt 3.453998 1.000000 0.000000
vt 0.000000 0.200000 0.000000
vt 0.295537 0.200000 0.000000
vt 0.000000 1.000000 0.000000
vt 0.295537 1.000000 0.000000
vt 0.443306 0.200000 0.000000
vt 0.443306 1.000000 0.000000
vt 0.517191 0.200000 0.000000
vt 0.517191 1.000000 0.000000
vt 0.591075 0.200000 0.000000
vt 0.591075 1.000000 0.000000
vt 0.664959 0.200000 0.000000
vt 0.664959 1.000000 0.000000
vt 0.738844 0.200000 0.000000
vt 0.738844 1.000000 0.000000
vt 0.886612 0.200000 0.000000
vt 0.886612 1.000000 0.000000
vt 1.182150 0.200000 0.000000
vt 1.182150 1.000000 0.000000
vt 0.000000 0.200000 0.000000
vt 0.438875 0.200000 0.000000
vt 0.000000 1.000000 0.000000
vt 0.438875 1.000000 0.000000
vt 0.877750 0.200000 0.000000
vt 0.877750 1.000000 0.000000
vt 1.755500 0.200000 0.000000
vt 1.755500 1.000000 0.000000
vt 2.633250 0.200000 0.000000
vt 2.633250 1.000000 0.000000
vt 3.511000 0.200000 0.000000
vt 3.511000 1.000000 0.000000
vt 2.027629 6.837555 0.000000
vt 2.346398 2.877048 0.000000
vt 2.069491 6.829684 0.000000
vt 4.220532 6.377013 0.000000
vt 4.177648 6.414964 0.000000
vt 1.991901 6.849288 0.000000
vt -0.084286 6.887926 0.000000
vt 0.437903 2.069936 0.000000
vt -2.120307 6.618684 0.000000
vt -1.194999 1.304307 0.000000
vt -4.118811 6.113494 0.000000
vt -4.123453 6.112253 0.000000
vt 1.962333 6.864895 0.000000
vt 1.938955 6.884387 0.000000
vt 0.607049 7.321491 0.000000
vt 1.921780 6.907758 0.000000
vt 1.910797 6.934976 0.000000
vt 1.905948 6.965967 0.000000
vt 1.907111 7.000600 0.000000
vt 1.413264 7.675949 0.000000
vt 1.926577 7.079931 0.000000
vt 1.966536 7.170518 0.000000
vt 2.092325 7.371489 0.000000
vt 2.170976 7.906265 0.000000
vt 2.407325 7.747045 0.000000
vt 2.457241 7.959497 0.000000
vt 2.664332 7.969265 0.000000
vt -0.211294 7.027086 0.000000
vt -0.270318 7.131554 0.000000
vt -0.958864 7.560679 0.000000
vt -0.290077 7.194055 0.000000
vt -0.298804 7.264037 0.000000
vt -0.293573 7.341820 0.000000
vt -0.272397 7.427497 0.000000
vt -0.178886 7.621904 0.000000
vt 0.209895 8.095083 0.000000
vt 0.066316 8.082632 0.000000
vt -0.216049 7.972374 0.000000
vt 0.200156 8.099100 0.000000
vt 0.188066 8.101525 0.000000
vt 0.156827 8.101593 0.000000
vt -2.398538 6.963078 0.000000
vt -3.787096 6.537404 0.000000
vt -4.012615 6.267739 0.000000
vt -3.177858 7.135721 0.000000
vt -2.423801 7.028761 0.000000
vt -2.438366 7.102982 0.000000
vt -2.440746 7.186208 0.000000
vt -2.430210 7.278552 0.000000
vt -2.578076 7.583564 0.000000
vt -2.369844 7.490065 0.000000
vt -2.335425 7.749347 0.000000
vt -2.258288 7.735888 0.000000
vt -2.297240 7.766903 0.000000
vt -2.256581 7.750176 0.000000
vt -2.282658 7.770716 0.000000
vt -2.256967 7.755941 0.000000
vt -2.276550 7.771314 0.000000
vt -2.258177 7.760787 0.000000
vt -2.271245 7.771021 0.000000
vt -2.260213 7.764716 0.000000
vt -2.261539 7.766336 0.000000
vt -2.263071 7.767728 0.000000
vt -2.264808 7.768892 0.000000
vt -2.266750 7.769828 0.000000
vt -4.128364 6.111698 0.000000
vt -2.666977 0.509538 0.000000
vt -6.334018 5.153508 0.000000
vt -6.355155 5.134271 0.000000
vt -6.238320 5.280671 0.000000
vt -4.139003 6.112671 0.000000
vt -5.958364 5.696065 0.000000
vt -4.150751 6.116478 0.000000
vt -4.163647 6.123211 0.000000
vt -4.193029 6.145839 0.000000
vt -4.227307 6.180960 0.000000
vt -4.405902 6.427291 0.000000
vt -5.106512 6.642098 0.000000
vt -4.431660 6.482033 0.000000
vt -4.451064 6.551280 0.000000
vt -4.469226 6.736888 0.000000
vt -4.430382 7.279659 0.000000
vt -6.375598 5.120770 0.000000
vt -6.385623 5.116270 0.000000
vt -6.395548 5.113319 0.000000
vt -8.800197 3.230099 0.000000
vt -6.405398 5.111951 0.000000
vt -8.213710 4.279836 0.000000
vt -6.415193 5.112199 0.000000
vt -6.424955 5.114091 0.000000
vt -6.434703 5.117655 0.000000
vt -6.454226 5.129891 0.000000
vt -7.427114 5.360058 0.000000
vt -6.473891 5.149076 0.000000
vt -6.493807 5.175344 0.000000
vt -6.577628 5.353007 0.000000
vt -7.045476 5.797299 0.000000
vt -6.773840 6.062308 0.000000
vt -9.341996 1.831492 0.000000
vt -5.516060 -1.340521 0.000000
vt -9.605046 0.264998 0.000000
vt -9.557383 -0.342783 0.000000
vt -9.401826 -0.896089 0.000000
vt -9.143405 -1.465781 0.000000
vt -6.693874 -2.209559 0.000000
vt -8.757274 -2.021261 0.000000
vt -8.215915 -2.503137 0.000000
vt -7.508411 -2.883998 0.000000
vt 4.563229 3.751731 0.000000
vt 6.678008 5.944402 0.000000
vt 5.056038 6.662605 0.000000
vt 6.007197 6.816647 0.000000
vt 6.926513 6.248585 0.000000
vt 6.864658 6.827627 0.000000
vt 7.159142 6.780927 0.000000
vt 7.263473 6.745201 0.000000
vt 7.338942 6.701472 0.000000
vt 3.265589 3.038316 0.000000
vt 7.875102 1.522040 0.000000
vt 7.883519 1.554288 0.000000
vt 7.921457 1.625787 0.000000
vt 1.797579 2.215413 0.000000
vt 7.338942 -0.670953 0.000000
vt 7.873698 1.492106 0.000000
vt 6.215353 -2.659765 0.000000
vt -1.557733 0.132776 0.000000
vt 4.641127 -4.600510 0.000000
vt 2.916689 -6.108643 0.000000
vt 4.713824 -5.502552 0.000000
vt -3.144920 -0.984557 0.000000
vt 0.741337 -7.228099 0.000000
vt 1.029980 -7.192839 0.000000
vt 0.636417 -7.254558 0.000000
vt -4.464978 -2.023373 0.000000
vt 0.595595 -7.271054 0.000000
vt -3.017429 -7.514438 0.000000
vt 0.563040 -7.290071 0.000000
vt -1.554806 -7.904215 0.000000
vt 0.539003 -7.311801 0.000000
vt 0.530222 -7.323726 0.000000
vt 0.523604 -7.336369 0.000000
vt 0.519139 -7.349731 0.000000
vt -0.090683 -8.086291 0.000000
vt 0.516807 -7.363809 0.000000
vt 0.516577 -7.378591 0.000000
vt 0.518408 -7.394059 0.000000
vt 0.528021 -7.426950 0.000000
vt 0.545089 -7.462209 0.000000
vt 0.598725 -7.538357 0.000000
vt 0.948736 -7.851331 0.000000
vt 1.285690 -8.053870 0.000000
vt -6.528968 -3.998115 0.000000
vt -6.313952 -4.679459 0.000000
vt -5.895604 -5.462841 0.000000
vt -5.246850 -6.249215 0.000000
vt -4.294742 -6.948728 0.000000
vt 2.601888 -7.036754 0.000000
vt 2.930840 -6.157203 0.000000
vt 2.952327 -6.204324 0.000000
vt 3.017519 -6.294030 0.000000
vt 3.110990 -6.376975 0.000000
vt 3.264057 -6.874720 0.000000
vt 3.226218 -6.451878 0.000000
vt 3.478014 -6.571871 0.000000
vt 3.514589 -6.769592 0.000000
vt 3.708043 -6.648696 0.000000
vt 5.338951 -5.192340 0.000000
vt 5.103891 -4.874454 0.000000
vt 4.953490 -4.823466 0.000000
vt 4.799070 -4.732127 0.000000
vt 5.764716 -4.876901 0.000000
vt 5.249428 -4.890274 0.000000
vt 6.159008 -3.799102 0.000000
vt 6.254067 -2.693426 0.000000
vt 6.304431 -2.723823 0.000000
vt 6.440130 -2.774593 0.000000
vt 6.824091 -2.836494 0.000000
vt 7.203338 -2.858120 0.000000
vt 7.387010 -2.858046 0.000000
vt 6.639190 -2.362156 0.000000
vt 7.262605 -1.901094 0.000000
vt 7.680437 -0.761844 0.000000
vt 7.974482 -0.790371 0.000000
vt 8.426480 -0.785115 0.000000
vt 7.670015 -0.328127 0.000000
vt 7.919301 1.457576 0.000000
vt 8.257827 0.237625 0.000000
vt 7.976178 1.428673 0.000000
vt 8.123698 1.388079 0.000000
vt 8.830928 0.884141 0.000000
vt 8.525883 1.372920 0.000000
vt 9.036309 1.195641 0.000000
vt 8.928591 1.418921 0.000000
vt 9.075979 1.453246 0.000000
vt 9.177542 1.492106 0.000000
vt 8.079810 1.797388 0.000000
vt 8.420682 3.599892 0.000000
vt 8.411999 3.623469 0.000000
vt 8.631700 2.256336 0.000000
vt 8.447850 3.563080 0.000000
vt 8.432660 3.579826 0.000000
vt 9.208393 2.861033 0.000000
vt 8.538655 3.524823 0.000000
vt 8.487479 3.538685 0.000000
vt 8.466159 3.549443 0.000000
vt 9.434160 3.211068 0.000000
vt 9.098581 3.566261 0.000000
vt 8.749073 3.526316 0.000000
vt 8.600248 3.519473 0.000000
vt 9.610154 3.589071 0.000000
vt 9.412971 3.593979 0.000000
vt 8.406677 3.650726 0.000000
vt 8.406332 3.716847 0.000000
vt 8.447777 3.898465 0.000000
vt 8.546041 4.149320 0.000000
vt 8.018783 5.852465 0.000000
vt 8.910422 4.863124 0.000000
vt 9.489984 5.854274 0.000000
vt 4.140823 6.458482 0.000000
vt 2.625854 7.052392 0.000000
vt 4.110314 6.507621 0.000000
vt 4.086614 6.562360 0.000000
vt 4.070509 6.622499 0.000000
vt 4.063093 6.687575 0.000000
vt 3.447626 7.288838 0.000000
vt 4.065674 6.756904 0.000000
vt 4.079605 6.829684 0.000000
vt 4.106087 6.905105 0.000000
vt 4.145956 6.982446 0.000000
vt 4.266789 7.140773 0.000000
vt 4.665161 7.464551 0.000000
vt 4.605431 7.480280 0.000000
vt 4.515784 7.484443 0.000000
vt 4.247898 7.458075 0.000000
vt 4.639024 7.473855 0.000000
vt -5.331758 0.200000 0.000000
vt -4.998523 0.200000 0.000000
vt -5.331758 1.000000 0.000000
vt -4.998523 1.000000 0.000000
vt -4.665288 0.200000 0.000000
vt -4.665288 1.000000 0.000000
vt -3.998819 0.200000 0.000000
vt -3.998819 1.000000 0.000000
vt -2.665879 0.200000 0.000000
vt -2.665879 1.000000 0.000000
vt -2.332644 0.200000 0.000000
vt -2.332644 1.000000 0.000000
vt -2.166027 0.200000 0.000000
vt -2.166027 1.000000 0.000000
vt -2.082718 0.200000 0.000000
vt -2.082718 1.000000 0.000000
vt -1.999409 0.200000 0.000000
vt -1.999409 1.000000 0.000000
vt -1.916101 0.200000 0.000000
vt -1.916101 1.000000 0.000000
vt -1.874446 0.200000 0.000000
vt -1.874446 1.000000 0.000000
vt -1.832792 0.200000 0.000000
vt -1.832792 1.000000 0.000000
vt -1.791137 0.200000 0.000000
vt -1.791137 1.000000 0.000000
vt -1.749483 0.200000 0.000000
vt -1.749483 1.000000 0.000000
vt -1.707829 0.200000 0.000000
vt -1.707829 1.000000 0.000000
vt -1.666174 0.200000 0.000000
vt -1.666174 1.000000 0.000000
vt -1.582866 0.200000 0.000000
vt -1.582866 1.000000 0.000000
vt -1.499557 0.200000 0.000000
vt -1.499557 1.000000 0.000000
vt -1.332940 0.200000 0.000000
vt -1.332940 1.000000 0.000000
vt -0.666470 0.200000 0.000000
vt -0.666470 1.000000 0.000000
vt 0.000000 0.200000 0.000000
vt 0.000000 1.000000 0.000000
vt -10.349295 0.200000 0.000000
vt -9.055633 0.200000 0.000000
vt -10.349295 1.000000 0.000000
vt -9.055633 1.000000 0.000000
vt -7.761971 0.200000 0.000000
vt -7.761971 1.000000 0.000000
vt -6.468309 0.200000 0.000000
vt -6.468309 1.000000 0.000000
vt -5.174647 0.200000 0.000000
vt -5.174647 1.000000 0.000000
vt -3.880986 0.200000 0.000000
vt -3.880986 1.000000 0.000000
vt -2.587324 0.200000 0.000000
vt -2.587324 1.000000 0.000000
vt -1.293662 0.200000 0.000000
vt -1.293662 1.000000 0.000000
vt 0.000000 0.200000 0.000000
vt 0.000000 1.000000 0.000000
vt -16.246819 0.200000 0.000000
vt -12.185114 0.200000 0.000000
vt -16.246819 1.000000 0.000000
vt -12.185114 1.000000 0.000000
vt -10.154262 0.200000 0.000000
vt -10.154262 1.000000 0.000000
vt -8.123409 0.200000 0.000000
vt -8.123409 1.000000 0.000000
vt -4.061705 0.200000 0.000000
vt -4.061705 1.000000 0.000000
vt -2.030852 0.200000 0.000000
vt -2.030852 1.000000 0.000000
vt 0.000000 0.200000 0.000000
vt 0.000000 1.000000 0.000000
vt -13.358873 0.200000 0.000000
vt -11.689014 0.200000 0.000000
vt -13.358873 1.000000 0.000000
vt -11.689014 1.000000 0.000000
vt -10.019155 0.200000 0.000000
vt -10.019155 1.000000 0.000000
vt -8.349296 0.200000 0.000000
vt -8.349296 1.000000 0.000000
vt -6.679437 0.200000 0.000000
vt -6.679437 1.000000 0.000000
vt -3.339718 0.200000 0.000000
vt -3.339718 1.000000 0.000000
vt -1.669859 0.200000 0.000000
vt -1.669859 1.000000 0.000000
vt 0.000000 0.200000 0.000000
vt 0.000000 1.000000 0.000000
vt -13.590942 0.200000 0.000000
vt -12.741508 0.200000 0.000000
vt -13.590942 1.000000 0.000000
vt -12.741508 1.000000 0.000000
vt -11.892074 0.200000 0.000000
vt -11.892074 1.000000 0.000000
vt -11.042640 0.200000 0.000000
vt -11.042640 1.000000 0.000000
vt -10.193206 0.200000 0.000000
vt -10.193206 1.000000 0.000000
vt -9.343773 0.200000 0.000000
vt -9.343773 1.000000 0.000000
vt -8.494339 0.200000 0.000000
vt -8.494339 1.000000 0.000000
vt -6.795471 0.200000 0.000000
vt -6.795471 1.000000 0.000000
vt -5.096603 0.200000 0.000000
vt -5.096603 1.000000 0.000000
vt -3.397735 0.200000 0.000000
vt -3.397735 1.000000 0.000000
vt -1.698868 0.200000 0.000000
vt -1.698868 1.000000 0.000000
vt -0.849434 0.200000 0.000000
vt -0.849434 1.000000 0.000000
vt 0.000000 0.200000 0.000000
vt 0.000000 1.000000 0.000000
vt -4.726260 0.200000 0.000000
vt -4.135477 0.200000 0.000000
vt -4.726260 1.000000 0.000000
vt -4.135477 1.000000 0.000000
vt -3.840086 0.200000 0.000000
vt -3.840086 1.000000 0.000000
vt -3.766238 0.200000 0.000000
vt -3.766238 1.000000 0.000000
vt -3.692390 0.200000 0.000000
vt -3.692390 1.000000 0.000000
vt -3.618543 0.200000 0.000000
vt -3.618543 1.000000 0.000000
vt -3.581619 0.200000 0.000000
vt -3.581619 1.000000 0.000000
vt -3.544695 0.200000 0.000000
vt -3.544695 1.000000 0.000000
vt -3.507771 0.200000 0.000000
vt -3.507771 1.000000 0.000000
vt -3.470847 0.200000 0.000000
vt -3.470847 1.000000 0.000000
vt -3.433923 0.200000 0.000000
vt -3.433923 1.000000 0.000000
vt -3.396999 0.200000 0.000000
vt -3.396999 1.000000 0.000000
vt -3.323151 0.200000 0.000000
vt -3.323151 1.000000 0.000000
vt -3.249304 0.200000 0.000000
vt -3.249304 1.000000 0.000000
vt -2.953912 0.200000 0.000000
vt -2.953912 1.000000 0.000000
vt -2.363130 0.200000 0.000000
vt -2.363130 1.000000 0.000000
vt -1.181565 0.200000 0.000000
vt -1.181565 1.000000 0.000000
vt 0.000000 0.200000 0.000000
vt 0.000000 1.000000 0.000000
vt -0.871030 0.200000 0.000000
vt -0.435515 0.200000 0.000000
vt -0.871030 1.000000 0.000000
vt -0.435515 1.000000 0.000000
vt -0.217758 0.200000 0.000000
vt -0.217758 1.000000 0.000000
vt -0.108879 0.200000 0.000000
vt -0.108879 1.000000 0.000000
vt 0.000000 0.200000 0.000000
vt 0.000000 1.000000 0.000000
vt -0.441555 0.200000 0.000000
vt -0.220777 0.200000 0.000000
vt -0.441555 1.000000 0.000000
vt -0.220777 1.000000 0.000000
vt -0.165583 0.200000 0.000000
vt -0.165583 1.000000 0.000000
vt -0.110389 0.200000 0.000000
vt -0.110389 1.000000 0.000000
vt -0.082792 0.200000 0.000000
vt -0.082792 1.000000 0.000000
vt -0.055194 0.200000 0.000000
vt -0.055194 1.000000 0.000000
vt -0.027597 0.200000 0.000000
vt -0.027597 1.000000 0.000000
vt -0.013799 0.200000 0.000000
vt -0.013799 1.000000 0.000000
vt 0.000000 0.200000 0.000000
vt 0.000000 1.000000 0.000000
vt -3.144299 0.200000 0.000000
vt -2.751262 0.200000 0.000000
vt -3.144299 1.000000 0.000000
vt -2.751262 1.000000 0.000000
vt -2.358225 0.200000 0.000000
vt -2.358225 1.000000 0.000000
vt -1.572150 0.200000 0.000000
vt -1.572150 1.000000 0.000000
vt -0.786075 0.200000 0.000000
vt -0.786075 1.000000 0.000000
vt -0.393037 0.200000 0.000000
vt -0.393037 1.000000 0.000000
vt -0.294778 0.200000 0.000000
vt -0.294778 1.000000 0.000000
vt -0.245648 0.200000 0.000000
vt -0.245648 1.000000 0.000000
vt -0.221084 0.200000 0.000000
vt -0.221084 1.000000 0.000000
vt -0.196519 0.200000 0.000000
vt -0.196519 1.000000 0.000000
vt -0.171954 0.200000 0.000000
vt -0.171954 1.000000 0.000000
vt -0.159671 0.200000 0.000000
vt -0.159671 1.000000 0.000000
vt -0.147389 0.200000 0.000000
vt -0.147389 1.000000 0.000000
vt -0.135107 0.200000 0.000000
vt -0.135107 1.000000 0.000000
vt -0.122824 0.200000 0.000000
vt -0.122824 1.000000 0.000000
vt -0.098259 0.200000 0.000000
vt -0.098259 1.000000 0.000000
vt -0.073695 0.200000 0.000000
vt -0.073695 1.000000 0.000000
vt -0.049130 0.200000 0.000000
vt -0.049130 1.000000 0.000000
vt 0.000000 0.200000 0.000000
vt 0.000000 1.000000 0.000000
vt -1.096560 0.200000 0.000000
vt -0.959490 0.200000 0.000000
vt -1.096560 1.000000 0.000000
vt -0.959490 1.000000 0.000000
vt -0.822420 0.200000 0.000000
vt -0.822420 1.000000 0.000000
vt -0.753885 0.200000 0.000000
vt -0.753885 1.000000 0.000000
vt -0.685350 0.200000 0.000000
vt -0.685350 1.000000 0.000000
vt -0.616815 0.200000 0.000000
vt -0.616815 1.000000 0.000000
vt -0.548280 0.200000 0.000000
vt -0.548280 1.000000 0.000000
vt 0.000000 0.200000 0.000000
vt 0.000000 1.000000 0.000000
vt -3.454168 0.200000 0.000000
vt -1.727084 0.200000 0.000000
vt -3.454168 1.000000 0.000000
vt -1.727084 1.000000 0.000000
vt -0.863542 0.200000 0.000000
vt -0.863542 1.000000 0.000000
vt -0.431771 0.200000 0.000000
vt -0.431771 1.000000 0.000000
vt -0.215885 0.200000 0.000000
vt -0.215885 1.000000 0.000000
vt -0.107943 0.200000 0.000000
vt -0.107943 1.000000 0.000000
vt -0.053971 0.200000 0.000000
vt -0.053971 1.000000 0.000000
vt 0.000000 0.200000 0.000000
vt 0.000000 1.000000 0.000000
vt -1.181960 0.200000 0.000000
vt -0.886470 0.200000 0.000000
vt -1.181960 1.000000 0.000000
vt -0.886470 1.000000 0.000000
vt -0.738725 0.200000 0.000000
vt -0.738725 1.000000 0.000000
vt -0.664853 0.200000 0.000000
vt -0.664853 1.000000 0.000000
vt -0.590980 0.200000 0.000000
vt -0.590980 1.000000 0.000000
vt -0.517108 0.200000 0.000000
vt -0.517108 1.000000 0.000000
vt -0.443235 0.200000 0.000000
vt -0.443235 1.000000 0.000000
vt -0.295490 0.200000 0.000000
vt -0.295490 1.000000 0.000000
vt 0.000000 0.200000 0.000000
vt 0.000000 1.000000 0.000000
vt -3.510871 0.200000 0.000000
vt -2.633153 0.200000 0.000000
vt -3.510871 1.000000 0.000000
vt -2.633153 1.000000 0.000000
vt -1.755436 0.200000 0.000000
vt -1.755436 1.000000 0.000000
vt -0.877718 0.200000 0.000000
vt -0.877718 1.000000 0.000000
vt -0.438859 0.200000 0.000000
vt -0.438859 1.000000 0.000000
vt 0.000000 0.200000 0.000000
vt 0.000000 1.000000 0.000000
vt -2.028887 0.200000 0.000000
vt -1.521665 0.200000 0.000000
vt -2.028887 1.000000 0.000000
vt -1.521665 1.000000 0.000000
vt -1.014443 0.200000 0.000000
vt -1.014443 1.000000 0.000000
vt -0.760833 0.200000 0.000000
vt -0.760833 1.000000 0.000000
vt -0.634027 0.200000 0.000000
vt -0.634027 1.000000 0.000000
vt -0.507222 0.200000 0.000000
vt -0.507222 1.000000 0.000000
vt -0.443819 0.200000 0.000000
vt -0.443819 1.000000 0.000000
vt -0.380416 0.200000 0.000000
vt -0.380416 1.000000 0.000000
vt -0.317014 0.200000 0.000000
vt -0.317014 1.000000 0.000000
vt -0.253611 0.200000 0.000000
vt -0.253611 1.000000 0.000000
vt -0.190208 0.200000 0.000000
vt -0.190208 1.000000 0.000000
vt -0.126805 0.200000 0.000000
vt -0.126805 1.000000 0.000000
vt -0.063403 0.200000 0.000000
vt -0.063403 1.000000 0.000000
vt 0.000000 0.200000 0.000000
vt 0.000000 1.000000 0.000000
vt 0.909748 0.200000 0.000000
vt 0.000000 1.000000 0.000000
vt 0.909748 1.000000 0.000000
vt 1.819495 0.200000 0.000000
vt 1.819495 1.000000 0.000000
vt 2.729243 0.200000 0.000000
vt 2.729243 1.000000 0.000000
vt 3.184117 0.200000 0.000000
vt 3.184117 1.000000 0.000000
vt 3.411554 0.200000 0.000000
vt 3.411554 1.000000 0.000000
vt 3.525272 0.200000 0.000000
vt 3.525272 1.000000 0.000000
vt 3.638991 0.200000 0.000000
vt 3.638991 1.000000 0.000000
vt -1.130739 0.200000 0.000000
vt -1.060068 0.200000 0.000000
vt -1.130739 1.000000 0.000000
vt -1.060068 1.000000 0.000000
vt -0.989397 0.200000 0.000000
vt -0.989397 1.000000 0.000000
vt -0.848054 0.200000 0.000000
vt -0.848054 1.000000 0.000000
vt -0.706712 0.200000 0.000000
vt -0.706712 1.000000 0.000000
vt -0.565370 0.200000 0.000000
vt -0.565370 1.000000 0.000000
vt -0.282685 0.200000 0.000000
vt -0.282685 1.000000 0.000000
vt 0.000000 0.200000 0.000000
vt 0.000000 1.000000 0.000000
vt -3.162179 0.200000 0.000000
vt -2.371634 0.200000 0.000000
vt -3.162179 1.000000 0.000000
vt -2.371634 1.000000 0.000000
vt -1.581089 0.200000 0.000000
vt -1.581089 1.000000 0.000000
vt 0.000000 0.200000 0.000000
vt 0.000000 1.000000 0.000000
vt -1.142114 0.200000 0.000000
vt -0.999349 0.200000 0.000000
vt -1.142114 1.000000 0.000000
vt -0.999349 1.000000 0.000000
vt -0.856585 0.200000 0.000000
vt -0.856585 1.000000 0.000000
vt -0.713821 0.200000 0.000000
vt -0.713821 1.000000 0.000000
vt -0.571057 0.200000 0.000000
vt -0.571057 1.000000 0.000000
vt 0.000000 0.200000 0.000000
vt 0.000000 1.000000 0.000000
vt -3.255637 0.200000 0.000000
vt -1.627819 0.200000 0.000000
vt -3.255637 1.000000 0.000000
vt -1.627819 1.000000 0.000000
vt 0.000000 0.200000 0.000000
vt 0.000000 1.000000 0.000000
vt -1.690418 0.200000 0.000000
vt -1.584766 0.200000 0.000000
vt -1.690418 1.000000 0.000000
vt -1.584766 1.000000 0.000000
vt -1.479115 0.200000 0.000000
vt -1.479115 1.000000 0.000000
vt -1.267813 0.200000 0.000000
vt -1.267813 1.000000 0.000000
vt -0.845209 0.200000 0.000000
vt -0.845209 1.000000 0.000000
vt -0.422604 0.200000 0.000000
vt -0.422604 1.000000 0.000000
vt 0.000000 0.200000 0.000000
vt 0.000000 1.000000 0.000000
vt -3.393265 0.200000 0.000000
vt -1.696633 0.200000 0.000000
vt -3.393265 1.000000 0.000000
vt -1.696633 1.000000 0.000000
vt -0.848316 0.200000 0.000000
vt -0.848316 1.000000 0.000000
vt 0.000000 0.200000 0.000000
vt 0.000000 1.000000 0.000000
vt -1.076871 0.200000 0.000000
vt -0.807653 0.200000 0.000000
vt -1.076871 1.000000 0.000000
vt -0.807653 1.000000 0.000000
vt -0.538436 0.200000 0.000000
vt -0.538436 1.000000 0.000000
vt 0.000000 0.200000 0.000000
vt 0.000000 1.000000 0.000000
vt -3.590268 0.200000 0.000000
vt -3.141484 0.200000 0.000000
vt -3.590268 1.000000 0.000000
vt -3.141484 1.000000 0.000000
vt -2.692701 0.200000 0.000000
vt -2.692701 1.000000 0.000000
vt -1.795134 0.200000 0.000000
vt -1.795134 1.000000 0.000000
vt -0.897567 0.200000 0.000000
vt -0.897567 1.000000 0.000000
vt 0.000000 0.200000 0.000000
vt 0.000000 1.000000 0.000000
vt -1.749880 0.200000 0.000000
vt -1.640513 0.200000 0.000000
vt -1.749880 1.000000 0.000000
vt -1.640513 1.000000 0.000000
vt -1.531145 0.200000 0.000000
vt -1.531145 1.000000 0.000000
vt -1.312410 0.200000 0.000000
vt -1.312410 1.000000 0.000000
vt -0.874940 0.200000 0.000000
vt -0.874940 1.000000 0.000000
vt -0.437470 0.200000 0.000000
vt -0.437470 1.000000 0.000000
vt -0.218735 0.200000 0.000000
vt -0.218735 1.000000 0.000000
vt 0.000000 0.200000 0.000000
vt 0.000000 1.000000 0.000000
vt -3.275596 0.200000 0.000000
vt -2.866147 0.200000 0.000000
vt -3.275596 1.000000 0.000000
vt -2.866147 1.000000 0.000000
vt -2.456697 0.200000 0.000000
vt -2.456697 1.000000 0.000000
vt -1.637798 0.200000 0.000000
vt -1.637798 1.000000 0.000000
vt -0.818899 0.200000 0.000000
vt -0.818899 1.000000 0.000000
vt -0.409450 0.200000 0.000000
vt -0.409450 1.000000 0.000000
vt -0.204725 0.200000 0.000000
vt -0.204725 1.000000 0.000000
vt -0.102362 0.200000 0.000000
vt -0.102362 1.000000 0.000000
vt 0.000000 0.200000 0.000000
vt 0.000000 1.000000 0.000000
vt -1.577874 0.200000 0.000000
vt -1.380640 0.200000 0.000000
vt -1.577874 1.000000 0.000000
vt -1.380640 1.000000 0.000000
vt -1.183406 0.200000 0.000000
vt -1.183406 1.000000 0.000000
vt -1.084789 0.200000 0.000000
vt -1.084789 1.000000 0.000000
vt -0.986171 0.200000 0.000000
vt -0.986171 1.000000 0.000000
vt -0.936863 0.200000 0.000000
vt -0.936863 1.000000 0.000000
vt -0.912209 0.200000 0.000000
vt -0.912209 1.000000 0.000000
vt -0.887554 0.200000 0.000000
vt -0.887554 1.000000 0.000000
vt -0.862900 0.200000 0.000000
vt -0.862900 1.000000 0.000000
vt -0.838246 0.200000 0.000000
vt -0.838246 1.000000 0.000000
vt -0.813591 0.200000 0.000000
vt -0.813591 1.000000 0.000000
vt -0.788937 0.200000 0.000000
vt -0.788937 1.000000 0.000000
vt -0.739629 0.200000 0.000000
vt -0.739629 1.000000 0.000000
vt -0.690320 0.200000 0.000000
vt -0.690320 1.000000 0.000000
vt -0.591703 0.200000 0.000000
vt -0.591703 1.000000 0.000000
vt -0.394469 0.200000 0.000000
vt -0.394469 1.000000 0.000000
vt -0.197234 0.200000 0.000000
vt -0.197234 1.000000 0.000000
vt 0.000000 0.200000 0.000000
vt 0.000000 1.000000 0.000000
vt -2.815709 0.200000 0.000000
vt -1.407855 0.200000 0.000000
vt -2.815709 1.000000 0.000000
vt -1.407855 1.000000 0.000000
vt 0.000000 0.200000 0.000000
vt 0.000000 1.000000 0.000000
vt -1.020275 0.200000 0.000000
vt -0.510137 0.200000 0.000000
vt -1.020275 1.000000 0.000000
vt -0.510137 1.000000 0.000000
vt 0.000000 0.200000 0.000000
vt 0.000000 1.000000 0.000000
vt -3.850034 0.200000 0.000000
vt -2.887525 0.200000 0.000000
vt -3.850034 1.000000 0.000000
vt -2.887525 1.000000 0.000000
vt -1.925017 0.200000 0.000000
vt -1.925017 1.000000 0.000000
vt -0.962508 0.200000 0.000000
vt -0.962508 1.000000 0.000000
vt -0.481254 0.200000 0.000000
vt -0.481254 1.000000 0.000000
vt -0.240627 0.200000 0.000000
vt -0.240627 1.000000 0.000000
vt 0.000000 0.200000 0.000000
vt 0.000000 1.000000 0.000000
vt -1.230103 0.200000 0.000000
vt -0.922577 0.200000 0.000000
vt -1.230103 1.000000 0.000000
vt -0.922577 1.000000 0.000000
vt -0.768814 0.200000 0.000000
vt -0.768814 1.000000 0.000000
vt -0.691933 0.200000 0.000000
vt -0.691933 1.000000 0.000000
vt -0.615051 0.200000 0.000000
vt -0.615051 1.000000 0.000000
vt -0.538170 0.200000 0.000000
vt -0.538170 1.000000 0.000000
vt -0.461289 0.200000 0.000000
vt -0.461289 1.000000 0.000000
vt -0.384407 0.200000 0.000000
vt -0.384407 1.000000 0.000000
vt -0.307526 0.200000 0.000000
vt -0.307526 1.000000 0.000000
vt -0.230644 0.200000 0.000000
vt -0.230644 1.000000 0.000000
vt -0.153763 0.200000 0.000000
vt -0.153763 1.000000 0.000000
vt -0.076881 0.200000 0.000000
vt -0.076881 1.000000 0.000000
vt 0.000000 0.200000 0.000000
vt 0.000000 1.000000 0.000000
vt -2.625854 7.052392 0.000000
vt -4.140823 6.458482 0.000000
vt -2.069491 6.829684 0.000000
vt -4.177648 6.414964 0.000000
vt -4.220532 6.377013 0.000000
vt -3.447626 7.288838 0.000000
vt -4.063093 6.687575 0.000000
vt -4.070509 6.622499 0.000000
vt -4.086614 6.562360 0.000000
vt -4.247898 7.458075 0.000000
vt -4.266789 7.140773 0.000000
vt -4.145956 6.982446 0.000000
vt -4.106087 6.905105 0.000000
vt -4.515784 7.484443 0.000000
vt -4.605431 7.480280 0.000000
vt -4.665161 7.464551 0.000000
vt -4.639024 7.473855 0.000000
vt -4.079605 6.829684 0.000000
vt -4.065674 6.756904 0.000000
vt -4.110314 6.507621 0.000000
vt -5.056038 6.662605 0.000000
vt -6.678008 5.944402 0.000000
vt -4.563229 3.751731 0.000000
vt -2.346398 2.877048 0.000000
vt -6.007197 6.816647 0.000000
vt -6.926513 6.248585 0.000000
vt -6.864658 6.827627 0.000000
vt -7.159142 6.780927 0.000000
vt -7.263473 6.745201 0.000000
vt -7.338942 6.701472 0.000000
vt -8.018783 5.852465 0.000000
vt -8.546041 4.149320 0.000000
vt -8.447777 3.898465 0.000000
vt -8.406332 3.716847 0.000000
vt -8.406677 3.650726 0.000000
vt -9.489984 5.854274 0.000000
vt -8.910422 4.863124 0.000000
vt -8.411999 3.623469 0.000000
vt -8.420682 3.599892 0.000000
vt -8.079810 1.797388 0.000000
vt -8.432660 3.579826 0.000000
vt -8.447850 3.563080 0.000000
vt -8.631700 2.256336 0.000000
vt -8.466159 3.549443 0.000000
vt -8.487479 3.538685 0.000000
vt -8.538655 3.524823 0.000000
vt -9.208393 2.861033 0.000000
vt -8.600248 3.519473 0.000000
vt -8.749073 3.526316 0.000000
vt -9.098581 3.566261 0.000000
vt -9.434160 3.211068 0.000000
vt -9.412971 3.593979 0.000000
vt -9.610154 3.589071 0.000000
vt -7.921457 1.625787 0.000000
vt -7.883519 1.554288 0.000000
vt -7.875102 1.522040 0.000000
vt -3.265589 3.038316 0.000000
vt -7.873698 1.492106 0.000000
vt -7.338942 -0.670953 0.000000
vt -7.670015 -0.328127 0.000000
vt -7.919301 1.457576 0.000000
vt -8.257827 0.237625 0.000000
vt -7.976178 1.428673 0.000000
vt -8.123698 1.388079 0.000000
vt -8.830928 0.884141 0.000000
vt -8.525883 1.372920 0.000000
vt -9.036309 1.195641 0.000000
vt -8.928591 1.418921 0.000000
vt -9.075979 1.453246 0.000000
vt -9.177542 1.492106 0.000000
vt -7.680437 -0.761844 0.000000
vt -7.262605 -1.901094 0.000000
vt -6.639190 -2.362156 0.000000
vt -6.215353 -2.659765 0.000000
vt -7.974482 -0.790371 0.000000
vt -8.426480 -0.785115 0.000000
vt -6.254067 -2.693426 0.000000
vt -6.159008 -3.799102 0.000000
vt -4.641127 -4.600510 0.000000
vt 1.557733 0.132776 0.000000
vt -2.916689 -6.108643 0.000000
vt 3.144920 -0.984557 0.000000
vt -0.741337 -7.228099 0.000000
vt -0.636417 -7.254558 0.000000
vt -6.304431 -2.723823 0.000000
vt -6.440130 -2.774593 0.000000
vt -6.824091 -2.836494 0.000000
vt -7.203338 -2.858120 0.000000
vt -7.387010 -2.858046 0.000000
vt -4.713824 -5.502552 0.000000
vt -4.799070 -4.732127 0.000000
vt -4.953490 -4.823466 0.000000
vt -5.103891 -4.874454 0.000000
vt -5.338951 -5.192340 0.000000
vt -5.249428 -4.890274 0.000000
vt -5.764716 -4.876901 0.000000
vt -2.930840 -6.157203 0.000000
vt -2.601888 -7.036754 0.000000
vt -1.029980 -7.192839 0.000000
vt -2.952327 -6.204324 0.000000
vt -3.017519 -6.294030 0.000000
vt -3.110990 -6.376975 0.000000
vt -3.264057 -6.874720 0.000000
vt -3.226218 -6.451878 0.000000
vt -3.478014 -6.571871 0.000000
vt -3.708043 -6.648696 0.000000
vt -3.514589 -6.769592 0.000000
vt 4.464978 -2.023373 0.000000
vt -0.595595 -7.271054 0.000000
vt 3.017429 -7.514438 0.000000
vt -0.563040 -7.290071 0.000000
vt 1.554806 -7.904215 0.000000
vt -0.539003 -7.311801 0.000000
vt -0.530222 -7.323726 0.000000
vt -0.523604 -7.336369 0.000000
vt -0.519139 -7.349731 0.000000
vt 0.090683 -8.086291 0.000000
vt -0.516807 -7.363809 0.000000
vt -0.516577 -7.378591 0.000000
vt -0.518408 -7.394059 0.000000
vt -0.528021 -7.426950 0.000000
vt -0.545089 -7.462209 0.000000
vt -0.598725 -7.538357 0.000000
vt -0.948736 -7.851331 0.000000
vt -1.285690 -8.053870 0.000000
vt 4.294742 -6.948728 0.000000
vt 5.246850 -6.249215 0.000000
vt 5.895604 -5.462841 0.000000
vt 6.313952 -4.679459 0.000000
vt 6.528968 -3.998115 0.000000
vt -1.797579 2.215413 0.000000
vt -0.437903 2.069936 0.000000
vt 0.084286 6.887926 0.000000
vt -1.991901 6.849288 0.000000
vt -2.027629 6.837555 0.000000
vt 2.120307 6.618684 0.000000
vt 1.194999 1.304307 0.000000
vt 4.118811 6.113494 0.000000
vt 4.123453 6.112253 0.000000
vt 4.128364 6.111698 0.000000
vt 2.666977 0.509538 0.000000
vt 6.334018 5.153508 0.000000
vt 6.355155 5.134271 0.000000
vt 6.375598 5.120770 0.000000
vt 6.385623 5.116270 0.000000
vt 6.395548 5.113319 0.000000
vt 8.800197 3.230099 0.000000
vt 6.405398 5.111951 0.000000
vt 8.213710 4.279836 0.000000
vt 6.415193 5.112199 0.000000
vt 6.424955 5.114091 0.000000
vt 6.434703 5.117655 0.000000
vt 6.454226 5.129891 0.000000
vt 7.427114 5.360058 0.000000
vt 6.473891 5.149076 0.000000
vt 6.493807 5.175344 0.000000
vt 6.577628 5.353007 0.000000
vt 7.045476 5.797299 0.000000
vt 6.773840 6.062308 0.000000
vt 9.341996 1.831492 0.000000
vt 5.516060 -1.340521 0.000000
vt 9.605046 0.264998 0.000000
vt 9.557383 -0.342783 0.000000
vt 9.401826 -0.896089 0.000000
vt 9.143405 -1.465781 0.000000
vt 6.693874 -2.209559 0.000000
vt 8.757274 -2.021261 0.000000
vt 8.215915 -2.503137 0.000000
vt 7.508411 -2.883998 0.000000
vt 6.238320 5.280671 0.000000
vt 4.139003 6.112671 0.000000
vt 5.958364 5.696065 0.000000
vt 4.150751 6.116478 0.000000
vt 4.163647 6.123211 0.000000
vt 4.193029 6.145839 0.000000
vt 4.227307 6.180960 0.000000
vt 4.405902 6.427291 0.000000
vt 5.106512 6.642098 0.000000
vt 4.431660 6.482033 0.000000
vt 4.451064 6.551280 0.000000
vt 4.469226 6.736888 0.000000
vt 4.430382 7.279659 0.000000
vt 4.012615 6.267739 0.000000
vt 3.787096 6.537404 0.000000
vt 2.398538 6.963078 0.000000
vt 3.177858 7.135721 0.000000
vt 2.423801 7.028761 0.000000
vt 2.438366 7.102982 0.000000
vt 2.440746 7.186208 0.000000
vt 2.430210 7.278552 0.000000
vt 2.578076 7.583564 0.000000
vt 2.369844 7.490065 0.000000
vt 2.335425 7.749347 0.000000
vt 2.258288 7.735888 0.000000
vt 2.297240 7.766903 0.000000
vt 2.256581 7.750176 0.000000
vt 2.282658 7.770716 0.000000
vt 2.256967 7.755941 0.000000
vt 2.276550 7.771314 0.000000
vt 2.258177 7.760787 0.000000
vt 2.271245 7.771021 0.000000
vt 2.260213 7.764716 0.000000
vt 2.261539 7.766336 0.000000
vt 2.263071 7.767728 0.000000
vt 2.264808 7.768892 0.000000
vt 2.266750 7.769828 0.000000
vt 0.958864 7.560679 0.000000
vt 0.270318 7.131554 0.000000
vt 0.211294 7.027086 0.000000
vt 0.216049 7.972374 0.000000
vt 0.178886 7.621904 0.000000
vt 0.272397 7.427497 0.000000
vt 0.293573 7.341820 0.000000
vt -0.066316 8.082632 0.000000
vt -0.209895 8.095083 0.000000
vt -0.156827 8.101593 0.000000
vt -0.188066 8.101525 0.000000
vt -0.200156 8.099100 0.000000
vt 0.298804 7.264037 0.000000
vt 0.290077 7.194055 0.000000
vt -0.607049 7.321491 0.000000
vt -1.938955 6.884387 0.000000
vt -1.962333 6.864895 0.000000
vt -1.413264 7.675949 0.000000
vt -1.907111 7.000600 0.000000
vt -1.905948 6.965967 0.000000
vt -1.910797 6.934976 0.000000
vt -2.170976 7.906265 0.000000
vt -2.092325 7.371489 0.000000
vt -1.966536 7.170518 0.000000
vt -1.926577 7.079931 0.000000
vt -2.407325 7.747045 0.000000
vt -2.457241 7.959497 0.000000
vt -2.664332 7.969265 0.000000
vt -1.921780 6.907758 0.000000
vt -6.619721 0.500000 0.000000
vt -6.205988 0.500000 0.000000
vt -6.619721 1.000000 0.000000
vt -6.205988 1.000000 0.000000
vt -5.792256 0.500000 0.000000
vt -5.792256 1.000000 0.000000
vt -5.378523 0.500000 0.000000
vt -5.378523 1.000000 0.000000
vt -4.964791 0.500000 0.000000
vt -4.964791 1.000000 0.000000
vt -4.551058 0.500000 0.000000
vt -4.551058 1.000000 0.000000
vt -4.137326 0.500000 0.000000
vt -4.137326 1.000000 0.000000
vt -3.309861 0.500000 0.000000
vt -3.309861 1.000000 0.000000
vt -1.654930 0.500000 0.000000
vt -1.654930 1.000000 0.000000
vt 0.000000 0.500000 0.000000
vt 0.000000 1.000000 0.000000
vt 0.637195 0.500000 0.000000
vt 0.000000 1.000000 0.000000
vt 0.637195 1.000000 0.000000
vt 1.274389 0.500000 0.000000
vt 1.274389 1.000000 0.000000
vt 2.548779 0.500000 0.000000
vt 2.548779 1.000000 0.000000
vt 3.823168 0.500000 0.000000
vt 3.823168 1.000000 0.000000
vt 5.097557 0.500000 0.000000
vt 5.097557 1.000000 0.000000
vt 6.371946 0.500000 0.000000
vt 6.371946 1.000000 0.000000
vt 7.646336 0.500000 0.000000
vt 7.646336 1.000000 0.000000
vt 8.920725 0.500000 0.000000
vt 8.920725 1.000000 0.000000
vt 9.557920 0.500000 0.000000
vt 9.557920 1.000000 0.000000
vt 9.876517 0.500000 0.000000
vt 9.876517 1.000000 0.000000
vt 10.195114 0.500000 0.000000
vt 10.195114 1.000000 0.000000
vt 10.513712 0.500000 0.000000
vt 10.513712 1.000000 0.000000
vt 10.832309 0.500000 0.000000
vt 10.832309 1.000000 0.000000
vt 11.150906 0.500000 0.000000
vt 11.150906 1.000000 0.000000
vt 11.469503 0.500000 0.000000
vt 11.469503 1.000000 0.000000
vt 12.106698 0.500000 0.000000
vt 12.106698 1.000000 0.000000
vt 12.743893 0.500000 0.000000
vt 12.743893 1.000000 0.000000
vt 13.381087 0.500000 0.000000
vt 13.381087 1.000000 0.000000
vt 14.018282 0.500000 0.000000
vt 14.018282 1.000000 0.000000
vt 14.655477 0.500000 0.000000
vt 14.655477 1.000000 0.000000
vt 15.292671 0.500000 0.000000
vt 15.292671 1.000000 0.000000
vt 15.929866 0.500000 0.000000
vt 15.929866 1.000000 0.000000
vt 16.567061 0.500000 0.000000
vt 16.567061 1.000000 0.000000
vt 17.204255 0.500000 0.000000
vt 17.204255 1.000000 0.000000
vt 17.841450 0.500000 0.000000
vt 17.841450 1.000000 0.000000
vt 18.478645 0.500000 0.000000
vt 18.478645 1.000000 0.000000
vt 19.115839 0.500000 0.000000
vt 19.115839 1.000000 0.000000
vt 19.753034 0.500000 0.000000
vt 19.753034 1.000000 0.000000
vt 20.390228 0.500000 0.000000
vt 20.390228 1.000000 0.000000
vt -1.333865 4.509799 0.000000
vt 4.076605 -2.748294 0.000000
vt -1.048475 4.756473 0.000000
vt 4.740640 -1.488427 0.000000
vt 5.183192 -0.126952 0.000000
vt -1.741225 4.116561 0.000000
vt 3.231408 -3.876016 0.000000
vt -2.750156 3.022033 0.000000
vt 2.254117 -4.838648 0.000000
vt 1.196588 -5.608583 0.000000
vt -3.703253 1.718599 0.000000
vt 0.107485 -6.171400 0.000000
vt -4.508177 0.165530 0.000000
vt -0.972525 -6.531850 0.000000
vt -5.094019 -1.618875 0.000000
vt -2.008990 -6.709098 0.000000
vt -2.966510 -6.723197 0.000000
vt -5.371896 -3.312227 0.000000
vt -3.801487 -6.581254 0.000000
vt -5.346867 -4.649782 0.000000
vt -4.157330 -6.449600 0.000000
vt -4.464938 -6.276721 0.000000
vt -4.721461 -6.064305 0.000000
vt -4.927277 -5.817268 0.000000
vt -5.086217 -5.543759 0.000000
vt -5.204524 -5.253263 0.000000
vt 0.072179 5.666578 0.000000
vt 5.376797 1.313774 0.000000
vt 5.305753 2.819890 0.000000
vt 4.962836 4.384020 0.000000
vt 1.449924 6.463096 0.000000
vt 2.240870 6.705349 0.000000
vt 2.651195 6.739865 0.000000
vt 3.054510 6.710294 0.000000
vt 3.435274 6.618605 0.000000
vt 3.781057 6.468422 0.000000
vt 4.085308 6.262710 0.000000
vt 4.345986 6.003193 0.000000
vt 0.000000 1.000000 0.000000
vt 0.000000 0.500000 0.000000
vt 2.086172 1.000000 0.000000
vt 3.336147 0.500000 0.000000
vt 4.172345 1.000000 0.000000
vt 4.446966 0.500000 0.000000
vt 5.215431 1.000000 0.000000
vt 5.558673 0.500000 0.000000
vt 6.258517 1.000000 0.000000
vt 6.080657 0.500000 0.000000
vt 6.449645 0.500000 0.000000
vt 6.780060 1.000000 0.000000
vt 6.752730 0.500000 0.000000
vt 7.025426 0.500000 0.000000
vt 7.040831 1.000000 0.000000
vt 7.305341 0.500000 0.000000
vt 7.301603 1.000000 0.000000
vt 7.452328 0.500000 0.000000
vt 7.562374 1.000000 0.000000
vt 7.607207 0.500000 0.000000
vt 7.823146 1.000000 0.000000
vt 7.945100 0.500000 0.000000
vt 8.344689 1.000000 0.000000
vt 8.344689 0.500000 0.000000
vt 0.000000 0.500000 0.000000
vt 0.393498 0.500000 0.000000
vt 0.000000 1.000000 0.000000
vt 0.416207 1.000000 0.000000
vt 0.749855 0.500000 0.000000
vt 0.832414 1.000000 0.000000
vt 1.365313 0.500000 0.000000
vt 1.664828 1.000000 0.000000
vt 2.350509 0.500000 0.000000
vt 3.329655 1.000000 0.000000
vt 4.161931 0.500000 0.000000
vt 4.994483 1.000000 0.000000
vt 5.724526 0.500000 0.000000
vt 6.659311 1.000000 0.000000
vt 7.067244 0.500000 0.000000
vt 8.324139 1.000000 0.000000
vt 9.438976 0.500000 0.000000
vt 9.988966 1.000000 0.000000
vt 11.200078 0.500000 0.000000
vt 11.653794 1.000000 0.000000
vt 12.691241 0.500000 0.000000
vt 13.318622 1.000000 0.000000
vt 13.641754 0.500000 0.000000
vt 14.983449 1.000000 0.000000
vt 14.852642 0.500000 0.000000
vt 15.897207 0.500000 0.000000
vt 16.648277 1.000000 0.000000
vt 17.368124 0.500000 0.000000
vt 17.480691 1.000000 0.000000
vt 17.758447 0.500000 0.000000
vt 17.896898 1.000000 0.000000
vt 18.164764 0.500000 0.000000
vt 18.313105 1.000000 0.000000
vt 18.596810 0.500000 0.000000
vt 18.729312 1.000000 0.000000
vt 19.037307 0.500000 0.000000
vt 19.145519 1.000000 0.000000
vt 19.471635 0.500000 0.000000
vt 19.561726 1.000000 0.000000
vt 19.881637 0.500000 0.000000
vt 19.977933 1.000000 0.000000
vt 20.263761 0.500000 0.000000
vt 20.394139 1.000000 0.000000
vt 20.615598 0.500000 0.000000
vt 20.810346 1.000000 0.000000
vt 21.268927 0.500000 0.000000
vt 21.642760 1.000000 0.000000
vt 21.936479 0.500000 0.000000
vt 23.307588 1.000000 0.000000
vt 23.370315 0.500000 0.000000
vt 24.972416 1.000000 0.000000
vt 24.955583 0.500000 0.000000
vt 26.637243 0.500000 0.000000
vt 26.637243 1.000000 0.000000
vt 0.067166 -6.188926 0.000000
vt 0.404775 -6.107808 0.000000
vt -0.604789 -5.801960 0.000000
vt 0.536617 -6.036949 0.000000
vt 0.678173 -5.927173 0.000000
vt -1.086212 -5.134793 0.000000
vt 0.988299 -5.594279 0.000000
vt 1.636086 3.384850 0.000000
vt 1.656044 -4.574568 0.000000
vt 2.198761 -3.392515 0.000000
vt 2.506971 -2.221187 0.000000
vt 2.643942 -0.949357 0.000000
vt 2.331661 1.933764 0.000000
vt 2.623641 0.459823 0.000000
vt 0.636719 4.698029 0.000000
vt -2.106267 -2.316569 0.000000
vt -1.549178 -4.243876 0.000000
vt -0.358073 5.702463 0.000000
vt -2.618364 1.438922 0.000000
vt -2.424320 -0.677384 0.000000
vt -0.803208 6.018382 0.000000
vt -2.649608 3.324249 0.000000
vt -1.016718 6.116219 0.000000
vt -1.226036 6.169480 0.000000
vt -1.430687 6.175600 0.000000
vt -1.628190 6.132875 0.000000
vt -1.814660 6.040571 0.000000
vt -2.469514 4.882638 0.000000
vt -1.985866 5.898979 0.000000
vt -2.138314 5.709497 0.000000
vt -2.269934 5.474604 0.000000
vt -0.403905 -6.026621 0.000000
vt -0.195053 -6.160082 0.000000
vt -0.072626 -6.188103 0.000000
vt -0.303644 -6.105748 0.000000
vt 0.000000 0.500000 0.000000
vt 1.288554 0.500000 0.000000
vt 0.000000 1.000000 0.000000
vt 1.288554 1.000000 0.000000
vt 2.577107 0.500000 0.000000
vt 2.577107 1.000000 0.000000
vt 3.865661 0.500000 0.000000
vt 3.865661 1.000000 0.000000
vt 5.154214 0.500000 0.000000
vt 5.154214 1.000000 0.000000
vt 6.442768 0.500000 0.000000
vt 6.442768 1.000000 0.000000
vt 7.087044 0.500000 0.000000
vt 7.087044 1.000000 0.000000
vt 7.731321 0.500000 0.000000
vt 7.731321 1.000000 0.000000
vt 8.053459 0.500000 0.000000
vt 8.053459 1.000000 0.000000
vt 8.375598 0.500000 0.000000
vt 8.375598 1.000000 0.000000
vt 8.697736 0.500000 0.000000
vt 8.697736 1.000000 0.000000
vt 9.019875 0.500000 0.000000
vt 9.019875 1.000000 0.000000
vt 9.664151 0.500000 0.000000
vt 9.664151 1.000000 0.000000
vt 10.308428 0.500000 0.000000
vt 10.308428 1.000000 0.000000
vt 11.596982 0.500000 0.000000
vt 11.596982 1.000000 0.000000
vt 12.885535 0.500000 0.000000
vt 12.885535 1.000000 0.000000
vt 14.174089 0.500000 0.000000
vt 14.174089 1.000000 0.000000
vt 15.462642 0.500000 0.000000
vt 15.462642 1.000000 0.000000
vt 18.039749 0.500000 0.000000
vt 18.039749 1.000000 0.000000
vt 19.328303 0.500000 0.000000
vt 19.328303 1.000000 0.000000
vt 20.616856 0.500000 0.000000
vt 20.616856 1.000000 0.000000
vt 21.905410 0.500000 0.000000
vt 21.905410 1.000000 0.000000
vt 23.193963 0.500000 0.000000
vt 23.193963 1.000000 0.000000
vt 24.482517 0.500000 0.000000
vt 24.482517 1.000000 0.000000
vt 25.126793 0.500000 0.000000
vt 25.126793 1.000000 0.000000
vt 25.771070 0.500000 0.000000
vt 25.771070 1.000000 0.000000
vt 26.415347 0.500000 0.000000
vt 26.415347 1.000000 0.000000
vt 27.059624 0.500000 0.000000
vt 27.059624 1.000000 0.000000
vt 27.703900 0.500000 0.000000
vt 27.703900 1.000000 0.000000
vt 28.348177 0.500000 0.000000
vt 28.348177 1.000000 0.000000
vt 28.992454 0.500000 0.000000
vt 28.992454 1.000000 0.000000
vt 29.636731 0.500000 0.000000
vt 29.636731 1.000000 0.000000
vt 30.925284 0.500000 0.000000
vt 30.925284 1.000000 0.000000
vt 32.213838 0.500000 0.000000
vt 32.213838 1.000000 0.000000
vt 33.502391 0.500000 0.000000
vt 33.502391 1.000000 0.000000
vt 34.790945 0.500000 0.000000
vt 34.790945 1.000000 0.000000
vt 36.079498 0.500000 0.000000
vt 36.079498 1.000000 0.000000
vt 38.656605 0.500000 0.000000
vt 38.656605 1.000000 0.000000
vt 39.945159 0.500000 0.000000
vt 39.945159 1.000000 0.000000
vt 41.233712 0.500000 0.000000
vt 41.233712 1.000000 0.000000
vt -1.641594 3.653143 0.000000
vt -2.421168 3.447056 0.000000
vt 2.991418 3.173087 0.000000
vt -3.068396 3.206251 0.000000
vt -3.822906 2.818789 0.000000
vt 4.017468 2.650268 0.000000
vt -4.671189 2.248088 0.000000
vt 4.975152 1.982100 0.000000
vt -5.405721 1.580901 0.000000
vt -2.327089 -3.538470 0.000000
vt -3.281906 -3.276403 0.000000
vt -4.151229 -2.892468 0.000000
vt -5.051725 -2.335192 0.000000
vt -5.981017 0.885947 0.000000
vt -5.864978 -1.586089 0.000000
vt -6.202129 0.524111 0.000000
vt -6.157999 -1.155751 0.000000
vt -6.341059 -0.711024 0.000000
vt -6.387734 -0.490142 0.000000
vt -6.404314 -0.273594 0.000000
vt -6.391768 -0.063263 0.000000
vt -6.351985 0.139777 0.000000
vt 0.059268 -3.816803 0.000000
vt 5.762564 1.198738 0.000000
vt 6.060020 0.771969 0.000000
vt 1.341920 -3.795055 0.000000
vt 2.615385 -3.600436 0.000000
vt 6.272895 0.325028 0.000000
vt 3.824190 -3.230663 0.000000
vt 6.388478 -0.137351 0.000000
vt 6.402014 -0.605068 0.000000
vt 6.320032 -1.061080 0.000000
vt 6.156746 -1.485635 0.000000
vt 4.858517 -2.751575 0.000000
vt 5.926127 -1.864140 0.000000
vt 5.634538 -2.194287 0.000000
vt -0.697322 3.796251 0.000000
vt 2.017132 3.532511 0.000000
vt 1.142175 3.737474 0.000000
vt 0.000000 0.500000 0.000000
vt 1.181522 0.500000 0.000000
vt 0.000000 1.000000 0.000000
vt 1.181522 1.000000 0.000000
vt 2.363044 0.500000 0.000000
vt 2.363044 1.000000 0.000000
vt 4.726087 0.500000 0.000000
vt 4.726087 1.000000 0.000000
vt 5.907609 0.500000 0.000000
vt 5.907609 1.000000 0.000000
vt 6.498370 0.500000 0.000000
vt 6.498370 1.000000 0.000000
vt 6.793751 0.500000 0.000000
vt 6.793751 1.000000 0.000000
vt 7.089131 0.500000 0.000000
vt 7.089131 1.000000 0.000000
vt 7.236821 0.500000 0.000000
vt 7.236821 1.000000 0.000000
vt 7.384512 0.500000 0.000000
vt 7.384512 1.000000 0.000000
vt 7.532202 0.500000 0.000000
vt 7.532202 1.000000 0.000000
vt 7.679892 0.500000 0.000000
vt 7.679892 1.000000 0.000000
vt 7.827582 0.500000 0.000000
vt 7.827582 1.000000 0.000000
vt 7.975272 0.500000 0.000000
vt 7.975272 1.000000 0.000000
vt 8.270653 0.500000 0.000000
vt 8.270653 1.000000 0.000000
vt 8.566033 0.500000 0.000000
vt 8.566033 1.000000 0.000000
vt 8.861414 0.500000 0.000000
vt 8.861414 1.000000 0.000000
vt 9.452175 0.500000 0.000000
vt 9.452175 1.000000 0.000000
vt 10.042936 0.500000 0.000000
vt 10.042936 1.000000 0.000000
vt 10.633697 0.500000 0.000000
vt 10.633697 1.000000 0.000000
vt 11.815219 0.500000 0.000000
vt 11.815219 1.000000 0.000000
vt 14.178262 0.500000 0.000000
vt 14.178262 1.000000 0.000000
vt 15.359784 0.500000 0.000000
vt 15.359784 1.000000 0.000000
vt 16.541306 0.500000 0.000000
vt 16.541306 1.000000 0.000000
vt 17.722828 0.500000 0.000000
vt 17.722828 1.000000 0.000000
vt 18.018208 0.500000 0.000000
vt 18.018208 1.000000 0.000000
vt 18.313589 0.500000 0.000000
vt 18.313589 1.000000 0.000000
vt 18.461279 0.500000 0.000000
vt 18.461279 1.000000 0.000000
vt 18.608969 0.500000 0.000000
vt 18.608969 1.000000 0.000000
vt 18.756659 0.500000 0.000000
vt 18.756659 1.000000 0.000000
vt 18.830505 0.500000 0.000000
vt 18.830505 1.000000 0.000000
vt 18.904350 0.500000 0.000000
vt 18.904350 1.000000 0.000000
vt 0.000000 0.500000 0.000000
vt 0.083434 0.500000 0.000000
vt 0.000000 1.000000 0.000000
vt 0.083434 1.000000 0.000000
vt 0.166868 0.500000 0.000000
vt 0.166868 1.000000 0.000000
vt 0.250302 0.500000 0.000000
vt 0.250302 1.000000 0.000000
vt 0.333736 0.500000 0.000000
vt 0.333736 1.000000 0.000000
vt 0.500605 0.500000 0.000000
vt 0.500605 1.000000 0.000000
vt 0.667473 0.500000 0.000000
vt 0.667473 1.000000 0.000000
vt 1.001209 0.500000 0.000000
vt 1.001209 1.000000 0.000000
vt 1.334945 0.500000 0.000000
vt 1.334945 1.000000 0.000000
vt 2.669891 0.500000 0.000000
vt 2.669891 1.000000 0.000000
vt 4.004836 0.500000 0.000000
vt 4.004836 1.000000 0.000000
vt 5.339782 0.500000 0.000000
vt 5.339782 1.000000 0.000000
vt 6.674727 0.500000 0.000000
vt 6.674727 1.000000 0.000000
vt 8.009673 0.500000 0.000000
vt 8.009673 1.000000 0.000000
vt 9.344618 0.500000 0.000000
vt 9.344618 1.000000 0.000000
vt 10.679564 0.500000 0.000000
vt 10.679564 1.000000 0.000000
vt 4.966336 4.142799 0.000000
vt 4.895850 4.245856 0.000000
vt 4.968744 4.120098 0.000000
vt 4.840454 4.282184 0.000000
vt 4.683756 4.346347 0.000000
vt 4.960031 4.164804 0.000000
vt 4.949828 4.186113 0.000000
vt 4.935729 4.206725 0.000000
vt 4.468272 4.398957 0.000000
vt 4.959497 3.765565 0.000000
vt 5.002302 3.915138 0.000000
vt 5.008883 3.978233 0.000000
vt 5.005497 4.033442 0.000000
vt 4.878038 3.585777 0.000000
vt 3.149668 4.484682 0.000000
vt 4.212998 2.615787 0.000000
vt 1.543735 4.351344 0.000000
vt 3.169292 1.419883 0.000000
vt 0.121338 4.013885 0.000000
vt 1.926799 0.182469 0.000000
vt -1.002935 3.531969 0.000000
vt -1.923970 2.927066 0.000000
vt -2.766876 2.160441 0.000000
vt -0.995790 -2.325009 0.000000
vt -3.599076 1.204907 0.000000
vt -3.977831 0.578193 0.000000
vt -4.366461 -0.297756 0.000000
vt -2.535365 -3.476158 0.000000
vt -4.909868 -2.445310 0.000000
vt -3.226910 -3.926032 0.000000
vt -5.011169 -3.511030 0.000000
vt -3.819486 -4.248780 0.000000
vt -5.013032 -3.944163 0.000000
vt -4.288677 -4.430065 0.000000
vt -4.996460 -4.115067 0.000000
vt -4.473873 -4.469977 0.000000
vt -4.964944 -4.250828 0.000000
vt -4.626923 -4.480144 0.000000
vt -4.942665 -4.305512 0.000000
vt -4.749714 -4.463566 0.000000
vt -4.915506 -4.351821 0.000000
vt -4.800562 -4.445729 0.000000
vt -4.883049 -4.390268 0.000000
vt -4.844873 -4.421409 0.000000
vt 4.992121 4.080734 0.000000
vt 4.981682 4.101407 0.000000
vt -2.775976 0.500000 0.000000
vt -2.428979 0.500000 0.000000
vt -2.775976 1.000000 0.000000
vt -2.428979 1.000000 0.000000
vt -2.081982 0.500000 0.000000
vt -2.081982 1.000000 0.000000
vt -1.387988 0.500000 0.000000
vt -1.387988 1.000000 0.000000
vt -0.693994 0.500000 0.000000
vt -0.693994 1.000000 0.000000
vt 0.000000 0.500000 0.000000
vt 0.000000 1.000000 0.000000
vt 0.992557 0.500000 0.000000
vt 0.000000 1.000000 0.000000
vt 0.992557 1.000000 0.000000
vt 1.985114 0.500000 0.000000
vt 1.985114 1.000000 0.000000
vt 2.977671 0.500000 0.000000
vt 2.977671 1.000000 0.000000
vt 3.970228 0.500000 0.000000
vt 3.970228 1.000000 0.000000
vt 4.962784 0.500000 0.000000
vt 4.962784 1.000000 0.000000
vt 5.955341 0.500000 0.000000
vt 5.955341 1.000000 0.000000
vt 6.947898 0.500000 0.000000
vt 6.947898 1.000000 0.000000
vt 7.940455 0.500000 0.000000
vt 7.940455 1.000000 0.000000
vt 8.933012 0.500000 0.000000
vt 8.933012 1.000000 0.000000
vt 9.925569 0.500000 0.000000
vt 9.925569 1.000000 0.000000
vt 11.910683 0.500000 0.000000
vt 11.910683 1.000000 0.000000
vt 12.903239 0.500000 0.000000
vt 12.903239 1.000000 0.000000
vt 13.895796 0.500000 0.000000
vt 13.895796 1.000000 0.000000
vt 14.888353 0.500000 0.000000
vt 14.888353 1.000000 0.000000
vt 15.880910 0.500000 0.000000
vt 15.880910 1.000000 0.000000
vt 16.377188 0.500000 0.000000
vt 16.377188 1.000000 0.000000
vt 16.873467 0.500000 0.000000
vt 16.873467 1.000000 0.000000
vt 17.369745 0.500000 0.000000
vt 17.369745 1.000000 0.000000
vt 17.866024 0.500000 0.000000
vt 17.866024 1.000000 0.000000
vt 18.362302 0.500000 0.000000
vt 18.362302 1.000000 0.000000
vt 18.858581 0.500000 0.000000
vt 18.858581 1.000000 0.000000
vt 19.851138 0.500000 0.000000
vt 19.851138 1.000000 0.000000
vt 20.843694 0.500000 0.000000
vt 20.843694 1.000000 0.000000
vt 21.836251 0.500000 0.000000
vt 21.836251 1.000000 0.000000
vt 22.828808 0.500000 0.000000
vt 22.828808 1.000000 0.000000
vt 23.821365 0.500000 0.000000
vt 23.821365 1.000000 0.000000
vt 24.813922 0.500000 0.000000
vt 24.813922 1.000000 0.000000
vt 25.806479 0.500000 0.000000
vt 25.806479 1.000000 0.000000
vt 26.799036 0.500000 0.000000
vt 26.799036 1.000000 0.000000
vt 27.791593 0.500000 0.000000
vt 27.791593 1.000000 0.000000
vt 28.784149 0.500000 0.000000
vt 28.784149 1.000000 0.000000
vt 29.776706 0.500000 0.000000
vt 29.776706 1.000000 0.000000
vt 30.769263 0.500000 0.000000
vt 30.769263 1.000000 0.000000
vt 31.761820 0.500000 0.000000
vt 31.761820 1.000000 0.000000
vt -5.003243 4.497076 0.000000
vt -5.128030 3.851948 0.000000
vt -2.773691 6.095370 0.000000
vt -5.123726 3.456832 0.000000
vt -1.627313 5.967032 0.000000
vt -5.153034 2.840468 0.000000
vt -5.156159 2.001735 0.000000
vt -0.470726 5.564800 0.000000
vt -5.047753 0.963883 0.000000
vt -4.768000 -0.195305 0.000000
vt 0.672693 4.909385 0.000000
vt -4.307001 -1.353422 0.000000
vt 1.760980 4.040064 0.000000
vt -3.703749 -2.389208 0.000000
vt -3.040446 -3.230422 0.000000
vt 2.741670 3.010437 0.000000
vt -2.414383 -3.875053 0.000000
vt -1.875578 -4.371977 0.000000
vt 3.567186 1.878661 0.000000
vt -0.779564 -5.188071 0.000000
vt 4.210524 0.697448 0.000000
vt -0.010035 -5.566853 0.000000
vt 4.673714 -0.492371 0.000000
vt 0.947516 -5.883647 0.000000
vt 4.976181 -1.658438 0.000000
vt 2.018462 -6.073266 0.000000
vt 5.134578 -2.769294 0.000000
vt 3.066306 -6.073707 0.000000
vt 5.144333 -3.787449 0.000000
vt 3.536113 -5.988424 0.000000
vt 3.950937 -5.841961 0.000000
vt 4.303066 -5.634059 0.000000
vt 4.589999 -5.366613 0.000000
vt 4.813146 -5.043188 0.000000
vt 4.976448 -4.668520 0.000000
vt -3.900918 5.942583 0.000000
vt -4.104780 5.816860 0.000000
vt -4.311189 5.635927 0.000000
vt -4.708823 5.122831 0.000000
vt -39.318556 0.500000 0.000000
vt -38.089851 0.500000 0.000000
vt -39.318556 1.000000 0.000000
vt -38.089851 1.000000 0.000000
vt -36.861146 0.500000 0.000000
vt -36.861146 1.000000 0.000000
vt -35.632441 0.500000 0.000000
vt -35.632441 1.000000 0.000000
vt -34.403736 0.500000 0.000000
vt -34.403736 1.000000 0.000000
vt -33.789384 0.500000 0.000000
vt -33.789384 1.000000 0.000000
vt -33.175031 0.500000 0.000000
vt -33.175031 1.000000 0.000000
vt -32.560679 0.500000 0.000000
vt -32.560679 1.000000 0.000000
vt -32.253503 0.500000 0.000000
vt -32.253503 1.000000 0.000000
vt -31.946326 0.500000 0.000000
vt -31.946326 1.000000 0.000000
vt -31.639150 0.500000 0.000000
vt -31.639150 1.000000 0.000000
vt -31.331974 0.500000 0.000000
vt -31.331974 1.000000 0.000000
vt -31.024798 0.500000 0.000000
vt -31.024798 1.000000 0.000000
vt -30.717622 0.500000 0.000000
vt -30.717622 1.000000 0.000000
vt -30.103269 0.500000 0.000000
vt -30.103269 1.000000 0.000000
vt -29.488917 0.500000 0.000000
vt -29.488917 1.000000 0.000000
vt -28.260212 0.500000 0.000000
vt -28.260212 1.000000 0.000000
vt -27.031507 0.500000 0.000000
vt -27.031507 1.000000 0.000000
vt -25.802802 0.500000 0.000000
vt -25.802802 1.000000 0.000000
vt -24.574097 0.500000 0.000000
vt -24.574097 1.000000 0.000000
vt -23.345392 0.500000 0.000000
vt -23.345392 1.000000 0.000000
vt -22.116687 0.500000 0.000000
vt -22.116687 1.000000 0.000000
vt -20.887983 0.500000 0.000000
vt -20.887983 1.000000 0.000000
vt -19.659278 0.500000 0.000000
vt -19.659278 1.000000 0.000000
vt -18.430573 0.500000 0.000000
vt -18.430573 1.000000 0.000000
vt -17.201868 0.500000 0.000000
vt -17.201868 1.000000 0.000000
vt -14.744458 0.500000 0.000000
vt -14.744458 1.000000 0.000000
vt -13.515753 0.500000 0.000000
vt -13.515753 1.000000 0.000000
vt -12.901401 0.500000 0.000000
vt -12.901401 1.000000 0.000000
vt -12.594225 0.500000 0.000000
vt -12.594225 1.000000 0.000000
vt -12.287049 0.500000 0.000000
vt -12.287049 1.000000 0.000000
vt -11.979872 0.500000 0.000000
vt -11.979872 1.000000 0.000000
vt -11.672696 0.500000 0.000000
vt -11.672696 1.000000 0.000000
vt -11.365520 0.500000 0.000000
vt -11.365520 1.000000 0.000000
vt -11.058344 0.500000 0.000000
vt -11.058344 1.000000 0.000000
vt -10.443991 0.500000 0.000000
vt -10.443991 1.000000 0.000000
vt -9.829639 0.500000 0.000000
vt -9.829639 1.000000 0.000000
vt -7.372229 0.500000 0.000000
vt -7.372229 1.000000 0.000000
vt -4.914819 0.500000 0.000000
vt -4.914819 1.000000 0.000000
vt -2.457410 0.500000 0.000000
vt -2.457410 1.000000 0.000000
vt -0.000000 0.500000 0.000000
vt -0.000000 1.000000 0.000000
vt 0.349824 3.383297 0.000000
vt -0.833705 3.380964 0.000000
vt 4.793888 -1.643516 0.000000
vt -1.721990 3.285653 0.000000
vt -5.430573 -1.275803 0.000000
vt -3.037079 3.039240 0.000000
vt -6.244458 -0.523330 0.000000
vt -4.482222 2.640163 0.000000
vt -6.545728 -0.152240 0.000000
vt -5.703574 2.121534 0.000000
vt -6.755475 0.207850 0.000000
vt -6.822202 0.382951 0.000000
vt -6.164122 1.831360 0.000000
vt -6.862084 0.554725 0.000000
vt -6.874428 0.723349 0.000000
vt -6.858766 0.889082 0.000000
vt -6.814787 1.052194 0.000000
vt -6.742279 1.212903 0.000000
vt -6.511007 1.527368 0.000000
vt -4.440315 -1.989583 0.000000
vt 3.952230 -2.232086 0.000000
vt -3.352169 -2.601289 0.000000
vt 2.918285 -2.775748 0.000000
vt -2.179604 -3.059692 0.000000
vt 1.713246 -3.178381 0.000000
vt -0.917674 -3.325390 0.000000
vt 0.404813 -3.368992 0.000000
vt 6.083392 -0.445941 0.000000
vt 2.276097 3.335566 0.000000
vt 4.164405 2.940271 0.000000
vt 6.608753 0.256407 0.000000
vt 6.789134 0.628865 0.000000
vt 6.008471 2.198984 0.000000
vt 6.844261 0.814252 0.000000
vt 6.871034 0.996401 0.000000
vt 6.866821 1.173518 0.000000
vt 6.830267 1.344156 0.000000
vt 6.761415 1.507286 0.000000
vt 6.661598 1.662290 0.000000
vt 6.379086 1.947045 0.000000
vt -18.263113 0.500000 0.000000
vt -17.121668 0.500000 0.000000
vt -18.263113 1.000000 0.000000
vt -17.121668 1.000000 0.000000
vt -15.980224 0.500000 0.000000
vt -15.980224 1.000000 0.000000
vt -13.697335 0.500000 0.000000
vt -13.697335 1.000000 0.000000
vt -12.555890 0.500000 0.000000
vt -12.555890 1.000000 0.000000
vt -11.414446 0.500000 0.000000
vt -11.414446 1.000000 0.000000
vt -9.131556 0.500000 0.000000
vt -9.131556 1.000000 0.000000
vt -7.990112 0.500000 0.000000
vt -7.990112 1.000000 0.000000
vt -6.848667 0.500000 0.000000
vt -6.848667 1.000000 0.000000
vt -5.707223 0.500000 0.000000
vt -5.707223 1.000000 0.000000
vt -5.136500 0.500000 0.000000
vt -5.136500 1.000000 0.000000
vt -4.565778 0.500000 0.000000
vt -4.565778 1.000000 0.000000
vt -4.280417 0.500000 0.000000
vt -4.280417 1.000000 0.000000
vt -3.995056 0.500000 0.000000
vt -3.995056 1.000000 0.000000
vt -3.709695 0.500000 0.000000
vt -3.709695 1.000000 0.000000
vt -3.424334 0.500000 0.000000
vt -3.424334 1.000000 0.000000
vt -3.138973 0.500000 0.000000
vt -3.138973 1.000000 0.000000
vt -2.853611 0.500000 0.000000
vt -2.853611 1.000000 0.000000
vt -2.282889 0.500000 0.000000
vt -2.282889 1.000000 0.000000
vt -1.141445 0.500000 0.000000
vt -1.141445 1.000000 0.000000
vt 0.000000 0.500000 0.000000
vt 0.000000 1.000000 0.000000
vt 2.429624 0.500000 0.000000
vt 0.000000 1.000000 0.000000
vt 2.429624 1.000000 0.000000
vt 3.644436 0.500000 0.000000
vt 3.644436 1.000000 0.000000
vt 4.859248 0.500000 0.000000
vt 4.859248 1.000000 0.000000
vt 7.288872 0.500000 0.000000
vt 7.288872 1.000000 0.000000
vt 8.503684 0.500000 0.000000
vt 8.503684 1.000000 0.000000
vt 9.718495 0.500000 0.000000
vt 9.718495 1.000000 0.000000
vt 10.933307 0.500000 0.000000
vt 10.933307 1.000000 0.000000
vt 12.148119 0.500000 0.000000
vt 12.148119 1.000000 0.000000
vt 13.362931 0.500000 0.000000
vt 13.362931 1.000000 0.000000
vt 14.577743 0.500000 0.000000
vt 14.577743 1.000000 0.000000
vt 15.792555 0.500000 0.000000
vt 15.792555 1.000000 0.000000
vt 16.096258 0.500000 0.000000
vt 16.096258 1.000000 0.000000
vt 16.399961 0.500000 0.000000
vt 16.399961 1.000000 0.000000
vt 16.703664 0.500000 0.000000
vt 16.703664 1.000000 0.000000
vt 17.007367 0.500000 0.000000
vt 17.007367 1.000000 0.000000
vt 17.311070 0.500000 0.000000
vt 17.311070 1.000000 0.000000
vt 17.614773 0.500000 0.000000
vt 17.614773 1.000000 0.000000
vt 18.222179 0.500000 0.000000
vt 18.222179 1.000000 0.000000
vt 19.436991 0.500000 0.000000
vt 19.436991 1.000000 0.000000
vt -1.021464 4.345301 0.000000
vt 2.324338 -1.146779 0.000000
vt 0.132232 5.477306 0.000000
vt 2.512747 0.030461 0.000000
vt 0.645876 5.878544 0.000000
vt 2.711294 2.581279 0.000000
vt 2.649695 3.626816 0.000000
vt -1.596375 3.581228 0.000000
vt -1.499826 -4.778643 0.000000
vt 1.716735 -3.627960 0.000000
vt 2.162041 -2.051824 0.000000
vt -2.035907 2.661459 0.000000
vt -1.977733 -3.909244 0.000000
vt -2.348876 -2.862999 0.000000
vt -2.605540 -1.691874 0.000000
vt -2.616152 0.613181 0.000000
vt -2.709396 -0.502917 0.000000
vt 1.451141 -4.373102 0.000000
vt -0.989299 -5.490731 0.000000
vt 0.584099 -5.818695 0.000000
vt 0.269232 -6.074940 0.000000
vt -0.523400 -6.024966 0.000000
vt 0.121144 -6.149324 0.000000
vt -0.405916 -6.109689 0.000000
vt -0.020454 -6.188723 0.000000
vt -0.155381 -6.194147 0.000000
vt -0.283685 -6.167084 0.000000
vt 1.285712 -4.869067 0.000000
vt 1.103912 6.134091 0.000000
vt 2.531768 4.517397 0.000000
vt 2.334277 5.296769 0.000000
vt 2.182500 5.633359 0.000000
vt 1.994068 5.909325 0.000000
vt 1.889302 6.016456 0.000000
vt 1.779880 6.099585 0.000000
vt 1.667608 6.157647 0.000000
vt 1.554057 6.191308 0.000000
vt 1.440422 6.202757 0.000000
vt 1.327455 6.195043 0.000000
vt 0.000000 0.500000 0.000000
vt 2.927743 0.500000 0.000000
vt 0.000000 1.000000 0.000000
vt 2.927743 1.000000 0.000000
vt 4.391614 0.500000 0.000000
vt 4.391614 1.000000 0.000000
vt 5.855485 0.500000 0.000000
vt 5.855485 1.000000 0.000000
vt 8.783228 0.500000 0.000000
vt 8.783228 1.000000 0.000000
vt 10.247099 0.500000 0.000000
vt 10.247099 1.000000 0.000000
vt 11.710970 0.500000 0.000000
vt 11.710970 1.000000 0.000000
vt 13.174841 0.500000 0.000000
vt 13.174841 1.000000 0.000000
vt 14.638713 0.500000 0.000000
vt 14.638713 1.000000 0.000000
vt 16.102584 0.500000 0.000000
vt 16.102584 1.000000 0.000000
vt 17.566455 0.500000 0.000000
vt 17.566455 1.000000 0.000000
vt 19.030327 0.500000 0.000000
vt 19.030327 1.000000 0.000000
vt 20.494198 0.500000 0.000000
vt 20.494198 1.000000 0.000000
vt 21.958069 0.500000 0.000000
vt 21.958069 1.000000 0.000000
vt 23.421940 0.500000 0.000000
vt 23.421940 1.000000 0.000000
vt 24.885812 0.500000 0.000000
vt 24.885812 1.000000 0.000000
vt 26.349683 0.500000 0.000000
vt 26.349683 1.000000 0.000000
vt 27.813554 0.500000 0.000000
vt 27.813554 1.000000 0.000000
vt 29.277425 0.500000 0.000000
vt 29.277425 1.000000 0.000000
vt 30.741297 0.500000 0.000000
vt 30.741297 1.000000 0.000000
vt 32.205168 0.500000 0.000000
vt 32.205168 1.000000 0.000000
vt 33.669039 0.500000 0.000000
vt 33.669039 1.000000 0.000000
vt 35.132911 0.500000 0.000000
vt 35.132911 1.000000 0.000000
vt 35.864846 0.500000 0.000000
vt 35.864846 1.000000 0.000000
vt 36.596782 0.500000 0.000000
vt 36.596782 1.000000 0.000000
vt 37.328717 0.500000 0.000000
vt 37.328717 1.000000 0.000000
vt 38.060653 0.500000 0.000000
vt 38.060653 1.000000 0.000000
vt 38.792589 0.500000 0.000000
vt 38.792589 1.000000 0.000000
vt 39.524524 0.500000 0.000000
vt 39.524524 1.000000 0.000000
vt 40.256460 0.500000 0.000000
vt 40.256460 1.000000 0.000000
vt 40.988396 0.500000 0.000000
vt 40.988396 1.000000 0.000000
vt 41.720331 0.500000 0.000000
vt 41.720331 1.000000 0.000000
vt 42.452267 0.500000 0.000000
vt 42.452267 1.000000 0.000000
vt 43.184203 0.500000 0.000000
vt 43.184203 1.000000 0.000000
vt 43.916138 0.500000 0.000000
vt 43.916138 1.000000 0.000000
vt 45.380010 0.500000 0.000000
vt 45.380010 1.000000 0.000000
vt 46.111945 0.500000 0.000000
vt 46.111945 1.000000 0.000000
vt 46.843881 0.500000 0.000000
vt 46.843881 1.000000 0.000000
vt -5.660833 2.923402 0.000000
vt -6.311557 1.214415 0.000000
vt -5.294727 3.492390 0.000000
vt 1.874446 -6.677369 0.000000
vt 3.166584 -5.883556 0.000000
vt -6.587209 0.101942 0.000000
vt -6.698272 -0.952647 0.000000
vt -6.597755 -2.431249 0.000000
vt -6.413522 -3.270833 0.000000
vt -6.031912 -4.223610 0.000000
vt -5.516818 -5.079808 0.000000
vt -4.872786 -5.830665 0.000000
vt -4.055068 -6.495656 0.000000
vt -3.044557 -7.004922 0.000000
vt -1.874273 -7.302666 0.000000
vt -0.649126 -7.372204 0.000000
vt 0.587347 -7.179889 0.000000
vt -4.747936 4.197150 0.000000
vt 4.344781 -4.847179 0.000000
vt -3.167503 5.766651 0.000000
vt 5.324255 -3.576168 0.000000
vt 6.060677 -2.109172 0.000000
vt 6.520983 -0.586827 0.000000
vt 6.695120 0.873622 0.000000
vt 6.602668 2.307453 0.000000
vt 6.223482 3.760305 0.000000
vt 5.895981 4.465538 0.000000
vt 5.458804 5.128786 0.000000
vt 4.906872 5.731855 0.000000
vt 4.244994 6.262252 0.000000
vt 3.485427 6.709475 0.000000
vt -2.215021 6.451094 0.000000
vt 2.644329 7.059890 0.000000
vt 1.738259 7.291699 0.000000
vt 0.782101 7.373415 0.000000
vt -1.216763 6.964437 0.000000
vt -0.209120 7.271893 0.000000
vt -40.790273 0.500000 0.000000
vt -39.515577 0.500000 0.000000
vt -40.790273 1.000000 0.000000
vt -39.515577 1.000000 0.000000
vt -38.240881 0.500000 0.000000
vt -38.240881 1.000000 0.000000
vt -36.966185 0.500000 0.000000
vt -36.966185 1.000000 0.000000
vt -35.691489 0.500000 0.000000
vt -35.691489 1.000000 0.000000
vt -34.416793 0.500000 0.000000
vt -34.416793 1.000000 0.000000
vt -33.142097 0.500000 0.000000
vt -33.142097 1.000000 0.000000
vt -31.867401 0.500000 0.000000
vt -31.867401 1.000000 0.000000
vt -30.592705 0.500000 0.000000
vt -30.592705 1.000000 0.000000
vt -29.318009 0.500000 0.000000
vt -29.318009 1.000000 0.000000
vt -28.043313 0.500000 0.000000
vt -28.043313 1.000000 0.000000
vt -27.405965 0.500000 0.000000
vt -27.405965 1.000000 0.000000
vt -26.768617 0.500000 0.000000
vt -26.768617 1.000000 0.000000
vt -26.131269 0.500000 0.000000
vt -26.131269 1.000000 0.000000
vt -25.493921 0.500000 0.000000
vt -25.493921 1.000000 0.000000
vt -24.219225 0.500000 0.000000
vt -24.219225 1.000000 0.000000
vt -22.944528 0.500000 0.000000
vt -22.944528 1.000000 0.000000
vt -21.669832 0.500000 0.000000
vt -21.669832 1.000000 0.000000
vt -20.395136 0.500000 0.000000
vt -20.395136 1.000000 0.000000
vt -19.120440 0.500000 0.000000
vt -19.120440 1.000000 0.000000
vt -17.845744 0.500000 0.000000
vt -17.845744 1.000000 0.000000
vt -16.571048 0.500000 0.000000
vt -16.571048 1.000000 0.000000
vt -15.296352 0.500000 0.000000
vt -15.296352 1.000000 0.000000
vt -14.021656 0.500000 0.000000
vt -14.021656 1.000000 0.000000
vt -12.746960 0.500000 0.000000
vt -12.746960 1.000000 0.000000
vt -11.472264 0.500000 0.000000
vt -11.472264 1.000000 0.000000
vt -10.197568 0.500000 0.000000
vt -10.197568 1.000000 0.000000
vt -8.922872 0.500000 0.000000
vt -8.922872 1.000000 0.000000
vt -7.648176 0.500000 0.000000
vt -7.648176 1.000000 0.000000
vt -7.010828 0.500000 0.000000
vt -7.010828 1.000000 0.000000
vt -6.373480 0.500000 0.000000
vt -6.373480 1.000000 0.000000
vt -5.736132 0.500000 0.000000
vt -5.736132 1.000000 0.000000
vt -5.098784 0.500000 0.000000
vt -5.098784 1.000000 0.000000
vt -3.824088 0.500000 0.000000
vt -3.824088 1.000000 0.000000
vt -2.549392 0.500000 0.000000
vt -2.549392 1.000000 0.000000
vt -1.274696 0.500000 0.000000
vt -1.274696 1.000000 0.000000
vt -0.000000 0.500000 0.000000
vt -0.000000 1.000000 0.000000
vt -6.561478 2.355106 0.000000
vt -6.670181 1.451389 0.000000
vt 2.358113 6.469641 0.000000
vt -6.648275 0.308589 0.000000
vt -6.392774 -1.116349 0.000000
vt -5.784967 -2.676699 0.000000
vt 3.456688 5.685967 0.000000
vt -4.812082 -4.185992 0.000000
vt 4.424761 4.762679 0.000000
vt -3.568713 -5.489018 0.000000
vt 5.173865 3.838858 0.000000
vt 5.698051 2.955219 0.000000
vt 6.101304 2.010447 0.000000
vt -2.176901 -6.476429 0.000000
vt 6.437348 0.882611 0.000000
vt -0.715896 -7.091481 0.000000
vt 6.645797 -0.469607 0.000000
vt 0.776203 -7.322223 0.000000
vt 6.635185 -1.975539 0.000000
vt 2.254112 -7.184162 0.000000
vt 3.635245 -6.704258 0.000000
vt 4.258366 -6.344849 0.000000
vt 6.341969 -3.479441 0.000000
vt 4.821488 -5.909665 0.000000
vt 5.316161 -5.401096 0.000000
vt 5.736466 -4.822311 0.000000
vt 1.162538 7.013267 0.000000
vt -2.994032 6.988834 0.000000
vt -3.638740 6.712032 0.000000
vt -4.224536 6.354605 0.000000
vt -0.160626 7.292338 0.000000
vt -1.588610 7.295064 0.000000
vt -4.743183 5.923647 0.000000
vt -5.191233 5.431383 0.000000
vt -5.879272 4.339478 0.000000
vt -6.318115 3.271882 0.000000
vt -17.667579 0.500000 0.000000
vt -17.529551 0.500000 0.000000
vt -17.667579 1.000000 0.000000
vt -17.529551 1.000000 0.000000
vt -17.391523 0.500000 0.000000
vt -17.391523 1.000000 0.000000
vt -17.115467 0.500000 0.000000
vt -17.115467 1.000000 0.000000
vt -16.839411 0.500000 0.000000
vt -16.839411 1.000000 0.000000
vt -16.563355 0.500000 0.000000
vt -16.563355 1.000000 0.000000
vt -16.011243 0.500000 0.000000
vt -16.011243 1.000000 0.000000
vt -15.459131 0.500000 0.000000
vt -15.459131 1.000000 0.000000
vt -14.354908 0.500000 0.000000
vt -14.354908 1.000000 0.000000
vt -13.250684 0.500000 0.000000
vt -13.250684 1.000000 0.000000
vt -11.042237 0.500000 0.000000
vt -11.042237 1.000000 0.000000
vt -8.833789 0.500000 0.000000
vt -8.833789 1.000000 0.000000
vt -6.625342 0.500000 0.000000
vt -6.625342 1.000000 0.000000
vt -4.416895 0.500000 0.000000
vt -4.416895 1.000000 0.000000
vt -3.312671 0.500000 0.000000
vt -3.312671 1.000000 0.000000
vt -2.760559 0.500000 0.000000
vt -2.760559 1.000000 0.000000
vt -2.208447 0.500000 0.000000
vt -2.208447 1.000000 0.000000
vt -1.932391 0.500000 0.000000
vt -1.932391 1.000000 0.000000
vt -1.656335 0.500000 0.000000
vt -1.656335 1.000000 0.000000
vt -1.380280 0.500000 0.000000
vt -1.380280 1.000000 0.000000
vt -1.104224 0.500000 0.000000
vt -1.104224 1.000000 0.000000
vt -0.552112 0.500000 0.000000
vt -0.552112 1.000000 0.000000
vt 0.000000 0.500000 0.000000
vt 0.000000 1.000000 0.000000
vt -7.490855 0.500000 0.000000
vt -5.618141 0.500000 0.000000
vt -7.490855 1.000000 0.000000
vt -5.618141 1.000000 0.000000
vt -3.745427 0.500000 0.000000
vt -3.745427 1.000000 0.000000
vt -1.872714 0.500000 0.000000
vt -1.872714 1.000000 0.000000
vt -0.936357 0.500000 0.000000
vt -0.468178 0.500000 0.000000
vt -0.351134 0.500000 0.000000
vt -0.292612 0.500000 0.000000
vt -0.234089 0.500000 0.000000
vt -0.204828 0.500000 0.000000
vt -0.175567 0.500000 0.000000
vt -0.146306 0.500000 0.000000
vt -0.117045 0.500000 0.000000
vt -0.146306 1.000000 0.000000
vt -0.175567 1.000000 0.000000
vt -0.204828 1.000000 0.000000
vt -0.117045 1.000000 0.000000
vt -0.087783 0.500000 0.000000
vt -0.087783 1.000000 0.000000
vt -0.058522 0.500000 0.000000
vt -0.058522 1.000000 0.000000
vt -0.029261 0.500000 0.000000
vt -0.029261 1.000000 0.000000
vt 0.000000 0.500000 0.000000
vt 0.000000 1.000000 0.000000
vt -0.234089 1.000000 0.000000
vt -0.292612 1.000000 0.000000
vt -0.351134 1.000000 0.000000
vt -0.468178 1.000000 0.000000
vt -0.936357 1.000000 0.000000
vt -8.312696 0.500000 0.000000
vt -7.273609 0.500000 0.000000
vt -8.312696 1.000000 0.000000
vt -7.273609 1.000000 0.000000
vt -6.234522 0.500000 0.000000
vt -6.234522 1.000000 0.000000
vt -5.195435 0.500000 0.000000
vt -5.195435 1.000000 0.000000
vt -4.156348 0.500000 0.000000
vt -4.156348 1.000000 0.000000
vt -3.117261 0.500000 0.000000
vt -3.117261 1.000000 0.000000
vt -2.078174 0.500000 0.000000
vt -2.078174 1.000000 0.000000
vt -1.039087 0.500000 0.000000
vt -1.039087 1.000000 0.000000
vt -0.519544 0.500000 0.000000
vt -0.519544 1.000000 0.000000
vt 0.000000 0.500000 0.000000
vt 0.000000 1.000000 0.000000
vt -4.965004 4.230475 0.000000
vt -4.812679 4.336099 0.000000
vt -4.943270 4.272374 0.000000
vt -4.923568 4.302299 0.000000
vt -4.937065 4.294437 0.000000
vt -4.981152 4.185184 0.000000
vt -4.996688 4.084429 0.000000
vt -4.989910 3.970137 0.000000
vt -4.334212 4.409171 0.000000
vt -4.960938 3.842406 0.000000
vt -4.837670 3.547610 0.000000
vt -4.631762 3.203788 0.000000
vt -2.687568 4.472321 0.000000
vt -4.012177 2.399533 0.000000
vt -3.208243 1.509690 0.000000
vt -0.823678 4.230504 0.000000
vt -1.461714 -0.217770 0.000000
vt 0.858595 3.626909 0.000000
vt 1.207135 3.445456 0.000000
vt 1.680397 3.117249 0.000000
vt 2.656463 2.323502 0.000000
vt 3.323045 1.568408 0.000000
vt 0.235040 -1.713849 0.000000
vt 3.929161 0.639642 0.000000
vt 4.378720 -0.332200 0.000000
vt 1.947449 -3.047992 0.000000
vt 4.734067 -1.475854 0.000000
vt 4.943203 -2.652211 0.000000
vt 3.520799 -4.080804 0.000000
vt 4.165613 -4.376285 0.000000
vt 5.005721 -4.230804 0.000000
vt 4.434182 -4.451250 0.000000
vt 4.653226 -4.475262 0.000000
vt 4.966008 -4.311341 0.000000
vt 4.740226 -4.468808 0.000000
vt 4.811022 -4.451214 0.000000
vt 4.866264 -4.424155 0.000000
vt 4.908206 -4.390010 0.000000
vt -4.941670 4.290601 0.000000
vt -4.944716 4.274125 0.000000
vt -4.945804 4.275892 0.000000
vt -4.946536 4.277675 0.000000
vt -4.946912 4.279473 0.000000
vt -4.946930 4.281288 0.000000
vt -4.946592 4.283119 0.000000
vt -4.945897 4.284965 0.000000
vt -4.944845 4.286828 0.000000
vt -37.809408 0.500000 0.000000
vt -36.627864 0.500000 0.000000
vt -37.809408 1.000000 0.000000
vt -36.627864 1.000000 0.000000
vt -35.446320 0.500000 0.000000
vt -35.446320 1.000000 0.000000
vt -34.855548 0.500000 0.000000
vt -34.855548 1.000000 0.000000
vt -34.264776 0.500000 0.000000
vt -34.264776 1.000000 0.000000
vt -33.674004 0.500000 0.000000
vt -33.674004 1.000000 0.000000
vt -33.083232 0.500000 0.000000
vt -33.083232 1.000000 0.000000
vt -32.492460 0.500000 0.000000
vt -32.492460 1.000000 0.000000
vt -31.901688 0.500000 0.000000
vt -31.901688 1.000000 0.000000
vt -31.310916 0.500000 0.000000
vt -31.310916 1.000000 0.000000
vt -30.720144 0.500000 0.000000
vt -30.720144 1.000000 0.000000
vt -30.129372 0.500000 0.000000
vt -30.129372 1.000000 0.000000
vt -29.538600 0.500000 0.000000
vt -29.538600 1.000000 0.000000
vt -28.357056 0.500000 0.000000
vt -28.357056 1.000000 0.000000
vt -27.175512 0.500000 0.000000
vt -27.175512 1.000000 0.000000
vt -25.993968 0.500000 0.000000
vt -25.993968 1.000000 0.000000
vt -24.812424 0.500000 0.000000
vt -24.812424 1.000000 0.000000
vt -23.630880 0.500000 0.000000
vt -23.630880 1.000000 0.000000
vt -22.449336 0.500000 0.000000
vt -22.449336 1.000000 0.000000
vt -21.267792 0.500000 0.000000
vt -21.267792 1.000000 0.000000
vt -20.086248 0.500000 0.000000
vt -20.086248 1.000000 0.000000
vt -18.904704 0.500000 0.000000
vt -18.904704 1.000000 0.000000
vt -17.723160 0.500000 0.000000
vt -17.723160 1.000000 0.000000
vt -16.541616 0.500000 0.000000
vt -16.541616 1.000000 0.000000
vt -15.360072 0.500000 0.000000
vt -15.360072 1.000000 0.000000
vt -14.178528 0.500000 0.000000
vt -14.178528 1.000000 0.000000
vt -12.996984 0.500000 0.000000
vt -12.996984 1.000000 0.000000
vt -11.815440 0.500000 0.000000
vt -11.815440 1.000000 0.000000
vt -10.633896 0.500000 0.000000
vt -10.633896 1.000000 0.000000
vt -9.452352 0.500000 0.000000
vt -9.452352 1.000000 0.000000
vt -8.270808 0.500000 0.000000
vt -8.270808 1.000000 0.000000
vt -7.089264 0.500000 0.000000
vt -7.089264 1.000000 0.000000
vt -5.907720 0.500000 0.000000
vt -5.907720 1.000000 0.000000
vt -4.726176 0.500000 0.000000
vt -4.726176 1.000000 0.000000
vt -3.544632 0.500000 0.000000
vt -3.544632 1.000000 0.000000
vt -2.363088 0.500000 0.000000
vt -2.363088 1.000000 0.000000
vt -1.181544 0.500000 0.000000
vt -1.181544 1.000000 0.000000
vt -0.000000 0.500000 0.000000
vt -0.000000 1.000000 0.000000
vt -4.011592 5.518032 0.000000
vt -4.679915 4.986104 0.000000
vt 4.150308 5.440448 0.000000
vt -5.473625 4.157261 0.000000
vt 5.212008 4.574937 0.000000
vt 6.013151 3.543844 0.000000
vt 6.575341 2.379121 0.000000
vt 6.937747 1.117583 0.000000
vt -6.317458 2.926345 0.000000
vt -6.667830 2.164151 0.000000
vt -6.920018 1.322017 0.000000
vt -7.049278 0.422140 0.000000
vt -7.044536 -0.508152 0.000000
vt -6.905913 -1.438885 0.000000
vt -6.641974 -2.339961 0.000000
vt 7.074659 -0.194368 0.000000
vt 6.926679 -1.496913 0.000000
vt 6.496864 -2.715075 0.000000
vt 5.875252 -3.774848 0.000000
vt 5.150598 -4.645021 0.000000
vt 4.332540 -5.358602 0.000000
vt 3.379294 -5.956397 0.000000
vt 2.261707 -6.419550 0.000000
vt 0.985444 -6.689129 0.000000
vt -0.411433 -6.724589 0.000000
vt -6.266968 -3.183697 0.000000
vt -1.866619 -6.510584 0.000000
vt -5.798087 -3.947346 0.000000
vt -5.252748 -4.615603 0.000000
vt -4.646627 -5.181948 0.000000
vt -3.305176 -6.017875 0.000000
vt 2.902137 6.109248 0.000000
vt -2.188551 6.349522 0.000000
vt -3.237569 5.943068 0.000000
vt -0.960264 6.652860 0.000000
vt 1.595857 6.550369 0.000000
vt 0.309388 6.735150 0.000000
vt -15.438511 29.698236 0.000000
vt -15.730410 31.235119 0.000000
vt -15.464648 29.688932 0.000000
vt -16.049747 31.180941 0.000000
vt -16.291622 31.094256 0.000000
vt -15.404918 29.704661 0.000000
vt -15.315271 29.708824 0.000000
vt -14.861928 31.241768 0.000000
vt -15.047384 29.682456 0.000000
vt -14.247112 29.513219 0.000000
vt -13.425341 29.276773 0.000000
vt -13.463818 30.193646 0.000000
vt -14.386681 31.580158 0.000000
vt -12.868977 29.054065 0.000000
vt -12.891812 29.595870 0.000000
vt -13.206811 29.971426 0.000000
vt -12.766023 29.394899 0.000000
vt -12.827116 29.061936 0.000000
vt -12.726063 29.304312 0.000000
vt -12.791388 29.073669 0.000000
vt -12.761820 29.089276 0.000000
vt -12.706598 29.224981 0.000000
vt -12.738441 29.108768 0.000000
vt -12.705435 29.190348 0.000000
vt -12.721266 29.132139 0.000000
vt -12.710284 29.159357 0.000000
vt -13.256728 30.183878 0.000000
vt -13.151836 31.779931 0.000000
vt -13.621000 31.792251 0.000000
vt -14.071667 31.720442 0.000000
vt -12.773945 31.699659 0.000000
vt -12.970463 30.130646 0.000000
vt -12.165294 31.474513 0.000000
vt -12.212751 29.900330 0.000000
vt -11.009382 30.319464 0.000000
vt -11.406535 29.545872 0.000000
vt -10.620601 29.846285 0.000000
vt -10.715201 29.112307 0.000000
vt -10.588192 29.251467 0.000000
vt -10.527090 29.651878 0.000000
vt -10.529168 29.355935 0.000000
vt -10.509409 29.418436 0.000000
vt -10.500683 29.488418 0.000000
vt -10.505914 29.566201 0.000000
vt -10.999643 30.323481 0.000000
vt -11.255278 31.912978 0.000000
vt -11.551597 31.846852 0.000000
vt -11.799416 31.745038 0.000000
vt -10.987552 30.325906 0.000000
vt -10.924369 31.921631 0.000000
vt -10.956313 30.325974 0.000000
vt -10.541010 31.846460 0.000000
vt -10.865802 30.307013 0.000000
vt -10.583437 30.196755 0.000000
vt -9.540890 31.394256 0.000000
vt -9.840622 29.785060 0.000000
vt -8.541309 29.985168 0.000000
vt -8.542520 29.980322 0.000000
vt -8.542905 29.974557 0.000000
vt -8.541198 29.960269 0.000000
vt -8.679179 28.843065 0.000000
vt -8.429642 29.714446 0.000000
vt -8.369277 29.502933 0.000000
vt -8.400948 29.187459 0.000000
vt -8.358740 29.410589 0.000000
vt -8.361120 29.327363 0.000000
vt -8.375686 29.253142 0.000000
vt -9.063493 31.508758 0.000000
vt -8.539274 29.989097 0.000000
vt -8.537947 29.990717 0.000000
vt -8.536416 29.992109 0.000000
vt -8.781571 31.544365 0.000000
vt -8.534679 29.993273 0.000000
vt -8.532737 29.994209 0.000000
vt -8.528242 29.995402 0.000000
vt -8.475267 31.536257 0.000000
vt -8.522937 29.995695 0.000000
vt -8.516829 29.995097 0.000000
vt -8.154000 31.470317 0.000000
vt -8.502247 29.991284 0.000000
vt -8.464062 29.973728 0.000000
vt -7.830124 31.348896 0.000000
vt -8.221411 29.807945 0.000000
vt -7.205413 30.968894 0.000000
vt -7.621628 29.360102 0.000000
vt -6.369104 29.504040 0.000000
vt -7.012390 28.761785 0.000000
vt -6.330260 28.961269 0.000000
vt -6.348423 28.775660 0.000000
vt -6.786872 28.492120 0.000000
vt -6.367826 28.706414 0.000000
vt -6.393585 28.651672 0.000000
vt -6.572179 28.405341 0.000000
vt -6.606457 28.370220 0.000000
vt -6.635839 28.347592 0.000000
vt -6.680675 28.337875 0.000000
vt -6.648735 28.340859 0.000000
vt -6.660484 28.337052 0.000000
vt -6.676033 28.336634 0.000000
vt -6.671122 28.336079 0.000000
vt -5.692975 28.866479 0.000000
vt -5.386699 30.698541 0.000000
vt -5.771664 30.943550 0.000000
vt -5.972530 31.017609 0.000000
vt -4.841122 27.920446 0.000000
vt -4.556932 29.869374 0.000000
vt -5.036468 30.369832 0.000000
vt -4.561166 27.505052 0.000000
vt -4.221859 27.577388 0.000000
vt -4.025647 28.286689 0.000000
vt -3.680852 29.869374 0.000000
vt -3.294656 29.611809 0.000000
vt -3.754011 28.021680 0.000000
vt -2.735604 29.160841 0.000000
vt -3.372372 27.584439 0.000000
vt -1.484473 27.669107 0.000000
vt -2.585776 26.504217 0.000000
vt -1.999289 25.454480 0.000000
vt -4.465468 27.377889 0.000000
vt -4.305680 27.399725 0.000000
vt -4.444331 27.358652 0.000000
vt -4.325596 27.373457 0.000000
vt -4.423888 27.345151 0.000000
vt -4.345261 27.354272 0.000000
vt -4.413864 27.340651 0.000000
vt -4.403938 27.337700 0.000000
vt -4.394089 27.336332 0.000000
vt -4.364784 27.342036 0.000000
vt -4.374532 27.338472 0.000000
vt -4.384293 27.336580 0.000000
vt -0.584513 25.993266 0.000000
vt -1.457491 24.055873 0.000000
vt -0.218909 25.115382 0.000000
vt 0.006985 24.394373 0.000000
vt -1.194441 22.489379 0.000000
vt 1.427429 22.489379 0.000000
vt 1.475092 21.881598 0.000000
vt -1.242104 21.881598 0.000000
vt 1.630649 21.328292 0.000000
vt -1.397661 21.328292 0.000000
vt 1.889070 20.758600 0.000000
vt -1.656082 20.758600 0.000000
vt 2.275201 20.203120 0.000000
vt -2.042212 20.203120 0.000000
vt -0.699297 13.940677 0.000000
vt -2.583572 19.721244 0.000000
vt -1.643569 13.797569 0.000000
vt -3.291075 19.340383 0.000000
vt -4.485534 17.544922 0.000000
vt -4.270519 18.226266 0.000000
vt -4.105613 20.014822 0.000000
vt -5.283426 20.883860 0.000000
vt -8.132509 22.733919 0.000000
vt -7.654566 21.239824 0.000000
vt -6.334508 20.201008 0.000000
vt -9.241754 22.357157 0.000000
vt -9.604487 23.528688 0.000000
vt -11.237390 24.294317 0.000000
vt -12.597065 24.439794 0.000000
vt -13.145885 25.101429 0.000000
vt -14.065076 25.262697 0.000000
vt -15.362716 25.976112 0.000000
vt -4.903883 16.761540 0.000000
vt -3.070372 13.350677 0.000000
vt -2.423144 13.591482 0.000000
vt -3.824882 12.963215 0.000000
vt -5.552637 15.975166 0.000000
vt -4.673165 12.392514 0.000000
vt -6.504744 15.275653 0.000000
vt -5.407697 11.725327 0.000000
vt -7.677945 12.427794 0.000000
vt -7.645855 12.343724 0.000000
vt -7.671640 12.405789 0.000000
vt -7.656293 12.364398 0.000000
vt -7.669232 12.383089 0.000000
vt -7.782058 14.709943 0.000000
vt -7.702247 12.469716 0.000000
vt -7.688147 12.449103 0.000000
vt -9.244680 14.320166 0.000000
vt -8.169704 12.661948 0.000000
vt -7.954220 12.609338 0.000000
vt -7.797522 12.545174 0.000000
vt -9.488308 12.747673 0.000000
vt -10.708804 14.138090 0.000000
vt -11.094241 12.614334 0.000000
vt -12.085177 14.170511 0.000000
vt -12.516637 12.276875 0.000000
vt -14.110479 13.661470 0.000000
vt -13.640911 11.794959 0.000000
vt -14.561946 11.190057 0.000000
vt -15.605109 12.715120 0.000000
vt -15.404852 10.423431 0.000000
vt -16.912105 11.576121 0.000000
vt -16.237052 9.467897 0.000000
vt -17.994541 10.255412 0.000000
vt -16.615806 8.841184 0.000000
vt -17.004437 7.965234 0.000000
vt -18.796368 8.792496 0.000000
vt -19.296727 7.242115 0.000000
vt -11.748223 14.373050 0.000000
vt -11.829466 15.031542 0.000000
vt -13.401374 15.187627 0.000000
vt -14.063543 15.349661 0.000000
vt -14.549683 13.823273 0.000000
vt -14.314075 15.454789 0.000000
vt -14.507529 15.575685 0.000000
vt -11.540824 14.996282 0.000000
vt -11.398212 14.686024 0.000000
vt -11.435903 14.969823 0.000000
vt -11.395082 14.953327 0.000000
vt -11.344576 14.762172 0.000000
vt -11.362527 14.934310 0.000000
vt -11.327507 14.797431 0.000000
vt -11.338490 14.912580 0.000000
vt -11.317894 14.830322 0.000000
vt -11.316064 14.845790 0.000000
vt -11.316293 14.860572 0.000000
vt -11.323090 14.888012 0.000000
vt -11.329709 14.900655 0.000000
vt -11.318625 14.874650 0.000000
vt -14.277501 15.652510 0.000000
vt -15.513311 16.721829 0.000000
vt -16.178822 15.290723 0.000000
vt -16.027133 14.855905 0.000000
vt -14.025704 15.772503 0.000000
vt -13.716175 16.115738 0.000000
vt -13.910476 15.847406 0.000000
vt -13.817006 15.930351 0.000000
vt -13.751814 16.020057 0.000000
vt -13.730327 16.067178 0.000000
vt -16.138437 17.032041 0.000000
vt -16.620200 15.466023 0.000000
vt -16.564203 17.347480 0.000000
vt -17.288312 15.768207 0.000000
vt -17.614261 16.019773 0.000000
vt -17.887328 16.360915 0.000000
vt -18.094887 16.793216 0.000000
vt -18.235610 17.312847 0.000000
vt -16.958495 18.425279 0.000000
vt -18.186497 19.366335 0.000000
vt -16.048915 17.334107 0.000000
vt -15.903378 17.349927 0.000000
vt -15.752976 17.400915 0.000000
vt -15.598557 17.492254 0.000000
vt -15.440614 17.623871 0.000000
vt -18.002824 19.366261 0.000000
vt -18.062091 20.323287 0.000000
vt -19.864864 19.750950 0.000000
vt -19.848180 19.257495 0.000000
vt -17.623578 19.387887 0.000000
vt -17.438676 19.862225 0.000000
vt -17.239617 19.449788 0.000000
vt -17.103918 19.500558 0.000000
vt -17.053553 19.530955 0.000000
vt -17.014840 19.564615 0.000000
vt -19.225967 21.439266 0.000000
vt -20.154711 19.922369 0.000000
vt -20.399670 20.168731 0.000000
vt -20.596412 20.486155 0.000000
vt -20.742037 20.854403 0.000000
vt -20.879691 21.563174 0.000000
vt -20.823928 21.957953 0.000000
vt -20.874817 21.810811 0.000000
vt -20.854990 21.897112 0.000000
vt -20.840853 21.930707 0.000000
vt -19.057314 22.462006 0.000000
vt -18.773968 21.434010 0.000000
vt -18.469502 21.896254 0.000000
vt -18.479924 21.462536 0.000000
vt -18.138429 21.553428 0.000000
vt -19.630415 23.108522 0.000000
vt -19.835795 23.420022 0.000000
vt -21.158907 22.381756 0.000000
vt -19.977029 23.716487 0.000000
vt -21.395026 22.714528 0.000000
vt -21.586877 23.120961 0.000000
vt -21.675201 23.566884 0.000000
vt -21.661990 23.981637 0.000000
vt -21.494118 24.430721 0.000000
vt -21.590213 24.284906 0.000000
vt -21.544271 24.378416 0.000000
vt -21.519689 24.409726 0.000000
vt -19.875466 23.677627 0.000000
vt -19.431186 24.480717 0.000000
vt -20.007879 25.085414 0.000000
vt -20.233646 25.435449 0.000000
vt -20.409640 25.813452 0.000000
vt -19.728078 23.643302 0.000000
vt -19.325369 23.597301 0.000000
vt -18.879296 24.021769 0.000000
vt -18.923184 23.612460 0.000000
vt -18.775664 23.653053 0.000000
vt -18.720943 23.850168 0.000000
vt -18.718788 23.681957 0.000000
vt -18.683005 23.778669 0.000000
vt -18.674588 23.746421 0.000000
vt -18.673185 23.716487 0.000000
vt -20.212458 25.818360 0.000000
vt -19.709908 27.087505 0.000000
vt -21.586877 27.030594 0.000000
vt -21.914123 26.658236 0.000000
vt -21.726396 26.934895 0.000000
vt -21.648867 27.006312 0.000000
vt -21.615882 27.024350 0.000000
vt -21.600881 27.028945 0.000000
vt -19.898068 25.790642 0.000000
vt -19.345528 26.373701 0.000000
vt -19.548560 25.750697 0.000000
vt -19.247263 26.122846 0.000000
vt -19.399735 25.743854 0.000000
vt -19.338142 25.749204 0.000000
vt -19.205818 25.941228 0.000000
vt -19.286966 25.763066 0.000000
vt -19.265646 25.773824 0.000000
vt -19.206163 25.875107 0.000000
vt -19.247337 25.787461 0.000000
vt -19.211485 25.847850 0.000000
vt -19.232146 25.804207 0.000000
vt -19.220169 25.824273 0.000000
vt -20.289470 28.078655 0.000000
vt -21.712373 27.179455 0.000000
vt -21.819075 27.361120 0.000000
vt -21.905096 27.574597 0.000000
vt -21.966032 27.816354 0.000000
vt -21.994338 28.079045 0.000000
vt -21.980726 28.352066 0.000000
vt -21.916929 28.623311 0.000000
vt -21.798663 28.880964 0.000000
vt -21.627959 29.115045 0.000000
vt -21.412406 29.317851 0.000000
vt -21.162491 29.483755 0.000000
vt -20.888928 29.609053 0.000000
vt -20.600232 29.691867 0.000000
vt -20.301786 29.731788 0.000000
vt -19.996449 29.729222 0.000000
vt -19.685372 29.684783 0.000000
vt -18.818270 28.076846 0.000000
vt -19.573459 29.885737 0.000000
vt -19.337787 30.109248 0.000000
vt -18.138429 28.925853 0.000000
vt -19.008400 30.328479 0.000000
vt -18.631474 30.504646 0.000000
vt -18.062960 28.969582 0.000000
vt -18.231003 30.618123 0.000000
vt -17.958629 29.005308 0.000000
vt -17.803171 30.673311 0.000000
vt -17.664145 29.052008 0.000000
vt -16.836249 30.647866 0.000000
vt -16.806684 29.041028 0.000000
vt -15.855525 28.886986 0.000000
vt -17.477494 28.168783 0.000000
vt -17.725999 28.472966 0.000000
vt -15.020019 28.601394 0.000000
vt -15.066276 29.365154 0.000000
vt -14.977134 28.639345 0.000000
vt -14.905574 29.129486 0.000000
vt -14.945443 29.206827 0.000000
vt -14.940310 28.682863 0.000000
vt -14.879091 29.054065 0.000000
vt -14.909801 28.732002 0.000000
vt -14.886100 28.786741 0.000000
vt -14.869995 28.846880 0.000000
vt -14.865161 28.981285 0.000000
vt -14.862579 28.911956 0.000000
vt 16.424713 -2.950512 0.000000
vt 14.653954 -3.253850 0.000000
vt 16.620164 -5.087095 0.000000
vt 14.360738 -4.757752 0.000000
vt 13.755234 -6.100622 0.000000
vt 14.664565 -1.747917 0.000000
vt 16.392573 -1.151532 0.000000
vt 14.456116 -0.395700 0.000000
vt 16.523770 0.229973 0.000000
vt 14.120072 0.732136 0.000000
vt 16.654307 0.757553 0.000000
vt 16.172037 3.696037 0.000000
vt 16.833476 1.180258 0.000000
vt 16.951746 1.364166 0.000000
vt 16.440606 3.621072 0.000000
vt 17.096668 1.526355 0.000000
vt 16.659650 3.597060 0.000000
vt 16.746650 3.603513 0.000000
vt 17.269029 1.655053 0.000000
vt 16.817446 3.621107 0.000000
vt 16.872688 3.648167 0.000000
vt 17.466754 1.739032 0.000000
vt 16.914630 3.682312 0.000000
vt 17.678328 1.769178 0.000000
vt 16.972433 3.760981 0.000000
vt 17.012145 3.841518 0.000000
vt 17.892587 1.746081 0.000000
vt 18.098292 1.678763 0.000000
vt 19.676785 3.750073 0.000000
vt 18.299891 1.574992 0.000000
vt 20.123284 2.934354 0.000000
vt 19.118885 0.891888 0.000000
vt 19.763459 0.193697 0.000000
vt 21.234431 2.036991 0.000000
vt 20.501514 -0.754800 0.000000
vt 22.311573 0.787989 0.000000
vt 20.991425 -1.562647 0.000000
vt 23.285154 -0.802104 0.000000
vt 21.492264 -2.879239 0.000000
vt 23.915411 -2.652214 0.000000
vt 21.696944 -4.426824 0.000000
vt 24.107095 -3.459573 0.000000
vt 24.220989 -4.405581 0.000000
vt 21.598121 -6.333036 0.000000
vt 24.195117 -6.743500 0.000000
vt 23.928734 -7.966522 0.000000
vt 21.405149 -7.291667 0.000000
vt 23.451120 -9.247519 0.000000
vt 21.000329 -8.393008 0.000000
vt 22.750319 -10.515865 0.000000
vt 20.307772 -9.628676 0.000000
vt 21.823690 -11.727231 0.000000
vt 19.917412 -10.140574 0.000000
vt 19.693819 -10.361740 0.000000
vt 21.718415 -12.320311 0.000000
vt 19.573662 -10.451544 0.000000
vt 21.446019 -13.285740 0.000000
vt 19.449259 -10.517520 0.000000
vt 18.088140 -12.484335 0.000000
vt 19.183550 -10.589665 0.000000
vt 18.994586 -10.599913 0.000000
vt 18.918231 -10.589276 0.000000
vt 18.851077 -10.570384 0.000000
vt 18.734749 -10.511452 0.000000
vt 18.630294 -10.426676 0.000000
vt 17.471290 -10.865163 0.000000
vt 18.515403 -10.303547 0.000000
vt 18.365361 -10.117124 0.000000
vt 18.126065 -9.792632 0.000000
vt 17.210613 -10.605645 0.000000
vt 17.603964 -8.904172 0.000000
vt 16.906362 -10.399934 0.000000
vt 16.560578 -10.249751 0.000000
vt 17.228432 -7.861754 0.000000
vt 16.179814 -10.158061 0.000000
vt 15.776499 -10.128490 0.000000
vt 15.366174 -10.163006 0.000000
vt 13.334929 -6.679406 0.000000
vt 1.140200 13.881900 0.000000
vt 2.816560 19.721244 0.000000
vt 2.015157 13.676937 0.000000
vt 3.524064 19.340383 0.000000
vt 4.718523 17.544922 0.000000
vt 4.503507 18.226266 0.000000
vt 2.989442 13.317513 0.000000
vt 5.136871 16.761540 0.000000
vt 4.015493 12.794694 0.000000
vt 5.785625 15.975166 0.000000
vt 4.973176 12.126525 0.000000
vt 6.737733 15.275653 0.000000
vt 7.061579 12.359150 0.000000
vt 7.064755 12.362923 0.000000
vt 5.760588 11.343164 0.000000
vt 7.025272 12.257506 0.000000
vt 7.041420 12.302797 0.000000
vt 7.059832 12.355441 0.000000
vt 7.059494 12.353610 0.000000
vt 7.059513 12.351795 0.000000
vt 7.059888 12.349997 0.000000
vt 7.060620 12.348214 0.000000
vt 7.061709 12.346447 0.000000
vt 7.063154 12.344696 0.000000
vt 6.058045 10.916395 0.000000
vt 7.045487 11.914728 0.000000
vt 7.016514 12.042459 0.000000
vt 7.009737 12.156751 0.000000
vt 7.168754 11.619932 0.000000
vt 6.270919 10.469454 0.000000
vt 7.374662 11.276110 0.000000
vt 6.386502 10.007075 0.000000
vt 7.994247 10.471855 0.000000
vt 6.400038 9.539357 0.000000
vt 6.318056 9.083346 0.000000
vt 6.154771 8.658791 0.000000
vt 7.858142 6.014028 0.000000
vt 8.798181 9.582012 0.000000
vt 6.430158 6.016753 0.000000
vt 5.924151 8.280286 0.000000
vt 5.632562 7.950139 0.000000
vt 4.856541 7.392851 0.000000
vt 5.024736 5.710523 0.000000
vt 3.822214 6.913763 0.000000
vt 4.380028 5.433721 0.000000
vt 3.794232 5.076294 0.000000
vt 2.613409 6.543990 0.000000
vt 3.275585 4.645336 0.000000
vt 2.827535 4.153072 0.000000
vt 1.339945 6.349371 0.000000
vt 2.139497 3.061167 0.000000
vt 0.057293 6.327623 0.000000
vt 1.700653 1.993571 0.000000
vt -1.836368 2.175210 0.000000
vt 1.457291 1.076795 0.000000
vt -1.457181 0.722358 0.000000
vt 1.348588 0.173078 0.000000
vt -1.364729 -0.711473 0.000000
vt 1.370494 -0.969722 0.000000
vt -1.538866 -2.171922 0.000000
vt 1.625994 -2.394660 0.000000
vt -1.999172 -3.694267 0.000000
vt 2.233801 -3.955010 0.000000
vt 0.429574 -7.576631 0.000000
vt 1.716043 -7.761412 0.000000
vt -2.329065 6.605955 0.000000
vt -2.601045 3.543691 0.000000
vt -2.163868 2.880443 0.000000
vt -3.283881 6.868023 0.000000
vt -3.814855 4.677157 0.000000
vt -3.152978 4.146760 0.000000
vt -4.574423 5.124380 0.000000
vt -4.153205 7.251958 0.000000
vt -5.415521 5.474795 0.000000
vt -5.053701 7.809234 0.000000
vt -6.321590 5.706604 0.000000
vt -5.866954 8.558336 0.000000
vt -7.277748 5.788319 0.000000
vt -6.159975 8.988674 0.000000
vt -6.343035 9.433401 0.000000
vt -6.389709 9.654283 0.000000
vt -8.424978 10.878778 0.000000
vt -9.468684 9.682874 0.000000
vt -8.268969 5.686798 0.000000
vt -9.276613 5.379342 0.000000
vt -10.711177 8.445460 0.000000
vt -10.274871 4.865999 0.000000
vt -11.227352 4.181556 0.000000
vt -13.633766 5.937982 0.000000
vt -12.807785 2.612055 0.000000
vt -15.173340 4.786832 0.000000
vt -13.354577 1.907295 0.000000
vt -13.720682 1.338307 0.000000
vt -15.864886 4.336959 0.000000
vt -16.457462 4.014211 0.000000
vt -6.406290 9.870832 0.000000
vt -6.393744 10.081163 0.000000
vt -6.353960 10.284203 0.000000
vt -7.759938 11.848768 0.000000
vt -6.204105 10.668537 0.000000
vt -7.678479 12.028556 0.000000
vt -5.982993 11.030373 0.000000
vt -7.635673 12.178128 0.000000
vt -7.629093 12.241224 0.000000
vt -7.632479 12.296432 0.000000
vt 13.439800 29.971426 0.000000
vt 13.658329 29.276773 0.000000
vt 13.696807 30.193646 0.000000
vt 14.480101 29.513219 0.000000
vt 14.799437 31.235662 0.000000
vt 15.280373 29.682456 0.000000
vt 15.118676 31.284627 0.000000
vt 15.444839 31.289497 0.000000
vt 15.548259 29.708824 0.000000
vt 15.773646 31.249070 0.000000
vt 15.637907 29.704661 0.000000
vt 15.671500 29.698236 0.000000
vt 13.124800 29.595870 0.000000
vt 13.101966 29.054065 0.000000
vt 12.999011 29.394899 0.000000
vt 13.060104 29.061936 0.000000
vt 12.959052 29.304312 0.000000
vt 13.024376 29.073669 0.000000
vt 12.994809 29.089276 0.000000
vt 12.939587 29.224981 0.000000
vt 12.971430 29.108768 0.000000
vt 12.938424 29.190348 0.000000
vt 12.954255 29.132139 0.000000
vt 12.943272 29.159357 0.000000
vt 16.092720 31.166082 0.000000
vt 15.697636 29.688932 0.000000
vt 16.378798 31.050778 0.000000
vt 16.603536 30.917844 0.000000
vt 16.796036 30.642554 0.000000
vt 16.685475 30.848929 0.000000
vt 16.745024 30.779805 0.000000
vt 16.791754 30.676693 0.000000
vt 16.781840 30.710953 0.000000
vt 16.088513 28.886986 0.000000
vt 15.299265 29.365154 0.000000
vt 15.253008 28.601394 0.000000
vt 15.178431 29.206827 0.000000
vt 15.138562 29.129486 0.000000
vt 15.112080 29.054065 0.000000
vt 15.173299 28.682863 0.000000
vt 15.210123 28.639345 0.000000
vt 15.098150 28.981285 0.000000
vt 15.102984 28.846880 0.000000
vt 15.119089 28.786741 0.000000
vt 15.142789 28.732002 0.000000
vt 15.095568 28.911956 0.000000
vt 17.039672 29.041028 0.000000
vt 17.772877 30.643557 0.000000
vt 17.897134 29.052008 0.000000
vt 18.206404 30.633122 0.000000
vt 18.191617 29.005308 0.000000
vt 18.617800 30.556157 0.000000
vt 18.295949 28.969582 0.000000
vt 18.818822 30.474590 0.000000
vt 18.371417 28.925853 0.000000
vt 19.015017 30.361471 0.000000
vt 19.367603 30.074491 0.000000
vt 19.604519 29.810542 0.000000
vt 19.667616 29.673616 0.000000
vt 19.659392 29.723092 0.000000
vt 19.665843 29.707104 0.000000
vt 19.669364 29.693525 0.000000
vt 19.669954 29.682362 0.000000
vt 19.669151 29.677687 0.000000
vt 19.051258 28.076846 0.000000
vt 17.958988 28.472966 0.000000
vt 17.710483 28.168783 0.000000
vt 20.522459 28.078655 0.000000
vt 20.782116 29.650514 0.000000
vt 21.029709 29.586863 0.000000
vt 21.266027 29.476364 0.000000
vt 21.487391 29.310205 0.000000
vt 21.683912 29.091082 0.000000
vt 21.841482 28.832737 0.000000
vt 21.947470 28.553814 0.000000
vt 21.996719 28.271339 0.000000
vt 21.994099 27.996697 0.000000
vt 21.876944 27.492688 0.000000
vt 21.664215 27.060420 0.000000
vt 19.942897 27.087505 0.000000
vt 20.642629 25.813452 0.000000
vt 20.445447 25.818360 0.000000
vt 20.131057 25.790642 0.000000
vt 19.578516 26.373701 0.000000
vt 19.781549 25.750697 0.000000
vt 19.480252 26.122846 0.000000
vt 19.632724 25.743854 0.000000
vt 19.571130 25.749204 0.000000
vt 19.438807 25.941228 0.000000
vt 19.519954 25.763066 0.000000
vt 19.498634 25.773824 0.000000
vt 19.439152 25.875107 0.000000
vt 19.480325 25.787461 0.000000
vt 19.444474 25.847850 0.000000
vt 19.465135 25.804207 0.000000
vt 19.453158 25.824273 0.000000
vt 20.466635 25.435449 0.000000
vt 21.529151 24.447224 0.000000
vt 21.816662 24.803914 0.000000
vt 22.015921 25.171027 0.000000
vt 20.240868 25.085414 0.000000
vt 20.210017 23.716487 0.000000
vt 21.695395 23.990657 0.000000
vt 21.708864 23.633555 0.000000
vt 21.646925 23.271026 0.000000
vt 21.508170 22.940546 0.000000
vt 21.316197 22.635293 0.000000
vt 20.068784 23.420022 0.000000
vt 20.859703 22.033688 0.000000
vt 19.863403 23.108522 0.000000
vt 19.290303 22.462006 0.000000
vt 19.664175 24.480717 0.000000
vt 20.108455 23.677627 0.000000
vt 19.961067 23.643302 0.000000
vt 19.558358 23.597301 0.000000
vt 19.112285 24.021769 0.000000
vt 19.156173 23.612460 0.000000
vt 19.008653 23.653053 0.000000
vt 18.953932 23.850168 0.000000
vt 18.951776 23.681957 0.000000
vt 18.915994 23.778669 0.000000
vt 18.907577 23.746421 0.000000
vt 18.906174 23.716487 0.000000
vt 18.702490 21.896254 0.000000
vt 19.006957 21.434010 0.000000
vt 19.458955 21.439266 0.000000
vt 20.912917 21.861050 0.000000
vt 20.889783 21.955879 0.000000
vt 18.371417 21.553428 0.000000
vt 18.712913 21.462536 0.000000
vt 18.295080 20.323287 0.000000
vt 19.908382 19.761088 0.000000
vt 20.253736 20.027364 0.000000
vt 20.529297 20.323354 0.000000
vt 17.671665 19.862225 0.000000
vt 17.856567 19.387887 0.000000
vt 18.235813 19.366261 0.000000
vt 18.419485 19.366335 0.000000
vt 17.247829 19.564615 0.000000
vt 17.286542 19.530955 0.000000
vt 17.336906 19.500558 0.000000
vt 17.472605 19.449788 0.000000
vt 17.191483 18.425279 0.000000
vt 18.362299 17.363025 0.000000
vt 18.498252 17.452518 0.000000
vt 18.849494 17.733747 0.000000
vt 15.673602 17.623871 0.000000
vt 15.831546 17.492254 0.000000
vt 15.985965 17.400915 0.000000
vt 16.136366 17.349927 0.000000
vt 16.281903 17.334107 0.000000
vt 16.797191 17.347480 0.000000
vt 18.258252 17.312318 0.000000
vt 18.109110 16.757719 0.000000
vt 17.922962 16.377029 0.000000
vt 17.627478 16.032214 0.000000
vt 17.256544 15.762324 0.000000
vt 16.371426 17.032041 0.000000
vt 16.869955 15.568064 0.000000
vt 16.226418 15.339208 0.000000
vt 15.746299 16.721829 0.000000
vt 14.740518 15.575685 0.000000
vt 14.510489 15.652510 0.000000
vt 14.258693 15.772503 0.000000
vt 13.949164 16.115738 0.000000
vt 14.143465 15.847406 0.000000
vt 14.049995 15.930351 0.000000
vt 13.963315 16.067178 0.000000
vt 13.984802 16.020057 0.000000
vt 14.547064 15.454789 0.000000
vt 15.037556 13.946594 0.000000
vt 15.417432 14.156064 0.000000
vt 15.726676 14.403897 0.000000
vt 14.600129 13.788641 0.000000
vt 14.296532 15.349661 0.000000
vt 14.112717 13.684682 0.000000
vt 13.634363 15.187627 0.000000
vt 12.318165 14.170511 0.000000
vt 12.062455 15.031542 0.000000
vt 11.981212 14.373050 0.000000
vt 11.773812 14.996282 0.000000
vt 11.631201 14.686024 0.000000
vt 11.668892 14.969823 0.000000
vt 11.628070 14.953327 0.000000
vt 11.577564 14.762172 0.000000
vt 11.595515 14.934310 0.000000
vt 11.560496 14.797431 0.000000
vt 11.571479 14.912580 0.000000
vt 11.550883 14.830322 0.000000
vt 11.549053 14.845790 0.000000
vt 11.562698 14.900655 0.000000
vt 11.556079 14.888012 0.000000
vt 11.551614 14.874650 0.000000
vt 11.549282 14.860572 0.000000
vt 10.941792 14.138090 0.000000
vt 11.182746 12.302826 0.000000
vt 12.865019 11.699231 0.000000
vt 13.213559 11.517778 0.000000
vt 13.686821 11.189571 0.000000
vt 9.318856 12.544643 0.000000
vt 9.477669 14.320166 0.000000
vt 8.015046 14.709943 0.000000
vt 7.193745 12.408421 0.000000
vt 7.672213 12.481493 0.000000
vt 6.567497 20.201008 0.000000
vt 5.516415 20.883860 0.000000
vt 4.338601 20.014822 0.000000
vt 7.887555 21.239824 0.000000
vt 8.365498 22.733919 0.000000
vt 9.474743 22.357157 0.000000
vt 9.837476 23.528688 0.000000
vt 11.470378 24.294317 0.000000
vt 12.830054 24.439794 0.000000
vt 13.378874 25.101429 0.000000
vt 14.298065 25.262697 0.000000
vt 15.595705 25.976112 0.000000
vt 1.690479 24.055873 0.000000
vt 0.150914 24.857063 0.000000
vt 0.408705 25.648615 0.000000
vt 2.232278 25.454480 0.000000
vt 1.353819 27.429767 0.000000
vt 2.818765 26.504217 0.000000
vt 2.464868 28.875897 0.000000
vt 3.605361 27.584439 0.000000
vt 3.164361 29.526315 0.000000
vt 3.987000 28.021680 0.000000
vt 3.445578 29.744555 0.000000
vt 4.258635 28.286689 0.000000
vt 3.653715 29.869374 0.000000
vt 4.558057 29.869374 0.000000
vt 5.074111 27.920446 0.000000
vt 5.925963 28.866479 0.000000
vt 4.454847 27.577388 0.000000
vt 4.794155 27.505052 0.000000
vt 4.698457 27.377889 0.000000
vt 4.538669 27.399725 0.000000
vt 4.677320 27.358652 0.000000
vt 4.558585 27.373457 0.000000
vt 4.656877 27.345151 0.000000
vt 4.578249 27.354272 0.000000
vt 4.646852 27.340651 0.000000
vt 4.636927 27.337700 0.000000
vt 4.627077 27.336332 0.000000
vt 4.597772 27.342036 0.000000
vt 4.607520 27.338472 0.000000
vt 4.617282 27.336580 0.000000
vt 6.602093 29.504040 0.000000
vt 5.412401 30.703860 0.000000
vt 5.140184 30.471594 0.000000
vt 6.563249 28.961269 0.000000
vt 7.245379 28.761785 0.000000
vt 7.854617 29.360102 0.000000
vt 7.224104 30.989023 0.000000
vt 7.511217 31.212019 0.000000
vt 8.454399 29.807945 0.000000
vt 7.817997 31.380822 0.000000
vt 8.141817 31.493080 0.000000
vt 8.697050 29.973728 0.000000
vt 8.473049 31.549775 0.000000
vt 8.735236 29.991284 0.000000
vt 8.749817 29.995097 0.000000
vt 6.581412 28.775660 0.000000
vt 7.019861 28.492120 0.000000
vt 6.600815 28.706414 0.000000
vt 6.626574 28.651672 0.000000
vt 6.805168 28.405341 0.000000
vt 6.839446 28.370220 0.000000
vt 6.868828 28.347592 0.000000
vt 6.913664 28.337875 0.000000
vt 6.881724 28.340859 0.000000
vt 6.893473 28.337052 0.000000
vt 6.904111 28.336079 0.000000
vt 6.909022 28.336634 0.000000
vt 8.755925 29.995695 0.000000
vt 9.077707 31.530914 0.000000
vt 8.761231 29.995402 0.000000
vt 8.765726 29.994209 0.000000
vt 8.767667 29.993273 0.000000
vt 8.769404 29.992109 0.000000
vt 9.312107 31.476373 0.000000
vt 8.770936 29.990717 0.000000
vt 9.490832 31.400087 0.000000
vt 8.772263 29.989097 0.000000
vt 8.774298 29.985168 0.000000
vt 10.073611 29.785060 0.000000
vt 8.775509 29.980322 0.000000
vt 8.775894 29.974557 0.000000
vt 8.774187 29.960269 0.000000
vt 8.912168 28.843065 0.000000
vt 8.662631 29.714446 0.000000
vt 8.602265 29.502933 0.000000
vt 8.633937 29.187459 0.000000
vt 8.591729 29.410589 0.000000
vt 8.594109 29.327363 0.000000
vt 8.608675 29.253142 0.000000
vt 9.870862 31.623190 0.000000
vt 10.816426 30.196755 0.000000
vt 10.267147 31.785725 0.000000
vt 10.675474 31.883811 0.000000
vt 11.098791 30.307013 0.000000
vt 11.082397 31.915215 0.000000
vt 11.189302 30.325974 0.000000
vt 11.220541 30.325906 0.000000
vt 11.461948 31.883011 0.000000
vt 11.232631 30.323481 0.000000
vt 11.242370 30.319464 0.000000
vt 10.853589 29.846285 0.000000
vt 11.639524 29.545872 0.000000
vt 12.445740 29.900330 0.000000
vt 12.174496 31.470556 0.000000
vt 13.203452 30.130646 0.000000
vt 12.991395 31.748054 0.000000
vt 13.385899 31.805793 0.000000
vt 13.489716 30.183878 0.000000
vt 13.775019 31.782249 0.000000
vt 14.143360 31.680744 0.000000
vt 14.453325 31.540511 0.000000
vt 14.674853 31.391047 0.000000
vt 14.749274 31.314193 0.000000
vt 10.760078 29.651878 0.000000
vt 10.821181 29.251467 0.000000
vt 10.948190 29.112307 0.000000
vt 10.738903 29.566201 0.000000
vt 10.742398 29.418436 0.000000
vt 10.762157 29.355935 0.000000
vt 10.733671 29.488418 0.000000
vt 15.527223 3.991518 0.000000
vt 13.716819 1.676908 0.000000
vt 13.192633 2.560547 0.000000
vt 13.953873 5.024330 0.000000
vt 12.443529 3.484369 0.000000
vt 12.241464 6.358473 0.000000
vt 11.475456 4.407656 0.000000
vt 10.376881 5.191331 0.000000
vt 10.544710 7.854552 0.000000
vt 9.181306 5.734957 0.000000
vt 7.060527 12.357287 0.000000
vt 7.069359 12.366759 0.000000
vt 7.082857 12.374621 0.000000
vt 15.378302 12.892283 0.000000
vt 14.662887 10.395824 0.000000
vt 16.683684 11.813099 0.000000
vt 15.329469 9.640730 0.000000
vt 17.706089 10.671682 0.000000
vt 15.935585 8.711964 0.000000
vt 18.471828 9.440125 0.000000
vt 16.385144 7.740122 0.000000
vt 19.084224 7.962517 0.000000
vt 16.740491 6.596468 0.000000
vt 19.460698 6.497899 0.000000
vt 16.949627 5.420111 0.000000
vt 19.615871 5.229991 0.000000
vt -3.891406 -8.793750 0.000000
vt -4.893265 -7.468651 0.000000
vt -4.559729 -9.325677 0.000000
vt -6.185403 -8.262464 0.000000
vt -5.353439 -10.154520 0.000000
vt -7.472502 -8.764984 0.000000
vt -6.197272 -11.385437 0.000000
vt -6.547644 -12.147630 0.000000
vt -8.708975 -8.957299 0.000000
vt -6.799832 -12.989765 0.000000
vt -10.642746 -14.325734 0.000000
vt -6.929092 -13.889642 0.000000
vt -9.817230 -15.457510 0.000000
vt -6.924350 -14.819934 0.000000
vt -9.173892 -16.638723 0.000000
vt -6.785727 -15.750666 0.000000
vt -8.710702 -17.828542 0.000000
vt -6.521788 -16.651743 0.000000
vt -8.408235 -18.994609 0.000000
vt -6.146782 -17.495478 0.000000
vt -5.677901 -18.259127 0.000000
vt -8.249838 -20.105465 0.000000
vt -5.132562 -18.927384 0.000000
vt -8.240083 -21.123620 0.000000
vt -4.526441 -19.493729 0.000000
vt -5.733355 -24.460988 0.000000
vt -4.512003 -23.942359 0.000000
vt -3.715068 -6.432274 0.000000
vt -3.117383 -8.368714 0.000000
vt -2.068364 -7.962259 0.000000
vt -2.735595 -5.161263 0.000000
vt -0.840078 -7.658921 0.000000
vt 3.206686 -5.464303 0.000000
vt 3.022323 -8.202533 0.000000
vt 4.450055 -6.767329 0.000000
vt 4.270494 -8.871333 0.000000
vt 5.841867 -7.754740 0.000000
vt 5.332194 -9.736844 0.000000
vt 7.302873 -8.369792 0.000000
vt 6.133337 -10.767937 0.000000
vt 6.695527 -11.932660 0.000000
vt 8.794971 -8.600534 0.000000
vt 7.057933 -13.194199 0.000000
vt 10.375149 -13.846322 0.000000
vt 9.422052 -15.149757 0.000000
vt 7.194845 -14.506149 0.000000
vt 8.617127 -16.702825 0.000000
vt 7.046865 -15.808694 0.000000
vt 6.617050 -17.026856 0.000000
vt 8.031285 -18.487230 0.000000
vt 5.995438 -18.086629 0.000000
vt 7.753409 -20.180582 0.000000
vt 5.270784 -18.956802 0.000000
vt 7.778438 -21.518137 0.000000
vt 4.452726 -19.670383 0.000000
vt 5.978690 -24.383539 0.000000
vt 4.134624 -23.642252 0.000000
vt 3.499480 -20.268178 0.000000
vt 2.381893 -20.731331 0.000000
vt 2.246316 -23.246956 0.000000
vt 1.105631 -21.000910 0.000000
vt 0.320043 -23.199225 0.000000
vt -0.291247 -21.036371 0.000000
vt -0.863485 -23.201558 0.000000
vt -1.746432 -20.822366 0.000000
vt -1.751770 -23.296869 0.000000
vt -3.066860 -23.543283 0.000000
vt -3.184990 -20.329657 0.000000
vt -16.158108 -11.240801 0.000000
vt -18.214362 -8.958343 0.000000
vt -17.285335 -11.393588 0.000000
vt -18.379790 -9.454307 0.000000
vt -17.489196 -11.519311 0.000000
vt -17.695605 -11.700244 0.000000
vt -19.081403 -10.403936 0.000000
vt -18.093239 -12.213339 0.000000
vt -19.396270 -10.660180 0.000000
vt -18.387659 -12.839095 0.000000
vt -19.544358 -10.734565 0.000000
vt -19.685956 -10.773964 0.000000
vt -15.011729 -11.369139 0.000000
vt -13.576668 -6.664903 0.000000
vt -17.503461 -6.637064 0.000000
vt -17.948767 -8.213201 0.000000
vt -12.932635 -7.415760 0.000000
vt -13.855143 -11.771371 0.000000
vt -12.114918 -8.080751 0.000000
vt -12.711723 -12.426786 0.000000
vt -11.104407 -8.590017 0.000000
vt -11.623437 -13.296107 0.000000
vt -9.934123 -8.887761 0.000000
vt -8.407968 -22.004691 0.000000
vt -6.193903 -24.751162 0.000000
vt -8.571270 -22.379359 0.000000
vt -6.540787 -25.055154 0.000000
vt -8.794417 -22.702784 0.000000
vt -6.772059 -25.369619 0.000000
vt -9.081350 -22.970230 0.000000
vt -6.844568 -25.530328 0.000000
vt -6.888547 -25.693440 0.000000
vt -9.433479 -23.178132 0.000000
vt -8.923057 -27.920912 0.000000
vt -9.848304 -23.324595 0.000000
vt -10.789815 -26.929855 0.000000
vt -10.318110 -23.409878 0.000000
vt -11.365954 -23.409437 0.000000
vt -12.627187 -25.756874 0.000000
vt -12.436901 -23.219818 0.000000
vt -13.344918 -25.215268 0.000000
vt -13.899885 -24.724062 0.000000
vt -13.394451 -22.903024 0.000000
vt -14.243430 -24.625493 0.000000
vt -14.163980 -22.524242 0.000000
vt -14.682734 -24.427776 0.000000
vt -15.781039 -23.767008 0.000000
vt -15.259995 -21.708148 0.000000
vt -16.942248 -22.864652 0.000000
vt -15.798799 -21.211224 0.000000
vt -16.424863 -20.566593 0.000000
vt -17.978914 -21.799387 0.000000
vt -17.088165 -19.725379 0.000000
vt -18.892018 -20.552719 0.000000
vt -17.691418 -18.689593 0.000000
vt -19.658778 -19.151984 0.000000
vt -18.152416 -17.531476 0.000000
vt -20.188450 -17.684946 0.000000
vt -18.432169 -16.372288 0.000000
vt -20.430989 -16.206912 0.000000
vt -18.540575 -15.334436 0.000000
vt -20.778831 -15.274519 0.000000
vt -18.537451 -14.495703 0.000000
vt -18.508142 -13.879339 0.000000
vt -21.213029 -13.972493 0.000000
vt -18.512446 -13.484223 0.000000
vt -19.820884 -10.779388 0.000000
vt -14.091761 -5.808705 0.000000
vt -17.341164 -5.732019 0.000000
vt -14.473371 -4.855928 0.000000
vt -17.152755 -4.554779 0.000000
vt -14.657605 -4.016344 0.000000
vt -14.758122 -2.537742 0.000000
vt -16.954208 -2.003962 0.000000
vt -14.647059 -1.483153 0.000000
vt -17.015807 -0.958424 0.000000
vt -14.371406 -0.370680 0.000000
vt -17.133734 -0.067843 0.000000
vt -17.331226 0.711528 0.000000
vt -19.949187 -10.752325 0.000000
vt -21.597981 -12.621349 0.000000
vt -20.071418 -10.694929 0.000000
vt -21.714164 -12.108877 0.000000
vt -20.188902 -10.610206 0.000000
vt -21.761705 -11.770229 0.000000
vt -20.654801 -10.075971 0.000000
vt -22.025106 -11.486123 0.000000
vt -21.165329 -9.363883 0.000000
vt -22.455166 -10.949382 0.000000
vt -21.643235 -8.494484 0.000000
vt -23.392763 -9.309798 0.000000
vt -22.014378 -7.448240 0.000000
vt -24.042167 -7.366458 0.000000
vt -22.271042 -6.277114 0.000000
vt -24.272030 -5.403147 0.000000
vt -22.374899 -5.088157 0.000000
vt -24.123625 -3.211368 0.000000
vt -22.281654 -3.972060 0.000000
vt -23.779357 -1.934170 0.000000
vt -21.701410 -1.923782 0.000000
vt -23.139640 -0.561513 0.000000
vt -21.261877 -1.004013 0.000000
vt -22.251835 0.786955 0.000000
vt -20.686966 -0.239940 0.000000
vt -21.307710 1.920540 0.000000
vt -19.533270 0.892065 0.000000
vt -20.536293 2.649523 0.000000
vt -20.265921 2.823216 0.000000
vt -20.082329 2.862471 0.000000
vt -20.163171 2.859717 0.000000
vt -20.120009 2.865313 0.000000
vt -19.019626 1.293304 0.000000
vt -18.561590 1.548851 0.000000
vt -19.652721 3.708668 0.000000
vt -18.338047 1.609803 0.000000
vt -17.580641 3.957478 0.000000
vt -17.553482 3.911170 0.000000
vt -18.225080 1.617516 0.000000
vt -17.521025 3.872723 0.000000
vt -18.111445 1.606068 0.000000
vt -17.482849 3.841582 0.000000
vt -17.997894 1.572406 0.000000
vt -17.438538 3.817262 0.000000
vt -17.387690 3.799424 0.000000
vt -17.885622 1.514344 0.000000
vt -17.264898 3.782847 0.000000
vt -17.776200 1.431215 0.000000
vt -17.111849 3.793014 0.000000
vt -17.671434 1.324084 0.000000
vt -16.926653 3.832926 0.000000
vt -17.483002 1.048119 0.000000
vt 14.575229 -10.405259 0.000000
vt 12.840256 -7.187976 0.000000
vt 12.277135 -7.623159 0.000000
vt 13.197484 -11.201777 0.000000
vt 11.654014 -7.982569 0.000000
vt 12.076829 -12.111882 0.000000
vt 10.272881 -8.462473 0.000000
vt 11.791440 -12.358556 0.000000
vt 11.384079 -12.751795 0.000000
vt 18.431058 -14.048466 0.000000
vt 21.022860 -14.587070 0.000000
vt 18.502102 -15.554581 0.000000
vt 20.485888 -16.141980 0.000000
vt 18.308496 -16.995308 0.000000
vt 20.067615 -18.202652 0.000000
vt 19.634733 -19.296949 0.000000
vt 17.865944 -18.356783 0.000000
vt 18.926456 -20.539258 0.000000
vt 17.201910 -19.616649 0.000000
vt 17.934154 -21.865197 0.000000
vt 16.356713 -20.744372 0.000000
vt 16.736924 -23.093252 0.000000
vt 15.379422 -21.707004 0.000000
vt 15.416037 -24.074637 0.000000
vt 14.321893 -22.476939 0.000000
vt 14.010216 -24.759213 0.000000
vt 13.232790 -23.039755 0.000000
vt 12.853028 -25.581873 0.000000
vt 12.152779 -23.400205 0.000000
vt 11.484853 -26.544623 0.000000
vt 11.116314 -23.577454 0.000000
vt 10.158795 -23.591553 0.000000
vt 9.813010 -27.511336 0.000000
vt 9.323818 -23.449609 0.000000
vt 8.967974 -23.317955 0.000000
vt 8.660367 -23.145077 0.000000
vt 6.837040 -25.409004 0.000000
vt 6.841253 -25.586121 0.000000
vt 6.814480 -25.768270 0.000000
vt 7.806018 -28.379793 0.000000
vt 6.759353 -25.953657 0.000000
vt 6.578972 -26.326115 0.000000
vt 6.800486 -25.238366 0.000000
vt 8.403843 -22.932661 0.000000
vt 6.731635 -25.075236 0.000000
vt 6.631817 -24.920233 0.000000
vt 8.198027 -22.685623 0.000000
vt 6.349305 -24.635478 0.000000
vt 8.039087 -22.412115 0.000000
vt 7.920781 -22.121618 0.000000
vt 6.053611 -27.028463 0.000000
vt 6.922377 -29.212250 0.000000
vt 4.764107 -28.226038 0.000000
vt 5.792543 -30.113488 0.000000
vt 4.968650 -30.642373 0.000000
vt 3.922449 -28.814609 0.000000
vt 3.960629 -31.150243 0.000000
vt 2.888504 -29.358270 0.000000
vt 2.807857 -31.557595 0.000000
vt 1.683466 -29.760903 0.000000
vt 1.560309 -31.817335 0.000000
vt 0.375032 -29.951514 0.000000
vt -1.026786 -31.856424 0.000000
vt -0.947455 -29.907912 0.000000
vt -2.209385 -29.642214 0.000000
vt -3.500361 -31.284688 0.000000
vt -3.381950 -29.183811 0.000000
vt -4.645304 -30.776055 0.000000
vt -4.470096 -28.572106 0.000000
vt -5.718467 -30.120652 0.000000
vt -5.460354 -27.858325 0.000000
vt -7.642960 -28.379793 0.000000
vt -6.274239 -27.105852 0.000000
vt -6.575509 -26.734763 0.000000
vt -6.785255 -26.374672 0.000000
vt -8.192686 -28.225636 0.000000
vt -6.851983 -26.199571 0.000000
vt -6.891865 -26.027797 0.000000
vt -6.904209 -25.859173 0.000000
vt -7.742125 12.508846 0.000000
vt -17.602920 4.012163 0.000000
vt -17.634436 4.147924 0.000000
vt -19.657145 3.973277 0.000000
vt -17.651008 4.318828 0.000000
vt -19.644646 4.410692 0.000000
vt -17.649144 4.751960 0.000000
vt -19.549481 5.698485 0.000000
vt -17.547843 5.817681 0.000000
vt 19.527157 18.419162 0.000000
vt 19.720468 18.755667 0.000000
vt 19.848257 19.140260 0.000000
vt 19.916720 19.507184 0.000000
vt 19.922706 19.651108 0.000000
vt 20.731461 20.646703 0.000000
vt 20.860030 20.987086 0.000000
vt 20.923518 21.321702 0.000000
vt 20.936646 21.620869 0.000000
vt 21.629364 24.275880 0.000000
vt 21.556999 24.415732 0.000000
vt 21.583010 24.376662 0.000000
vt 22.123609 25.545633 0.000000
vt 22.142673 25.918527 0.000000
vt 22.087927 26.272483 0.000000
vt 21.980122 26.587846 0.000000
vt 21.836121 26.851549 0.000000
vt 12.109615 31.568169 0.000000
vt 12.022750 31.654849 0.000000
vt 11.913775 31.730279 0.000000
vt 11.782980 31.793937 0.000000
vt 6.341878 31.058145 0.000000
vt 5.990332 31.001825 0.000000
vt 5.687886 30.882596 0.000000
vt -6.177836 31.060906 0.000000
vt -6.586767 31.076271 0.000000
vt -6.944923 31.035332 0.000000
vt -11.996816 31.619454 0.000000
vt -14.247084 31.656708 0.000000
vt -19.645473 29.781788 0.000000
vt -22.083907 26.246265 0.000000
vt -22.133184 26.013691 0.000000
vt -22.147596 25.776976 0.000000
vt -22.125754 25.544726 0.000000
vt -22.071874 25.323757 0.000000
vt -21.899930 24.934957 0.000000
vt -21.695942 24.635184 0.000000
vt -19.738447 18.809295 0.000000
vt -19.536603 18.410727 0.000000
vt -19.257736 18.067391 0.000000
vt -18.639781 17.563393 0.000000
vt -15.811239 14.503144 0.000000
vt -15.533119 14.234727 0.000000
vt -15.206722 14.045706 0.000000
vt 15.952591 14.665757 0.000000
vt 16.097188 14.917339 0.000000
vt 16.181984 15.143659 0.000000
vt -2.989148 0.000000 0.000000
vt -2.615504 0.000000 0.000000
vt -2.989148 1.800000 0.000000
vt -2.615504 1.800000 0.000000
vt -2.241861 0.000000 0.000000
vt -2.241861 1.800000 0.000000
vt -1.868217 0.000000 0.000000
vt -1.868217 1.800000 0.000000
vt -1.494574 0.000000 0.000000
vt -1.494574 1.800000 0.000000
vt -1.120930 0.000000 0.000000
vt -1.120930 1.800000 0.000000
vt -0.747287 0.000000 0.000000
vt -0.747287 1.800000 0.000000
vt -0.373643 0.000000 0.000000
vt -0.373643 1.800000 0.000000
vt 0.000000 0.000000 0.000000
vt 0.000000 1.800000 0.000000
vt -12.173900 0.000000 0.000000
vt -10.652163 0.000000 0.000000
vt -12.173900 1.800000 0.000000
vt -10.652163 1.800000 0.000000
vt -9.130425 0.000000 0.000000
vt -9.130425 1.800000 0.000000
vt -7.608688 0.000000 0.000000
vt -7.608688 1.800000 0.000000
vt -6.086950 0.000000 0.000000
vt -6.086950 1.800000 0.000000
vt -4.565213 0.000000 0.000000
vt -4.565213 1.800000 0.000000
vt -3.043475 0.000000 0.000000
vt -3.043475 1.800000 0.000000
vt -1.521738 0.000000 0.000000
vt -1.521738 1.800000 0.000000
vt 0.000000 0.000000 0.000000
vt 0.000000 1.800000 0.000000
vt 0.000000 0.000000 0.000000
vt 0.929925 0.000000 0.000000
vt -0.000000 1.800000 0.000000
vt 0.929925 1.800000 0.000000
vt -15.068946 0.000000 0.000000
vt -14.127137 0.000000 0.000000
vt -15.068946 1.800000 0.000000
vt -14.127137 1.800000 0.000000
vt -13.185328 0.000000 0.000000
vt -13.185328 1.800000 0.000000
vt -12.243518 0.000000 0.000000
vt -12.243518 1.800000 0.000000
vt -11.301709 0.000000 0.000000
vt -11.301709 1.800000 0.000000
vt -9.418091 0.000000 0.000000
vt -9.418091 1.800000 0.000000
vt -8.476282 0.000000 0.000000
vt -8.476282 1.800000 0.000000
vt -7.534473 0.000000 0.000000
vt -7.534473 1.800000 0.000000
vt -5.650855 0.000000 0.000000
vt -5.650855 1.800000 0.000000
vt -3.767236 0.000000 0.000000
vt -3.767236 1.800000 0.000000
vt -1.883618 0.000000 0.000000
vt -1.883618 1.800000 0.000000
vt 0.000000 0.000000 0.000000
vt 0.000000 1.800000 0.000000
vt -4.803074 0.000000 0.000000
vt -3.602306 0.000000 0.000000
vt -4.803074 1.800000 0.000000
vt -3.602306 1.800000 0.000000
vt -2.401537 0.000000 0.000000
vt -2.401537 1.800000 0.000000
vt -1.200769 0.000000 0.000000
vt -1.200769 1.800000 0.000000
vt 0.000000 0.000000 0.000000
vt 0.000000 1.800000 0.000000
vt -12.527064 0.000000 0.000000
vt -10.961181 0.000000 0.000000
vt -12.527064 1.800000 0.000000
vt -10.961181 1.800000 0.000000
vt -9.395298 0.000000 0.000000
vt -9.395298 1.800000 0.000000
vt -7.829415 0.000000 0.000000
vt -7.829415 1.800000 0.000000
vt -6.263532 0.000000 0.000000
vt -6.263532 1.800000 0.000000
vt -4.697649 0.000000 0.000000
vt -4.697649 1.800000 0.000000
vt -3.131766 0.000000 0.000000
vt -3.131766 1.800000 0.000000
vt 0.000000 0.000000 0.000000
vt 0.000000 1.800000 0.000000
vt -7.210076 0.000000 0.000000
vt -5.407557 0.000000 0.000000
vt -7.210076 1.800000 0.000000
vt -5.407557 1.800000 0.000000
vt -3.605038 0.000000 0.000000
vt -3.605038 1.800000 0.000000
vt -1.802519 0.000000 0.000000
vt -1.802519 1.800000 0.000000
vt 0.000000 0.000000 0.000000
vt 0.000000 1.800000 0.000000
vt -20.649438 0.000000 0.000000
vt -18.068258 0.000000 0.000000
vt -20.649438 1.800000 0.000000
vt -18.068258 1.800000 0.000000
vt -16.777668 0.000000 0.000000
vt -16.777668 1.800000 0.000000
vt -15.487079 0.000000 0.000000
vt -15.487079 1.800000 0.000000
vt -12.905899 0.000000 0.000000
vt -12.905899 1.800000 0.000000
vt -10.324719 0.000000 0.000000
vt -10.324719 1.800000 0.000000
vt -9.034129 0.000000 0.000000
vt -9.034129 1.800000 0.000000
vt -7.743539 0.000000 0.000000
vt -7.743539 1.800000 0.000000
vt -6.452949 0.000000 0.000000
vt -6.452949 1.800000 0.000000
vt -5.162360 0.000000 0.000000
vt -5.162360 1.800000 0.000000
vt -2.581180 0.000000 0.000000
vt -2.581180 1.800000 0.000000
vt 0.000000 0.000000 0.000000
vt 0.000000 1.800000 0.000000
vt -9.176371 0.000000 0.000000
vt -8.029324 0.000000 0.000000
vt -9.176371 1.800000 0.000000
vt -8.029324 1.800000 0.000000
vt -6.882278 0.000000 0.000000
vt -6.882278 1.800000 0.000000
vt -4.588185 0.000000 0.000000
vt -4.588185 1.800000 0.000000
vt -2.294093 0.000000 0.000000
vt -2.294093 1.800000 0.000000
vt -1.147046 0.000000 0.000000
vt -1.147046 1.800000 0.000000
vt 0.000000 0.000000 0.000000
vt 0.000000 1.800000 0.000000
vt -12.045801 0.000000 0.000000
vt -10.540076 0.000000 0.000000
vt -12.045801 1.800000 0.000000
vt -10.540076 1.800000 0.000000
vt -9.034351 0.000000 0.000000
vt -9.034351 1.800000 0.000000
vt -7.528626 0.000000 0.000000
vt -7.528626 1.800000 0.000000
vt -6.022900 0.000000 0.000000
vt -6.022900 1.800000 0.000000
vt -4.517175 0.000000 0.000000
vt -4.517175 1.800000 0.000000
vt -3.011450 0.000000 0.000000
vt -3.011450 1.800000 0.000000
vt -1.505725 0.000000 0.000000
vt -1.505725 1.800000 0.000000
vt -0.752863 0.000000 0.000000
vt -0.752863 1.800000 0.000000
vt 0.000000 0.000000 0.000000
vt 0.000000 1.800000 0.000000
vt -5.919592 0.000000 0.000000
vt -5.179643 0.000000 0.000000
vt -5.919592 1.800000 0.000000
vt -5.179643 1.800000 0.000000
vt -4.439694 0.000000 0.000000
vt -4.439694 1.800000 0.000000
vt -2.959796 0.000000 0.000000
vt -2.959796 1.800000 0.000000
vt -1.479898 0.000000 0.000000
vt -1.479898 1.800000 0.000000
vt 0.000000 0.000000 0.000000
vt 0.000000 1.800000 0.000000
vt -16.109243 0.000000 0.000000
vt -15.983389 0.000000 0.000000
vt -16.109243 1.800000 0.000000
vt -15.983389 1.800000 0.000000
vt -15.857536 0.000000 0.000000
vt -15.857536 1.800000 0.000000
vt -15.605829 0.000000 0.000000
vt -15.605829 1.800000 0.000000
vt -15.102415 0.000000 0.000000
vt -15.102415 1.800000 0.000000
vt -14.095588 0.000000 0.000000
vt -14.095588 1.800000 0.000000
vt -13.088760 0.000000 0.000000
vt -13.088760 1.800000 0.000000
vt -12.081932 0.000000 0.000000
vt -12.081932 1.800000 0.000000
vt -11.075104 0.000000 0.000000
vt -11.075104 1.800000 0.000000
vt -10.068277 0.000000 0.000000
vt -10.068277 1.800000 0.000000
vt -8.054621 0.000000 0.000000
vt -8.054621 1.800000 0.000000
vt -6.040966 0.000000 0.000000
vt -6.040966 1.800000 0.000000
vt -4.027311 0.000000 0.000000
vt -4.027311 1.800000 0.000000
vt -2.013655 0.000000 0.000000
vt -2.013655 1.800000 0.000000
vt -1.006828 0.000000 0.000000
vt -1.006828 1.800000 0.000000
vt 0.000000 0.000000 0.000000
vt 0.000000 1.800000 0.000000
vt -0.000000 0.000000 0.000000
vt 0.949006 0.000000 0.000000
vt -0.000000 1.800000 0.000000
vt 0.949006 1.800000 0.000000
vt -13.192118 0.000000 0.000000
vt -11.543103 0.000000 0.000000
vt -13.192118 1.800000 0.000000
vt -11.543103 1.800000 0.000000
vt -9.894088 0.000000 0.000000
vt -9.894088 1.800000 0.000000
vt -8.245074 0.000000 0.000000
vt -8.245074 1.800000 0.000000
vt -6.596059 0.000000 0.000000
vt -6.596059 1.800000 0.000000
vt -4.947044 0.000000 0.000000
vt -4.947044 1.800000 0.000000
vt -3.298029 0.000000 0.000000
vt -3.298029 1.800000 0.000000
vt -1.649015 0.000000 0.000000
vt -1.649015 1.800000 0.000000
vt -0.824507 0.000000 0.000000
vt -0.824507 1.800000 0.000000
vt 0.000000 0.000000 0.000000
vt 0.000000 1.800000 0.000000
vt -2.994806 0.000000 0.000000
vt -2.620455 0.000000 0.000000
vt -2.994806 1.800000 0.000000
vt -2.620455 1.800000 0.000000
vt -2.246105 0.000000 0.000000
vt -2.246105 1.800000 0.000000
vt -1.871754 0.000000 0.000000
vt -1.871754 1.800000 0.000000
vt -1.497403 0.000000 0.000000
vt -1.497403 1.800000 0.000000
vt -0.748702 0.000000 0.000000
vt -0.748702 1.800000 0.000000
vt 0.000000 0.000000 0.000000
vt 0.000000 1.800000 0.000000
vt -3.220930 0.000000 0.000000
vt -2.818314 0.000000 0.000000
vt -3.220930 1.800000 0.000000
vt -2.818314 1.800000 0.000000
vt -2.415698 0.000000 0.000000
vt -2.415698 1.800000 0.000000
vt -2.013081 0.000000 0.000000
vt -2.013081 1.800000 0.000000
vt -1.610465 0.000000 0.000000
vt -1.610465 1.800000 0.000000
vt -0.805233 0.000000 0.000000
vt -0.805233 1.800000 0.000000
vt 0.000000 0.000000 0.000000
vt 0.000000 1.800000 0.000000
vt -3.508875 0.000000 0.000000
vt -3.070266 0.000000 0.000000
vt -3.508875 1.800000 0.000000
vt -3.070266 1.800000 0.000000
vt -2.631657 0.000000 0.000000
vt -2.631657 1.800000 0.000000
vt -2.193047 0.000000 0.000000
vt -2.193047 1.800000 0.000000
vt -1.754438 0.000000 0.000000
vt -1.754438 1.800000 0.000000
vt -0.877219 0.000000 0.000000
vt -0.877219 1.800000 0.000000
vt 0.000000 0.000000 0.000000
vt 0.000000 1.800000 0.000000
vt -3.193942 0.000000 0.000000
vt -3.094131 0.000000 0.000000
vt -3.193942 1.800000 0.000000
vt -3.094131 1.800000 0.000000
vt -2.994321 0.000000 0.000000
vt -2.994321 1.800000 0.000000
vt -2.794699 0.000000 0.000000
vt -2.794699 1.800000 0.000000
vt -2.395456 0.000000 0.000000
vt -2.395456 1.800000 0.000000
vt -1.596971 0.000000 0.000000
vt -1.596971 1.800000 0.000000
vt -1.197728 0.000000 0.000000
vt -1.197728 1.800000 0.000000
vt -0.798485 0.000000 0.000000
vt -0.798485 1.800000 0.000000
vt -0.399243 0.000000 0.000000
vt -0.399243 1.800000 0.000000
vt 0.000000 0.000000 0.000000
vt 0.000000 1.800000 0.000000
vt -3.669763 0.000000 0.000000
vt -3.555083 0.000000 0.000000
vt -3.669763 1.800000 0.000000
vt -3.555083 1.800000 0.000000
vt -3.440403 0.000000 0.000000
vt -3.440403 1.800000 0.000000
vt -3.211043 0.000000 0.000000
vt -3.211043 1.800000 0.000000
vt -2.752322 0.000000 0.000000
vt -2.752322 1.800000 0.000000
vt -2.293602 0.000000 0.000000
vt -2.293602 1.800000 0.000000
vt -1.834882 0.000000 0.000000
vt -1.834882 1.800000 0.000000
vt -1.376161 0.000000 0.000000
vt -1.376161 1.800000 0.000000
vt -0.917441 0.000000 0.000000
vt -0.917441 1.800000 0.000000
vt 0.000000 0.000000 0.000000
vt 0.000000 1.800000 0.000000
vt -3.772718 0.000000 0.000000
vt -3.713769 0.000000 0.000000
vt -3.772718 1.800000 0.000000
vt -3.713769 1.800000 0.000000
vt -3.654821 0.000000 0.000000
vt -3.654821 1.800000 0.000000
vt -3.536923 0.000000 0.000000
vt -3.536923 1.800000 0.000000
vt -3.301128 0.000000 0.000000
vt -3.301128 1.800000 0.000000
vt -2.829538 0.000000 0.000000
vt -2.829538 1.800000 0.000000
vt -2.357949 0.000000 0.000000
vt -2.357949 1.800000 0.000000
vt -2.122154 0.000000 0.000000
vt -2.122154 1.800000 0.000000
vt -1.886359 0.000000 0.000000
vt -1.886359 1.800000 0.000000
vt -1.650564 0.000000 0.000000
vt -1.650564 1.800000 0.000000
vt -1.414769 0.000000 0.000000
vt -1.414769 1.800000 0.000000
vt -0.943179 0.000000 0.000000
vt -0.943179 1.800000 0.000000
vt -0.471590 0.000000 0.000000
vt -0.471590 1.800000 0.000000
vt 0.000000 0.000000 0.000000
vt 0.000000 1.800000 0.000000
vt -4.590202 0.000000 0.000000
vt -4.303314 0.000000 0.000000
vt -4.590202 1.800000 0.000000
vt -4.303314 1.800000 0.000000
vt -4.016426 0.000000 0.000000
vt -4.016426 1.800000 0.000000
vt -3.729539 0.000000 0.000000
vt -3.729539 1.800000 0.000000
vt -3.442651 0.000000 0.000000
vt -3.442651 1.800000 0.000000
vt -3.155764 0.000000 0.000000
vt -3.155764 1.800000 0.000000
vt -2.868876 0.000000 0.000000
vt -2.868876 1.800000 0.000000
vt -2.581988 0.000000 0.000000
vt -2.581988 1.800000 0.000000
vt -2.295101 0.000000 0.000000
vt -2.295101 1.800000 0.000000
vt -2.008213 0.000000 0.000000
vt -2.008213 1.800000 0.000000
vt -1.721326 0.000000 0.000000
vt -1.721326 1.800000 0.000000
vt -1.434438 0.000000 0.000000
vt -1.434438 1.800000 0.000000
vt -1.147550 0.000000 0.000000
vt -1.147550 1.800000 0.000000
vt -0.860663 0.000000 0.000000
vt -0.860663 1.800000 0.000000
vt -0.573775 0.000000 0.000000
vt -0.573775 1.800000 0.000000
vt -0.286888 0.000000 0.000000
vt -0.286888 1.800000 0.000000
vt 0.000000 0.000000 0.000000
vt 0.000000 1.800000 0.000000
vt -3.328214 0.000000 0.000000
vt -2.496161 0.000000 0.000000
vt -3.328214 1.800000 0.000000
vt -2.496161 1.800000 0.000000
vt -2.080134 0.000000 0.000000
vt -2.080134 1.800000 0.000000
vt -1.664107 0.000000 0.000000
vt -1.664107 1.800000 0.000000
vt -1.248080 0.000000 0.000000
vt -1.248080 1.800000 0.000000
vt -0.832054 0.000000 0.000000
vt -0.832054 1.800000 0.000000
vt -0.416027 0.000000 0.000000
vt -0.416027 1.800000 0.000000
vt -0.208013 0.000000 0.000000
vt -0.208013 1.800000 0.000000
vt 0.000000 0.000000 0.000000
vt 0.000000 1.800000 0.000000
vt -1.833455 0.000000 0.000000
vt -1.375091 0.000000 0.000000
vt -1.833455 1.800000 0.000000
vt -1.375091 1.800000 0.000000
vt -1.145909 0.000000 0.000000
vt -1.145909 1.800000 0.000000
vt -0.916727 0.000000 0.000000
vt -0.916727 1.800000 0.000000
vt 0.000000 0.000000 0.000000
vt 0.000000 1.800000 0.000000
vt -3.903611 0.000000 0.000000
vt -2.927708 0.000000 0.000000
vt -3.903611 1.800000 0.000000
vt -2.927708 1.800000 0.000000
vt -2.439757 0.000000 0.000000
vt -2.439757 1.800000 0.000000
vt -1.951805 0.000000 0.000000
vt -1.951805 1.800000 0.000000
vt -1.463854 0.000000 0.000000
vt -1.463854 1.800000 0.000000
vt -1.219878 0.000000 0.000000
vt -1.219878 1.800000 0.000000
vt -0.975903 0.000000 0.000000
vt -0.975903 1.800000 0.000000
vt 0.000000 0.000000 0.000000
vt 0.000000 1.800000 0.000000
vt -2.529665 0.000000 0.000000
vt -1.897249 0.000000 0.000000
vt -2.529665 1.800000 0.000000
vt -1.897249 1.800000 0.000000
vt -1.581041 0.000000 0.000000
vt -1.581041 1.800000 0.000000
vt -1.264833 0.000000 0.000000
vt -1.264833 1.800000 0.000000
vt -0.948625 0.000000 0.000000
vt -0.948625 1.800000 0.000000
vt -0.632416 0.000000 0.000000
vt -0.632416 1.800000 0.000000
vt -0.316208 0.000000 0.000000
vt -0.316208 1.800000 0.000000
vt 0.000000 0.000000 0.000000
vt 0.000000 1.800000 0.000000
vt -2.542866 0.000000 0.000000
vt -1.907149 0.000000 0.000000
vt -2.542866 1.800000 0.000000
vt -1.907149 1.800000 0.000000
vt -1.589291 0.000000 0.000000
vt -1.589291 1.800000 0.000000
vt -1.271433 0.000000 0.000000
vt -1.271433 1.800000 0.000000
vt -0.953575 0.000000 0.000000
vt -0.953575 1.800000 0.000000
vt -0.635716 0.000000 0.000000
vt -0.635716 1.800000 0.000000
vt 0.000000 0.000000 0.000000
vt 0.000000 1.800000 0.000000
vt -3.487176 0.000000 0.000000
vt -2.615382 0.000000 0.000000
vt -3.487176 1.800000 0.000000
vt -2.615382 1.800000 0.000000
vt -2.179485 0.000000 0.000000
vt -2.179485 1.800000 0.000000
vt -1.743588 0.000000 0.000000
vt -1.743588 1.800000 0.000000
vt -1.525640 0.000000 0.000000
vt -1.525640 1.800000 0.000000
vt -1.307691 0.000000 0.000000
vt -1.307691 1.800000 0.000000
vt -0.871794 0.000000 0.000000
vt -0.871794 1.800000 0.000000
vt -0.435897 0.000000 0.000000
vt -0.435897 1.800000 0.000000
vt 0.000000 0.000000 0.000000
vt 0.000000 1.800000 0.000000
vt -0.000000 0.000000 0.000000
vt 0.876081 0.000000 0.000000
vt 0.000000 1.800000 0.000000
vt 0.876081 1.800000 0.000000
vt -7.448213 0.000000 0.000000
vt -6.517186 0.000000 0.000000
vt -7.448213 1.800000 0.000000
vt -6.517186 1.800000 0.000000
vt -5.586160 0.000000 0.000000
vt -5.586160 1.800000 0.000000
vt -3.724106 0.000000 0.000000
vt -3.724106 1.800000 0.000000
vt -1.862053 0.000000 0.000000
vt -1.862053 1.800000 0.000000
vt -0.931027 0.000000 0.000000
vt -0.931027 1.800000 0.000000
vt 0.000000 0.000000 0.000000
vt 0.000000 1.800000 0.000000
vt -7.204860 0.000000 0.000000
vt -6.754557 0.000000 0.000000
vt -7.204860 1.800000 0.000000
vt -6.754557 1.800000 0.000000
vt -6.304253 0.000000 0.000000
vt -6.304253 1.800000 0.000000
vt -5.403645 0.000000 0.000000
vt -5.403645 1.800000 0.000000
vt -3.602430 0.000000 0.000000
vt -3.602430 1.800000 0.000000
vt -1.801215 0.000000 0.000000
vt -1.801215 1.800000 0.000000
vt -0.900608 0.000000 0.000000
vt -0.900608 1.800000 0.000000
vt 0.000000 0.000000 0.000000
vt 0.000000 1.800000 0.000000
vt -0.000000 0.000000 0.000000
vt 0.904342 0.000000 0.000000
vt -0.000000 1.800000 0.000000
vt 0.904342 1.800000 0.000000
vt -2.573780 0.000000 0.000000
vt -1.930335 0.000000 0.000000
vt -2.573780 1.800000 0.000000
vt -1.930335 1.800000 0.000000
vt -1.608613 0.000000 0.000000
vt -1.608613 1.800000 0.000000
vt -1.286890 0.000000 0.000000
vt -1.286890 1.800000 0.000000
vt -0.965168 0.000000 0.000000
vt -0.965168 1.800000 0.000000
vt -0.643445 0.000000 0.000000
vt -0.643445 1.800000 0.000000
vt 0.000000 0.000000 0.000000
vt 0.000000 1.800000 0.000000
vt -2.645174 0.000000 0.000000
vt -2.314527 0.000000 0.000000
vt -2.645174 1.800000 0.000000
vt -2.314527 1.800000 0.000000
vt -1.983881 0.000000 0.000000
vt -1.983881 1.800000 0.000000
vt -1.322587 0.000000 0.000000
vt -1.322587 1.800000 0.000000
vt -0.991940 0.000000 0.000000
vt -0.991940 1.800000 0.000000
vt -0.661294 0.000000 0.000000
vt -0.661294 1.800000 0.000000
vt -0.330647 0.000000 0.000000
vt -0.330647 1.800000 0.000000
vt 0.000000 0.000000 0.000000
vt 0.000000 1.800000 0.000000
vt -3.187481 0.000000 0.000000
vt -2.988263 0.000000 0.000000
vt -3.187481 1.800000 0.000000
vt -2.988263 1.800000 0.000000
vt -2.789046 0.000000 0.000000
vt -2.789046 1.800000 0.000000
vt -2.589828 0.000000 0.000000
vt -2.589828 1.800000 0.000000
vt -2.390610 0.000000 0.000000
vt -2.390610 1.800000 0.000000
vt -1.992175 0.000000 0.000000
vt -1.992175 1.800000 0.000000
vt -1.593740 0.000000 0.000000
vt -1.593740 1.800000 0.000000
vt -1.195305 0.000000 0.000000
vt -1.195305 1.800000 0.000000
vt -0.796870 0.000000 0.000000
vt -0.796870 1.800000 0.000000
vt -0.398435 0.000000 0.000000
vt -0.398435 1.800000 0.000000
vt 0.000000 0.000000 0.000000
vt 0.000000 1.800000 0.000000
vt -3.116686 0.000000 0.000000
vt -2.921893 0.000000 0.000000
vt -3.116686 1.800000 0.000000
vt -2.921893 1.800000 0.000000
vt -2.727101 0.000000 0.000000
vt -2.727101 1.800000 0.000000
vt -2.337515 0.000000 0.000000
vt -2.337515 1.800000 0.000000
vt -1.947929 0.000000 0.000000
vt -1.947929 1.800000 0.000000
vt -1.558343 0.000000 0.000000
vt -1.558343 1.800000 0.000000
vt -1.168757 0.000000 0.000000
vt -1.168757 1.800000 0.000000
vt -0.779172 0.000000 0.000000
vt -0.779172 1.800000 0.000000
vt 0.000000 0.000000 0.000000
vt 0.000000 1.800000 0.000000
vt -2.588393 0.000000 0.000000
vt -2.507506 0.000000 0.000000
vt -2.588393 1.800000 0.000000
vt -2.507506 1.800000 0.000000
vt -2.426618 0.000000 0.000000
vt -2.426618 1.800000 0.000000
vt -2.264844 0.000000 0.000000
vt -2.264844 1.800000 0.000000
vt -2.103069 0.000000 0.000000
vt -2.103069 1.800000 0.000000
vt -1.941295 0.000000 0.000000
vt -1.941295 1.800000 0.000000
vt -1.617746 0.000000 0.000000
vt -1.617746 1.800000 0.000000
vt -1.294197 0.000000 0.000000
vt -1.294197 1.800000 0.000000
vt -0.970647 0.000000 0.000000
vt -0.970647 1.800000 0.000000
vt -0.647098 0.000000 0.000000
vt -0.647098 1.800000 0.000000
vt -0.323549 0.000000 0.000000
vt -0.323549 1.800000 0.000000
vt 0.000000 0.000000 0.000000
vt 0.000000 1.800000 0.000000
vt -3.406091 0.000000 0.000000
vt -3.379481 0.000000 0.000000
vt -3.406091 1.800000 0.000000
vt -3.379481 1.800000 0.000000
vt -3.352871 0.000000 0.000000
vt -3.352871 1.800000 0.000000
vt -3.299651 0.000000 0.000000
vt -3.299651 1.800000 0.000000
vt -3.246430 0.000000 0.000000
vt -3.246430 1.800000 0.000000
vt -3.193210 0.000000 0.000000
vt -3.193210 1.800000 0.000000
vt -2.980330 0.000000 0.000000
vt -2.980330 1.800000 0.000000
vt -2.554568 0.000000 0.000000
vt -2.554568 1.800000 0.000000
vt -2.128807 0.000000 0.000000
vt -2.128807 1.800000 0.000000
vt -1.915926 0.000000 0.000000
vt -1.915926 1.800000 0.000000
vt -1.703045 0.000000 0.000000
vt -1.703045 1.800000 0.000000
vt -1.277284 0.000000 0.000000
vt -1.277284 1.800000 0.000000
vt -0.851523 0.000000 0.000000
vt -0.851523 1.800000 0.000000
vt 0.000000 0.000000 0.000000
vt 0.000000 1.800000 0.000000
vt -4.816142 0.000000 0.000000
vt -4.214124 0.000000 0.000000
vt -4.816142 1.800000 0.000000
vt -4.214124 1.800000 0.000000
vt -3.612107 0.000000 0.000000
vt -3.612107 1.800000 0.000000
vt -3.311098 0.000000 0.000000
vt -3.311098 1.800000 0.000000
vt -3.010089 0.000000 0.000000
vt -3.010089 1.800000 0.000000
vt -2.709080 0.000000 0.000000
vt -2.709080 1.800000 0.000000
vt -2.408071 0.000000 0.000000
vt -2.408071 1.800000 0.000000
vt -2.107062 0.000000 0.000000
vt -2.107062 1.800000 0.000000
vt -1.806053 0.000000 0.000000
vt -1.806053 1.800000 0.000000
vt -1.505044 0.000000 0.000000
vt -1.505044 1.800000 0.000000
vt -1.204036 0.000000 0.000000
vt -1.204036 1.800000 0.000000
vt 0.000000 0.000000 0.000000
vt 0.000000 1.800000 0.000000
vt -2.939184 0.000000 0.000000
vt -2.571786 0.000000 0.000000
vt -2.939184 1.800000 0.000000
vt -2.571786 1.800000 0.000000
vt -2.204388 0.000000 0.000000
vt -2.204388 1.800000 0.000000
vt -1.836990 0.000000 0.000000
vt -1.836990 1.800000 0.000000
vt -1.469592 0.000000 0.000000
vt -1.469592 1.800000 0.000000
vt -1.102194 0.000000 0.000000
vt -1.102194 1.800000 0.000000
vt -0.734796 0.000000 0.000000
vt -0.734796 1.800000 0.000000
vt -0.367398 0.000000 0.000000
vt -0.367398 1.800000 0.000000
vt 0.000000 0.000000 0.000000
vt 0.000000 1.800000 0.000000
vt -2.905367 0.000000 0.000000
vt -2.179025 0.000000 0.000000
vt -2.905367 1.800000 0.000000
vt -2.179025 1.800000 0.000000
vt -1.815854 0.000000 0.000000
vt -1.815854 1.800000 0.000000
vt -1.452683 0.000000 0.000000
vt -1.452683 1.800000 0.000000
vt -1.089513 0.000000 0.000000
vt -1.089513 1.800000 0.000000
vt -0.726342 0.000000 0.000000
vt -0.726342 1.800000 0.000000
vt -0.363171 0.000000 0.000000
vt -0.363171 1.800000 0.000000
vt -0.181585 0.000000 0.000000
vt -0.181585 1.800000 0.000000
vt -0.090793 0.000000 0.000000
vt -0.090793 1.800000 0.000000
vt 0.000000 0.000000 0.000000
vt 0.000000 1.800000 0.000000
vt -2.839155 0.000000 0.000000
vt -2.484261 0.000000 0.000000
vt -2.839155 1.800000 0.000000
vt -2.484261 1.800000 0.000000
vt -2.129366 0.000000 0.000000
vt -2.129366 1.800000 0.000000
vt -1.774472 0.000000 0.000000
vt -1.774472 1.800000 0.000000
vt -1.419577 0.000000 0.000000
vt -1.419577 1.800000 0.000000
vt -1.064683 0.000000 0.000000
vt -1.064683 1.800000 0.000000
vt -0.709789 0.000000 0.000000
vt -0.709789 1.800000 0.000000
vt -0.354894 0.000000 0.000000
vt -0.354894 1.800000 0.000000
vt -0.177447 0.000000 0.000000
vt -0.177447 1.800000 0.000000
vt 0.000000 0.000000 0.000000
vt 0.000000 1.800000 0.000000
vt -3.232339 0.000000 0.000000
vt -3.030318 0.000000 0.000000
vt -3.232339 1.800000 0.000000
vt -3.030318 1.800000 0.000000
vt -2.828297 0.000000 0.000000
vt -2.828297 1.800000 0.000000
vt -2.424254 0.000000 0.000000
vt -2.424254 1.800000 0.000000
vt -1.616170 0.000000 0.000000
vt -1.616170 1.800000 0.000000
vt -1.212127 0.000000 0.000000
vt -1.212127 1.800000 0.000000
vt -0.808085 0.000000 0.000000
vt -0.808085 1.800000 0.000000
vt -0.404042 0.000000 0.000000
vt -0.404042 1.800000 0.000000
vt -0.202021 0.000000 0.000000
vt -0.202021 1.800000 0.000000
vt 0.000000 0.000000 0.000000
vt 0.000000 1.800000 0.000000
vt -3.696045 0.000000 0.000000
vt -2.772034 0.000000 0.000000
vt -3.696045 1.800000 0.000000
vt -2.772034 1.800000 0.000000
vt -2.310028 0.000000 0.000000
vt -2.310028 1.800000 0.000000
vt -1.848023 0.000000 0.000000
vt -1.848023 1.800000 0.000000
vt -1.386017 0.000000 0.000000
vt -1.386017 1.800000 0.000000
vt -0.924011 0.000000 0.000000
vt -0.924011 1.800000 0.000000
vt 0.000000 0.000000 0.000000
vt 0.000000 1.800000 0.000000
vt 0.935374 21.167430 0.000000
vt 1.417005 20.441925 0.000000
vt 0.786232 21.722029 0.000000
vt 1.787940 20.172036 0.000000
vt 2.174529 19.977776 0.000000
vt 1.121522 20.786740 0.000000
vt 2.818066 19.748919 0.000000
vt 4.245047 35.645373 0.000000
vt 2.248448 35.052265 0.000000
vt 3.925807 35.694338 0.000000
vt 3.599645 35.699208 0.000000
vt 2.862500 19.553370 0.000000
vt 3.091893 19.075469 0.000000
vt 3.317808 18.813608 0.000000
vt 3.627052 18.565775 0.000000
vt 2.947295 19.327050 0.000000
vt 4.006928 18.356306 0.000000
vt 4.444355 18.198353 0.000000
vt 4.931767 18.094394 0.000000
vt 3.666182 17.301994 0.000000
vt -0.632301 8.159785 0.000000
vt 11.238466 -23.970082 0.000000
vt 26.687444 -23.970082 0.000000
vt 12.122107 -24.802539 0.000000
vt 13.251941 -25.703777 0.000000
vt -0.571388 9.639702 0.000000
vt 2.360800 16.222810 0.000000
vt -0.416215 10.907610 0.000000
vt -0.039740 12.372228 0.000000
vt 1.338394 15.081394 0.000000
vt 0.572656 13.849836 0.000000
vt -1.078800 7.344065 0.000000
vt -2.779206 -7.317520 0.000000
vt -2.401535 -8.876028 0.000000
vt -1.978376 -10.177359 0.000000
vt -2.189947 6.446702 0.000000
vt -3.267090 5.197701 0.000000
vt -3.705835 -6.106154 0.000000
vt -4.240670 3.607607 0.000000
vt -4.870927 1.757498 0.000000
vt -4.406636 -4.837807 0.000000
vt -5.062611 0.950138 0.000000
vt -5.176505 0.004131 0.000000
vt -5.150633 -2.333789 0.000000
vt -4.884250 -3.556810 0.000000
vt -2.673931 -7.910599 0.000000
vt -1.441404 -11.732268 0.000000
vt 5.034268 -20.349502 0.000000
vt 6.191456 -21.172161 0.000000
vt -1.023132 -13.792940 0.000000
vt -0.590249 -14.887238 0.000000
vt 0.118027 -16.129547 0.000000
vt 1.110330 -17.455486 0.000000
vt 2.307559 -18.683541 0.000000
vt 3.628447 -19.664926 0.000000
vt 7.559631 -22.134912 0.000000
vt 9.231474 -23.101624 0.000000
vt 14.075834 -26.232662 0.000000
vt 15.083854 -26.740531 0.000000
vt 16.236627 -27.147884 0.000000
vt 17.484175 -27.407624 0.000000
vt 20.071270 -27.446713 0.000000
vt 22.544845 -26.874977 0.000000
vt 23.689788 -26.366344 0.000000
vt 24.762951 -25.710941 0.000000
vt 27.237169 -23.815925 0.000000
vt 27.967541 -23.511200 0.000000
vt 38.697205 8.118380 0.000000
vt 33.154962 18.071181 0.000000
vt 34.649592 17.124831 0.000000
vt 38.689130 8.820403 0.000000
vt 35.956589 15.985833 0.000000
vt 38.593965 10.108196 0.000000
vt 38.341211 11.651826 0.000000
vt 29.834299 -22.520144 0.000000
vt 31.671670 -21.347162 0.000000
vt 32.944368 -20.314351 0.000000
vt 32.389401 -20.805557 0.000000
vt 33.287914 -20.215782 0.000000
vt 33.727218 -20.018065 0.000000
vt 34.825523 -19.357296 0.000000
vt 39.475472 -11.797201 0.000000
vt 35.986732 -18.454941 0.000000
vt 37.023398 -17.389675 0.000000
vt 37.936501 -16.143007 0.000000
vt 38.703262 -14.742273 0.000000
vt 39.232933 -13.275234 0.000000
vt 39.823315 -10.864808 0.000000
vt 40.257513 -9.562781 0.000000
vt 40.806189 -7.360518 0.000000
vt 40.642465 -8.211638 0.000000
vt 40.758648 -7.699166 0.000000
vt 41.069590 -7.076412 0.000000
vt 41.296319 5.196666 0.000000
vt 40.352194 6.330251 0.000000
vt 39.126813 7.272183 0.000000
vt 39.580777 7.059234 0.000000
vt 39.310405 7.232927 0.000000
vt 41.499650 -6.539671 0.000000
vt 42.184123 3.848199 0.000000
vt 42.437247 -4.900087 0.000000
vt 42.823841 2.475542 0.000000
vt 43.168109 1.198343 0.000000
vt 43.316513 -0.993436 0.000000
vt 43.086651 -2.956746 0.000000
vt 39.207655 7.269428 0.000000
vt 39.164493 7.275025 0.000000
vt 38.701629 8.382989 0.000000
vt 37.840852 13.202207 0.000000
vt 37.039024 14.665123 0.000000
vt 33.594166 18.232985 0.000000
vt 35.223306 19.700435 0.000000
vt 31.209777 35.884224 0.000000
vt 28.585374 35.803967 0.000000
vt 29.585494 36.256172 0.000000
vt 31.041300 36.029166 0.000000
vt 30.843900 36.154750 0.000000
vt 34.251206 18.455417 0.000000
vt 34.577603 18.644439 0.000000
vt 35.071617 19.265616 0.000000
vt 34.855723 18.912856 0.000000
vt 35.664684 19.875735 0.000000
vt 37.280094 21.722558 0.000000
vt 33.906412 35.651479 0.000000
vt 31.818429 36.109370 0.000000
vt 32.196319 36.189642 0.000000
vt 32.665484 36.201962 0.000000
vt 33.431165 35.989869 0.000000
vt 33.116151 36.130153 0.000000
vt 33.291568 36.066420 0.000000
vt 36.332796 20.177918 0.000000
vt 36.658744 20.429485 0.000000
vt 37.139371 21.202927 0.000000
vt 36.931812 20.770626 0.000000
vt 37.684265 21.973104 0.000000
vt 38.909348 24.160661 0.000000
vt 35.880733 35.057578 0.000000
vt 34.774894 35.644830 0.000000
vt 35.094231 35.590652 0.000000
vt 35.336106 35.503967 0.000000
vt 38.302220 22.477102 0.000000
vt 38.581086 22.820439 0.000000
vt 38.892663 23.667206 0.000000
vt 38.782931 23.219006 0.000000
vt 39.868412 26.367665 0.000000
vt 39.199195 24.332081 0.000000
vt 39.444154 24.578443 0.000000
vt 39.640895 24.895867 0.000000
vt 39.786521 25.264114 0.000000
vt 39.924175 25.972886 0.000000
vt 39.919301 26.220522 0.000000
vt 39.899474 26.306824 0.000000
vt 39.885337 26.340418 0.000000
vt 40.538602 28.840433 0.000000
vt 40.203390 26.791467 0.000000
vt 40.439510 27.124239 0.000000
vt 40.631360 27.530673 0.000000
vt 40.719685 27.976595 0.000000
vt 40.706474 28.391348 0.000000
vt 40.634697 28.694617 0.000000
vt 40.588754 28.788127 0.000000
vt 40.564173 28.819437 0.000000
vt 40.740426 29.044895 0.000000
vt 40.631360 31.440306 0.000000
vt 38.729856 34.094494 0.000000
vt 36.847655 35.083022 0.000000
vt 37.275486 35.027835 0.000000
vt 37.675958 34.914357 0.000000
vt 38.052884 34.738190 0.000000
vt 38.382271 34.518959 0.000000
vt 38.617943 34.295449 0.000000
vt 38.689957 34.191499 0.000000
vt 40.944414 29.344668 0.000000
vt 41.116357 29.733468 0.000000
vt 41.170238 29.954438 0.000000
vt 41.192080 30.186687 0.000000
vt 41.177668 30.423403 0.000000
vt 41.128391 30.655976 0.000000
vt 40.958606 31.067948 0.000000
vt 40.770880 31.344606 0.000000
vt 40.693351 31.416024 0.000000
vt 40.660366 31.434062 0.000000
vt 40.645365 31.438656 0.000000
vt 40.756857 31.589166 0.000000
vt 40.672443 33.524757 0.000000
vt 40.456890 33.727563 0.000000
vt 40.206975 33.893466 0.000000
vt 40.863559 31.770832 0.000000
vt 40.949580 31.984308 0.000000
vt 41.010516 32.226065 0.000000
vt 41.038822 32.488756 0.000000
vt 41.025209 32.761778 0.000000
vt 40.843146 33.290675 0.000000
vt 40.961413 33.033022 0.000000
vt 39.933411 34.018764 0.000000
vt 39.644716 34.101578 0.000000
vt 39.346270 34.141499 0.000000
vt 39.040933 34.138934 0.000000
vt 30.596081 36.256564 0.000000
vt 30.299761 36.322689 0.000000
vt 29.968853 36.331343 0.000000
vt 26.249896 35.378606 0.000000
vt 28.107976 35.918470 0.000000
vt 26.874608 35.758607 0.000000
vt 27.826055 35.954077 0.000000
vt 27.198484 35.880029 0.000000
vt 27.519751 35.945969 0.000000
vt 25.989407 35.445043 0.000000
vt 24.080952 34.779543 0.000000
vt 23.601416 34.279085 0.000000
vt 19.037499 28.804084 0.000000
vt 14.486427 34.279085 0.000000
vt 11.820380 35.398734 0.000000
vt 13.904300 34.881305 0.000000
vt 12.702606 35.467856 0.000000
vt 13.632083 35.113572 0.000000
vt 13.356598 35.292307 0.000000
vt 25.631251 35.485983 0.000000
vt 24.431182 35.108252 0.000000
vt 25.222320 35.470617 0.000000
vt 25.017013 35.427321 0.000000
vt 24.816148 35.353261 0.000000
vt 22.725335 34.279085 0.000000
vt 22.339140 34.021521 0.000000
vt 21.780087 33.570553 0.000000
vt 20.528957 32.078818 0.000000
vt 19.628997 30.402978 0.000000
vt 19.263393 29.525093 0.000000
vt 18.893570 29.266774 0.000000
vt 18.635779 30.058326 0.000000
vt 17.690665 31.839478 0.000000
vt 16.579616 33.285608 0.000000
vt 15.880123 33.936026 0.000000
vt 15.598905 34.154266 0.000000
vt 15.390769 34.279085 0.000000
vt 13.054152 35.411537 0.000000
vt 9.553652 35.809799 0.000000
vt 11.533267 35.621731 0.000000
vt 11.226487 35.790534 0.000000
vt 10.902666 35.902792 0.000000
vt 10.571435 35.959486 0.000000
vt 9.966776 35.940625 0.000000
vt 9.732377 35.886084 0.000000
vt 6.869988 35.880267 0.000000
vt 9.173622 36.032901 0.000000
vt 8.777337 36.195437 0.000000
vt 8.369010 36.293522 0.000000
vt 7.962086 36.324927 0.000000
vt 7.582536 36.292723 0.000000
vt 7.261503 36.203649 0.000000
vt 7.130709 36.139990 0.000000
vt 7.021734 36.064560 0.000000
vt 6.934869 35.977880 0.000000
vt 6.053089 36.157766 0.000000
vt 5.658584 36.215504 0.000000
vt 5.269465 36.191960 0.000000
vt 4.901124 36.090455 0.000000
vt 4.591159 35.950222 0.000000
vt 4.369631 35.800759 0.000000
vt 4.295210 35.723905 0.000000
vt 3.270838 35.658782 0.000000
vt 2.951764 35.575793 0.000000
vt 2.665686 35.460489 0.000000
vt 2.440948 35.327556 0.000000
vt 2.359009 35.258641 0.000000
vt 2.299459 35.189516 0.000000
vt 2.262644 35.120665 0.000000
vt 2.252730 35.086405 0.000000
vt 1.271606 35.053268 0.000000
vt -1.815219 26.443399 0.000000
vt -0.863898 24.170799 0.000000
vt 0.546231 21.862229 0.000000
vt 0.682185 21.772736 0.000000
vt -0.623132 34.083328 0.000000
vt 0.838079 35.042833 0.000000
vt -0.323119 34.484202 0.000000
vt 0.029467 34.771182 0.000000
vt 0.225662 34.884302 0.000000
vt 0.426684 34.965869 0.000000
vt -0.560035 34.220254 0.000000
vt -0.614909 34.132804 0.000000
vt -0.621359 34.116816 0.000000
vt -0.624880 34.103237 0.000000
vt -0.625470 34.092073 0.000000
vt -0.624667 34.087398 0.000000
vt -1.737633 34.060225 0.000000
vt -2.619731 31.470131 0.000000
vt -2.484667 28.856935 0.000000
vt -2.271713 27.045005 0.000000
vt -2.463686 27.350258 0.000000
vt -2.602441 27.680738 0.000000
vt -2.664380 28.043267 0.000000
vt -2.650911 28.400368 0.000000
vt -2.584880 28.685591 0.000000
vt -2.512515 28.825443 0.000000
vt -2.538527 28.786374 0.000000
vt -1.985225 33.996574 0.000000
vt -2.221543 33.886075 0.000000
vt -2.442907 33.719917 0.000000
vt -2.832461 31.902399 0.000000
vt -2.639428 33.500793 0.000000
vt -2.796998 33.242448 0.000000
vt -2.902986 32.963526 0.000000
vt -2.952235 32.681050 0.000000
vt -2.949615 32.406408 0.000000
vt -2.791637 31.261260 0.000000
vt -2.935638 30.997557 0.000000
vt -3.043443 30.682194 0.000000
vt -3.098189 30.328239 0.000000
vt -3.079125 29.955344 0.000000
vt -2.971437 29.580738 0.000000
vt -2.772178 29.213625 0.000000
vt -1.845299 26.365591 0.000000
vt -1.868433 26.270761 0.000000
vt -1.892162 26.030580 0.000000
vt -1.879034 25.731414 0.000000
vt -1.815546 25.396797 0.000000
vt -1.686977 25.056415 0.000000
vt -1.484813 24.733065 0.000000
vt -1.209253 24.437075 0.000000
vt -0.878222 24.060820 0.000000
vt -0.872237 23.916895 0.000000
vt -0.803773 23.549971 0.000000
vt -0.675984 23.165379 0.000000
vt -0.482673 22.828873 0.000000
vt 0.194989 22.143458 0.000000
vn 0.011643 0.099320 0.000000
vn 0.001517 0.099988 0.000000
vn 0.011643 0.099320 0.000000
vn 0.001517 0.099988 0.000000
vn 0.021013 0.097767 0.000000
vn 0.021013 0.097767 0.000000
vn 0.042159 0.090679 0.000000
vn 0.042159 0.090679 0.000000
vn 0.058152 0.081353 0.000000
vn 0.058152 0.081353 0.000000
vn 0.068812 0.072559 0.000000
vn 0.068812 0.072559 0.000000
vn 0.041089 -0.091169 0.000000
vn 0.053433 -0.084527 0.000000
vn 0.041089 -0.091169 0.000000
vn 0.053433 -0.084527 0.000000
vn 0.067682 -0.073615 0.000000
vn 0.067682 -0.073615 0.000000
vn -0.012233 0.099249 0.000000
vn 0.002837 0.099960 0.000000
vn -0.012233 0.099249 0.000000
vn 0.002837 0.099960 0.000000
vn 0.009045 0.099590 0.000000
vn 0.009045 0.099590 0.000000
vn 0.026745 0.096357 0.000000
vn 0.026745 0.096357 0.000000
vn 0.045526 0.089036 0.000000
vn 0.045526 0.089036 0.000000
vn 0.058408 0.081170 0.000000
vn 0.058408 0.081170 0.000000
vn 0.073115 0.068222 0.000000
vn 0.073115 0.068222 0.000000
vn 0.056754 -0.082335 0.000000
vn 0.058042 -0.081432 0.000000
vn 0.056754 -0.082335 0.000000
vn 0.058042 -0.081432 0.000000
vn 0.061399 -0.078931 0.000000
vn 0.061399 -0.078931 0.000000
vn 0.078516 -0.061929 0.000000
vn 0.078516 -0.061929 0.000000
vn 0.005434 0.099852 0.000000
vn 0.001132 0.099994 0.000000
vn 0.005434 0.099852 0.000000
vn 0.001132 0.099994 0.000000
vn 0.018107 0.098347 0.000000
vn 0.018107 0.098347 0.000000
vn 0.031946 0.094760 0.000000
vn 0.031946 0.094760 0.000000
vn 0.078733 -0.061653 0.000000
vn 0.069239 -0.072153 0.000000
vn 0.078733 -0.061653 0.000000
vn 0.069239 -0.072153 0.000000
vn 0.070750 -0.070671 0.000000
vn 0.070750 -0.070671 0.000000
vn 0.080209 -0.059720 0.000000
vn 0.080209 -0.059720 0.000000
vn 0.086889 -0.049500 0.000000
vn 0.086889 -0.049500 0.000000
vn 0.093515 -0.035425 0.000000
vn 0.093515 -0.035425 0.000000
vn -0.046160 0.088709 0.000000
vn -0.028286 0.095916 0.000000
vn -0.046160 0.088709 0.000000
vn -0.028286 0.095916 0.000000
vn -0.018337 0.098304 0.000000
vn -0.018337 0.098304 0.000000
vn -0.005116 0.099869 0.000000
vn -0.005116 0.099869 0.000000
vn 0.016882 0.098565 0.000000
vn 0.016882 0.098565 0.000000
vn 0.038465 0.092306 0.000000
vn 0.038465 0.092306 0.000000
vn 0.052659 0.085012 0.000000
vn 0.052659 0.085012 0.000000
vn 0.068227 0.073110 0.000000
vn 0.068227 0.073110 0.000000
vn 0.099735 0.007271 0.000000
vn 0.098777 -0.015590 0.000000
vn 0.099735 0.007271 0.000000
vn 0.098777 -0.015590 0.000000
vn 0.094175 -0.033632 0.000000
vn 0.094175 -0.033632 0.000000
vn 0.082605 -0.056360 0.000000
vn 0.082605 -0.056360 0.000000
vn 0.067304 -0.073960 0.000000
vn 0.067304 -0.073960 0.000000
vn 0.065278 -0.075754 0.000000
vn 0.065278 -0.075754 0.000000
vn 0.080131 -0.059825 0.000000
vn 0.080131 -0.059825 0.000000
vn 0.087574 -0.048279 0.000000
vn 0.087574 -0.048279 0.000000
vn 0.093278 -0.036044 0.000000
vn 0.093278 -0.036044 0.000000
vn 0.017151 0.098518 0.000000
vn -0.004800 0.099885 0.000000
vn 0.017151 0.098518 0.000000
vn -0.004800 0.099885 0.000000
vn -0.011270 0.099363 0.000000
vn -0.011270 0.099363 0.000000
vn -0.009093 0.099586 0.000000
vn -0.009093 0.099586 0.000000
vn 0.002676 0.099964 0.000000
vn 0.002676 0.099964 0.000000
vn 0.016155 0.098687 0.000000
vn 0.016155 0.098687 0.000000
vn 0.038133 0.092444 0.000000
vn 0.038133 0.092444 0.000000
vn 0.052263 0.085256 0.000000
vn 0.052263 0.085256 0.000000
vn 0.067054 0.074188 0.000000
vn 0.067054 0.074188 0.000000
vn 0.080378 0.059493 0.000000
vn 0.080378 0.059493 0.000000
vn 0.090341 0.042878 0.000000
vn 0.090341 0.042878 0.000000
vn 0.096391 0.026624 0.000000
vn 0.096391 0.026624 0.000000
vn 0.099237 0.012330 0.000000
vn 0.099237 0.012330 0.000000
vn 0.099605 -0.008880 0.000000
vn 0.099605 -0.008880 0.000000
vn 0.095141 -0.030793 0.000000
vn 0.095141 -0.030793 0.000000
vn 0.091450 -0.040457 0.000000
vn 0.091450 -0.040457 0.000000
vn 0.087451 -0.048501 0.000000
vn 0.087451 -0.048501 0.000000
vn 0.085474 -0.051905 0.000000
vn 0.085474 -0.051905 0.000000
vn -0.002792 0.099961 0.000000
vn 0.003142 0.099951 0.000000
vn -0.002792 0.099961 0.000000
vn 0.003142 0.099951 0.000000
vn 0.010493 0.099448 0.000000
vn 0.010493 0.099448 0.000000
vn 0.080985 -0.058664 0.000000
vn 0.075216 -0.065898 0.000000
vn 0.080985 -0.058664 0.000000
vn 0.075216 -0.065898 0.000000
vn 0.073116 -0.068221 0.000000
vn 0.073116 -0.068221 0.000000
vn 0.061535 0.078826 0.000000
vn 0.040450 0.091454 0.000000
vn 0.061535 0.078826 0.000000
vn 0.040450 0.091454 0.000000
vn 0.025760 0.096625 0.000000
vn 0.025760 0.096625 0.000000
vn 0.008484 0.099639 0.000000
vn 0.008484 0.099639 0.000000
vn -0.008584 0.099631 0.000000
vn -0.008584 0.099631 0.000000
vn -0.023877 0.097108 0.000000
vn -0.023877 0.097108 0.000000
vn -0.041315 0.091066 0.000000
vn -0.041315 0.091066 0.000000
vn 0.060854 0.079352 0.000000
vn 0.071448 0.069966 0.000000
vn 0.060854 0.079352 0.000000
vn 0.071448 0.069966 0.000000
vn 0.080842 0.058861 0.000000
vn 0.080842 0.058861 0.000000
vn 0.088586 0.046396 0.000000
vn 0.088586 0.046396 0.000000
vn 0.094418 0.032944 0.000000
vn 0.094418 0.032944 0.000000
vn 0.098228 0.018744 0.000000
vn 0.098228 0.018744 0.000000
vn 0.099923 0.003925 0.000000
vn 0.099923 0.003925 0.000000
vn 0.099369 -0.011218 0.000000
vn 0.099369 -0.011218 0.000000
vn 0.096547 -0.026050 0.000000
vn 0.096547 -0.026050 0.000000
vn 0.091785 -0.039692 0.000000
vn 0.091785 -0.039692 0.000000
vn 0.085819 -0.051334 0.000000
vn 0.085819 -0.051334 0.000000
vn 0.073424 -0.067889 0.000000
vn 0.073424 -0.067889 0.000000
vn 0.054910 -0.083575 0.000000
vn 0.054910 -0.083575 0.000000
vn 0.043212 0.090181 0.000000
vn 0.025473 0.096701 0.000000
vn 0.043212 0.090181 0.000000
vn 0.025473 0.096701 0.000000
vn 0.013227 0.099121 0.000000
vn 0.013227 0.099121 0.000000
vn -0.001577 0.099988 0.000000
vn -0.001577 0.099988 0.000000
vn -0.014923 0.098880 0.000000
vn -0.014923 0.098880 0.000000
vn -0.024407 0.096976 0.000000
vn -0.024407 0.096976 0.000000
vn -0.031595 0.094878 0.000000
vn -0.031595 0.094878 0.000000
vn -0.045933 0.088827 0.000000
vn -0.045933 0.088827 0.000000
vn 0.013118 0.099136 0.000000
vn 0.024489 0.096955 0.000000
vn 0.013118 0.099136 0.000000
vn 0.024489 0.096955 0.000000
vn 0.038611 0.092245 0.000000
vn 0.038611 0.092245 0.000000
vn 0.055246 0.083354 0.000000
vn 0.055246 0.083354 0.000000
vn 0.072644 0.068723 0.000000
vn 0.072644 0.068723 0.000000
vn 0.087392 0.048607 0.000000
vn 0.087392 0.048607 0.000000
vn 0.096510 0.026187 0.000000
vn 0.096510 0.026187 0.000000
vn 0.099847 0.005523 0.000000
vn 0.099847 0.005523 0.000000
vn 0.099369 -0.011219 0.000000
vn 0.099369 -0.011219 0.000000
vn 0.094264 -0.033382 0.000000
vn 0.094264 -0.033382 0.000000
vn 0.088895 -0.045800 0.000000
vn 0.088895 -0.045800 0.000000
vn 0.081346 -0.058162 0.000000
vn 0.081346 -0.058162 0.000000
vn 0.071725 -0.069682 0.000000
vn 0.071725 -0.069682 0.000000
vn 0.053727 -0.084341 0.000000
vn 0.053727 -0.084341 0.000000
vn 0.027530 -0.096136 0.000000
vn 0.038900 -0.092124 0.000000
vn 0.027530 -0.096136 0.000000
vn 0.038900 -0.092124 0.000000
vn 0.051420 -0.085767 0.000000
vn 0.051420 -0.085767 0.000000
vn 0.069048 -0.072335 0.000000
vn 0.069048 -0.072335 0.000000
vn 0.025478 0.096700 0.000000
vn 0.037028 0.092892 0.000000
vn 0.025478 0.096700 0.000000
vn 0.037028 0.092892 0.000000
vn 0.049792 0.086722 0.000000
vn 0.049792 0.086722 0.000000
vn 0.059857 0.080107 0.000000
vn 0.059857 0.080107 0.000000
vn 0.073465 0.067844 0.000000
vn 0.073465 0.067844 0.000000
vn 0.087885 0.047710 0.000000
vn 0.087885 0.047710 0.000000
vn 0.093721 0.034878 0.000000
vn 0.093721 0.034878 0.000000
vn 0.097801 0.020854 0.000000
vn 0.097801 0.020854 0.000000
vn 0.039835 0.091723 0.000000
vn 0.059039 0.080712 0.000000
vn 0.039835 0.091723 0.000000
vn 0.059039 0.080712 0.000000
vn 0.077233 0.063522 0.000000
vn 0.077233 0.063522 0.000000
vn 0.087015 0.049278 0.000000
vn 0.087015 0.049278 0.000000
vn 0.093039 0.036656 0.000000
vn 0.093039 0.036656 0.000000
vn 0.098420 0.017706 0.000000
vn 0.098420 0.017706 0.000000
vn 0.099857 0.005337 0.000000
vn 0.099857 0.005337 0.000000
vn 0.099612 -0.008797 0.000000
vn 0.099612 -0.008797 0.000000
vn 0.097074 -0.024013 0.000000
vn 0.097074 -0.024013 0.000000
vn 0.091999 -0.039193 0.000000
vn 0.091999 -0.039193 0.000000
vn 0.084731 -0.053110 0.000000
vn 0.084731 -0.053110 0.000000
vn 0.076095 -0.064881 0.000000
vn 0.076095 -0.064881 0.000000
vn 0.058338 -0.081220 0.000000
vn 0.058338 -0.081220 0.000000
vn 0.043441 -0.090072 0.000000
vn 0.043441 -0.090072 0.000000
vn 0.032319 -0.094633 0.000000
vn 0.032319 -0.094633 0.000000
vn 0.018650 -0.098246 0.000000
vn 0.018650 -0.098246 0.000000
vn 0.008495 -0.099639 0.000000
vn 0.008495 -0.099639 0.000000
vn 0.016916 -0.098559 0.000000
vn 0.016916 -0.098559 0.000000
vn 0.032908 -0.094430 0.000000
vn 0.032908 -0.094430 0.000000
vn 0.045371 -0.089115 0.000000
vn 0.045371 -0.089115 0.000000
vn 0.061534 -0.078826 0.000000
vn 0.061534 -0.078826 0.000000
vn -0.098270 -0.018519 0.000000
vn -0.092078 -0.039007 0.000000
vn -0.098270 -0.018519 0.000000
vn -0.092078 -0.039007 0.000000
vn -0.083732 -0.054672 0.000000
vn -0.083732 -0.054672 0.000000
vn -0.069159 -0.072229 0.000000
vn -0.069159 -0.072229 0.000000
vn -0.049420 -0.086935 0.000000
vn -0.049420 -0.086935 0.000000
vn -0.032644 -0.094522 0.000000
vn -0.032644 -0.094522 0.000000
vn -0.019073 -0.098164 0.000000
vn -0.019073 -0.098164 0.000000
vn -0.005204 -0.099865 0.000000
vn -0.005204 -0.099865 0.000000
vn 0.010389 -0.099459 0.000000
vn 0.010389 -0.099459 0.000000
vn -0.048062 0.087693 0.000000
vn -0.048341 0.087539 0.000000
vn -0.048062 0.087693 0.000000
vn -0.048341 0.087539 0.000000
vn -0.049729 0.086759 0.000000
vn -0.049729 0.086759 0.000000
vn -0.055819 0.082972 0.000000
vn -0.055819 0.082972 0.000000
vn -0.059534 0.080347 0.000000
vn -0.059534 0.080347 0.000000
vn -0.064445 0.076465 0.000000
vn -0.064445 0.076465 0.000000
vn -0.073257 0.068069 0.000000
vn -0.073257 0.068069 0.000000
vn 0.067452 -0.073825 0.000000
vn 0.061257 -0.079041 0.000000
vn 0.067452 -0.073825 0.000000
vn 0.061257 -0.079041 0.000000
vn 0.057830 -0.081582 0.000000
vn 0.057830 -0.081582 0.000000
vn 0.050224 -0.086473 0.000000
vn 0.050224 -0.086473 0.000000
vn 0.044809 -0.089399 0.000000
vn 0.044809 -0.089399 0.000000
vn 0.040470 -0.091445 0.000000
vn 0.040470 -0.091445 0.000000
vn 0.037705 -0.092619 0.000000
vn 0.037705 -0.092619 0.000000
vn 0.035837 -0.093358 0.000000
vn 0.035837 -0.093358 0.000000
vn -0.063424 0.077314 0.000000
vn -0.073150 0.068184 0.000000
vn -0.063424 0.077314 0.000000
vn -0.073150 0.068184 0.000000
vn -0.077061 0.063731 0.000000
vn -0.077061 0.063731 0.000000
vn -0.084763 0.053059 0.000000
vn -0.084763 0.053059 0.000000
vn -0.089477 0.044652 0.000000
vn -0.089477 0.044652 0.000000
vn -0.096245 0.027144 0.000000
vn -0.096245 0.027144 0.000000
vn -0.099981 0.001946 0.000000
vn -0.099981 0.001946 0.000000
vn -0.098300 -0.018361 0.000000
vn -0.098300 -0.018361 0.000000
vn -0.093889 -0.034421 0.000000
vn -0.093889 -0.034421 0.000000
vn -0.087538 -0.048343 0.000000
vn -0.087538 -0.048343 0.000000
vn -0.075258 -0.065850 0.000000
vn -0.075258 -0.065850 0.000000
vn -0.057045 -0.082133 0.000000
vn -0.057045 -0.082133 0.000000
vn -0.038296 -0.092377 0.000000
vn -0.038296 -0.092377 0.000000
vn -0.068373 0.072973 0.000000
vn -0.069550 0.071853 0.000000
vn -0.068373 0.072973 0.000000
vn -0.069550 0.071853 0.000000
vn -0.080628 0.059153 0.000000
vn -0.080628 0.059153 0.000000
vn -0.083393 0.055187 0.000000
vn -0.083393 0.055187 0.000000
vn -0.071420 0.069995 0.000000
vn -0.071420 0.069995 0.000000
vn -0.062052 0.078419 0.000000
vn -0.062052 0.078419 0.000000
vn -0.046276 0.088649 0.000000
vn -0.046276 0.088649 0.000000
vn -0.035049 0.093657 0.000000
vn -0.035049 0.093657 0.000000
vn -0.021395 0.097685 0.000000
vn -0.021395 0.097685 0.000000
vn -0.005745 0.099835 0.000000
vn -0.005745 0.099835 0.000000
vn 0.010833 0.099411 0.000000
vn 0.010833 0.099411 0.000000
vn 0.026900 0.096314 0.000000
vn 0.026900 0.096314 0.000000
vn 0.041204 0.091116 0.000000
vn 0.041204 0.091116 0.000000
vn 0.062533 0.078036 0.000000
vn 0.062533 0.078036 0.000000
vn 0.075413 0.065673 0.000000
vn 0.075413 0.065673 0.000000
vn 0.082979 0.055808 0.000000
vn 0.082979 0.055808 0.000000
vn 0.093725 0.034867 0.000000
vn 0.093725 0.034867 0.000000
vn 0.097456 0.022411 0.000000
vn 0.097456 0.022411 0.000000
vn 0.085580 0.051731 0.000000
vn 0.093906 0.034375 0.000000
vn 0.085580 0.051731 0.000000
vn 0.093906 0.034375 0.000000
vn 0.097877 0.020498 0.000000
vn 0.097877 0.020498 0.000000
vn 0.099982 0.001877 0.000000
vn 0.099982 0.001877 0.000000
vn 0.099229 -0.012397 0.000000
vn 0.099229 -0.012397 0.000000
vn -0.033157 0.094343 0.000000
vn -0.018488 0.098276 0.000000
vn -0.033157 0.094343 0.000000
vn -0.018488 0.098276 0.000000
vn -0.004152 0.099914 0.000000
vn -0.004152 0.099914 0.000000
vn 0.020774 0.097818 0.000000
vn 0.020774 0.097818 0.000000
vn 0.039235 0.091982 0.000000
vn 0.039235 0.091982 0.000000
vn 0.052104 0.085353 0.000000
vn 0.052104 0.085353 0.000000
vn 0.067193 0.074062 0.000000
vn 0.067193 0.074062 0.000000
vn 0.074729 0.066450 0.000000
vn 0.074729 0.066450 0.000000
vn 0.083786 0.054588 0.000000
vn 0.083786 0.054588 0.000000
vn 0.097899 -0.020389 0.000000
vn 0.099999 -0.000445 0.000000
vn 0.097899 -0.020389 0.000000
vn 0.099999 -0.000445 0.000000
vn 0.098888 0.014875 0.000000
vn 0.098888 0.014875 0.000000
vn 0.093785 0.034704 0.000000
vn 0.093785 0.034704 0.000000
vn 0.081719 0.057636 0.000000
vn 0.081719 0.057636 0.000000
vn 0.072538 0.068835 0.000000
vn 0.072538 0.068835 0.000000
vn 0.061588 0.078784 0.000000
vn 0.061588 0.078784 0.000000
vn 0.049573 0.086848 0.000000
vn 0.049573 0.086848 0.000000
vn 0.037344 0.092765 0.000000
vn 0.037344 0.092765 0.000000
vn 0.014960 0.098875 0.000000
vn 0.014960 0.098875 0.000000
vn -0.002698 0.099964 0.000000
vn -0.002698 0.099964 0.000000
vn -0.015765 0.098749 0.000000
vn -0.015765 0.098749 0.000000
vn -0.032405 0.094604 0.000000
vn -0.032405 0.094604 0.000000
vn -0.047655 0.087915 0.000000
vn -0.047655 0.087915 0.000000
vn -0.059068 0.080691 0.000000
vn -0.059068 0.080691 0.000000
vn -0.063350 0.077374 0.000000
vn -0.063350 0.077374 0.000000
vn -0.074968 0.066180 0.000000
vn -0.074968 0.066180 0.000000
vn -0.078887 0.061456 0.000000
vn -0.078887 0.061456 0.000000
vn -0.090494 0.042554 0.000000
vn -0.090494 0.042554 0.000000
vn 0.083975 0.054297 0.000000
vn 0.089988 0.043613 0.000000
vn 0.083975 0.054297 0.000000
vn 0.089988 0.043613 0.000000
vn 0.096049 0.027831 0.000000
vn 0.096049 0.027831 0.000000
vn 0.099401 0.010927 0.000000
vn 0.099401 0.010927 0.000000
vn 0.099896 -0.004559 0.000000
vn 0.099896 -0.004559 0.000000
vn 0.098478 -0.017380 0.000000
vn 0.098478 -0.017380 0.000000
vn 0.093576 -0.035264 0.000000
vn 0.093576 -0.035264 0.000000
vn 0.088710 -0.046158 0.000000
vn 0.088710 -0.046158 0.000000
vn 0.048992 0.087177 0.000000
vn 0.028307 0.095910 0.000000
vn 0.048992 0.087177 0.000000
vn 0.028307 0.095910 0.000000
vn 0.012184 0.099255 0.000000
vn 0.012184 0.099255 0.000000
vn -0.008653 0.099625 0.000000
vn -0.008653 0.099625 0.000000
vn -0.027868 0.096038 0.000000
vn -0.027868 0.096038 0.000000
vn -0.041385 0.091034 0.000000
vn -0.041385 0.091034 0.000000
vn -0.054714 0.083704 0.000000
vn -0.054714 0.083704 0.000000
vn -0.068347 0.072998 0.000000
vn -0.068347 0.072998 0.000000
vn 0.064301 0.076585 0.000000
vn 0.081390 0.058101 0.000000
vn 0.064301 0.076585 0.000000
vn 0.081390 0.058101 0.000000
vn 0.092526 0.037934 0.000000
vn 0.092526 0.037934 0.000000
vn 0.097592 0.021811 0.000000
vn 0.097592 0.021811 0.000000
vn 0.099957 0.002934 0.000000
vn 0.099957 0.002934 0.000000
vn 0.098766 -0.015663 0.000000
vn 0.098766 -0.015663 0.000000
vn 0.094968 -0.031323 0.000000
vn 0.094968 -0.031323 0.000000
vn 0.085308 -0.052179 0.000000
vn 0.085308 -0.052179 0.000000
vn 0.071249 -0.070168 0.000000
vn 0.071249 -0.070168 0.000000
vn 0.006934 0.099759 0.000000
vn -0.012590 0.099204 0.000000
vn 0.006934 0.099759 0.000000
vn -0.012590 0.099204 0.000000
vn -0.022559 0.097422 0.000000
vn -0.022559 0.097422 0.000000
vn -0.034391 0.093900 0.000000
vn -0.034391 0.093900 0.000000
vn -0.046495 0.088534 0.000000
vn -0.046495 0.088534 0.000000
vn -0.059965 0.080026 0.000000
vn -0.059965 0.080026 0.000000
vn 0.000000 0.000000 0.100000
vn 0.000000 0.000000 0.100000
vn 0.000000 0.000000 0.100000
vn 0.000000 0.000000 0.100000
vn 0.000000 0.000000 0.100000
vn 0.000000 0.000000 0.100000
vn 0.000000 0.000000 0.100000
vn 0.000000 0.000000 0.100000
vn 0.000000 0.000000 0.100000
vn 0.000000 0.000000 0.100000
vn 0.000000 0.000000 0.100000
vn 0.000000 0.000000 0.100000
vn 0.000000 0.000000 0.100000
vn 0.000000 0.000000 0.100000
vn 0.000000 0.000000 0.100000
vn 0.000000 0.000000 0.100000
vn 0.000000 0.000000 0.100000
vn 0.000000 0.000000 0.100000
vn 0.000000 0.000000 0.100000
vn 0.000000 0.000000 0.100000
vn 0.000000 0.000000 0.100000
vn 0.000000 0.000000 0.100000
vn 0.000000 0.000000 0.100000
vn 0.000000 0.000000 0.100000
vn 0.000000 0.000000 0.100000
vn 0.000000 0.000000 0.100000
vn 0.000000 0.000000 0.100000
vn 0.000000 0.000000 0.100000
vn 0.000000 0.000000 0.100000
vn 0.000000 0.000000 0.100000
vn 0.000000 0.000000 0.100000
vn 0.000000 0.000000 0.100000
vn 0.000000 0.000000 0.100000
vn 0.000000 0.000000 0.100000
vn 0.000000 0.000000 0.100000
vn 0.000000 0.000000 0.100000
vn 0.000000 0.000000 0.100000
vn 0.000000 0.000000 0.100000
vn 0.000000 0.000000 0.100000
vn 0.000000 0.000000 0.100000
vn 0.000000 0.000000 0.100000
vn 0.000000 0.000000 0.100000
vn 0.000000 0.000000 0.100000
vn 0.000000 0.000000 0.100000
vn 0.000000 0.000000 0.100000
vn 0.000000 0.000000 0.100000
vn 0.000000 0.000000 0.100000
vn 0.000000 0.000000 0.100000
vn 0.000000 0.000000 0.100000
vn 0.000000 0.000000 0.100000
vn 0.000000 0.000000 0.100000
vn 0.000000 0.000000 0.100000
vn 0.000000 0.000000 0.100000
vn 0.000000 0.000000 0.100000
vn 0.000000 0.000000 0.100000
vn 0.000000 0.000000 0.100000
vn 0.000000 0.000000 0.100000
vn 0.000000 0.000000 0.100000
vn 0.000000 0.000000 0.100000
vn 0.000000 0.000000 0.100000
vn 0.000000 0.000000 0.100000
vn 0.000000 0.000000 0.100000
vn 0.000000 0.000000 0.100000
vn 0.000000 0.000000 0.100000
vn 0.000000 0.000000 0.100000
vn 0.000000 0.000000 0.100000
vn 0.000000 0.000000 0.100000
vn 0.000000 0.000000 0.100000
vn 0.000000 0.000000 0.100000
vn 0.000000 0.000000 0.100000
vn 0.000000 0.000000 0.100000
vn 0.000000 0.000000 0.100000
vn 0.000000 0.000000 0.100000
vn 0.000000 0.000000 0.100000
vn 0.000000 0.000000 0.100000
vn 0.000000 0.000000 0.100000
vn 0.000000 0.000000 0.100000
vn 0.000000 0.000000 0.100000
vn 0.000000 0.000000 0.100000
vn 0.000000 0.000000 0.100000
vn 0.000000 0.000000 0.100000
vn 0.000000 0.000000 0.100000
vn 0.000000 0.000000 0.100000
vn 0.000000 0.000000 0.100000
vn 0.000000 0.000000 0.100000
vn 0.000000 0.000000 0.100000
vn 0.000000 0.000000 0.100000
vn 0.000000 0.000000 0.100000
vn 0.000000 0.000000 0.100000
vn 0.000000 0.000000 0.100000
vn 0.000000 0.000000 0.100000
vn 0.000000 0.000000 0.100000
vn 0.000000 0.000000 0.100000
vn 0.000000 0.000000 0.100000
vn 0.000000 0.000000 0.100000
vn 0.000000 0.000000 0.100000
vn 0.000000 0.000000 0.100000
vn 0.000000 0.000000 0.100000
vn 0.000000 0.000000 0.100000
vn 0.000000 0.000000 0.100000
vn 0.000000 0.000000 0.100000
vn 0.000000 0.000000 0.100000
vn 0.000000 0.000000 0.100000
vn 0.000000 0.000000 0.100000
vn 0.000000 0.000000 0.100000
vn 0.000000 0.000000 0.100000
vn 0.000000 0.000000 0.100000
vn 0.000000 0.000000 0.100000
vn 0.000000 0.000000 0.100000
vn 0.000000 0.000000 0.100000
vn 0.000000 0.000000 0.100000
vn 0.000000 0.000000 0.100000
vn 0.000000 0.000000 0.100000
vn 0.000000 0.000000 0.100000
vn 0.000000 0.000000 0.100000
vn 0.000000 0.000000 0.100000
vn 0.000000 0.000000 0.100000
vn 0.000000 0.000000 0.100000
vn 0.000000 0.000000 0.100000
vn 0.000000 0.000000 0.100000
vn 0.000000 0.000000 0.100000
vn 0.000000 0.000000 0.100000
vn 0.000000 0.000000 0.100000
vn 0.000000 0.000000 0.100000
vn 0.000000 0.000000 0.100000
vn 0.000000 0.000000 0.100000
vn 0.000000 0.000000 0.100000
vn 0.000000 0.000000 0.100000
vn 0.000000 0.000000 0.100000
vn 0.000000 0.000000 0.100000
vn 0.000000 0.000000 0.100000
vn 0.000000 0.000000 0.100000
vn 0.000000 0.000000 0.100000
vn 0.000000 0.000000 0.100000
vn 0.000000 0.000000 0.100000
vn 0.000000 0.000000 0.100000
vn 0.000000 0.000000 0.100000
vn 0.000000 0.000000 0.100000
vn 0.000000 0.000000 0.100000
vn 0.000000 0.000000 0.100000
vn 0.000000 0.000000 0.100000
vn 0.000000 0.000000 0.100000
vn 0.000000 0.000000 0.100000
vn 0.000000 0.000000 0.100000
vn 0.000000 0.000000 0.100000
vn 0.000000 0.000000 0.100000
vn 0.000000 0.000000 0.100000
vn 0.000000 0.000000 0.100000
vn 0.000000 0.000000 0.100000
vn 0.000000 0.000000 0.100000
vn 0.000000 0.000000 0.100000
vn 0.000000 0.000000 0.100000
vn 0.000000 0.000000 0.100000
vn 0.000000 0.000000 0.100000
vn 0.000000 0.000000 0.100000
vn 0.000000 0.000000 0.100000
vn 0.000000 0.000000 0.100000
vn 0.000000 0.000000 0.100000
vn 0.000000 0.000000 0.100000
vn 0.000000 0.000000 0.100000
vn 0.000000 0.000000 0.100000
vn 0.000000 0.000000 0.100000
vn 0.000000 0.000000 0.100000
vn 0.000000 0.000000 0.100000
vn 0.000000 0.000000 0.100000
vn 0.000000 0.000000 0.100000
vn 0.000000 0.000000 0.100000
vn 0.000000 0.000000 0.100000
vn 0.000000 0.000000 0.100000
vn 0.000000 0.000000 0.100000
vn 0.000000 0.000000 0.100000
vn 0.000000 0.000000 0.100000
vn 0.000000 0.000000 0.100000
vn 0.000000 0.000000 0.100000
vn 0.000000 0.000000 0.100000
vn 0.000000 0.000000 0.100000
vn 0.000000 0.000000 0.100000
vn 0.000000 0.000000 0.100000
vn 0.000000 0.000000 0.100000
vn 0.000000 0.000000 0.100000
vn 0.000000 0.000000 0.100000
vn 0.000000 0.000000 0.100000
vn 0.000000 0.000000 0.100000
vn 0.000000 0.000000 0.100000
vn 0.000000 0.000000 0.100000
vn 0.000000 0.000000 0.100000
vn 0.000000 0.000000 0.100000
vn 0.000000 0.000000 0.100000
vn 0.000000 0.000000 0.100000
vn 0.000000 0.000000 0.100000
vn 0.000000 0.000000 0.100000
vn 0.000000 0.000000 0.100000
vn 0.000000 0.000000 0.100000
vn 0.000000 0.000000 0.100000
vn 0.000000 0.000000 0.100000
vn 0.000000 0.000000 0.100000
vn 0.000000 0.000000 0.100000
vn 0.000000 0.000000 0.100000
vn 0.000000 0.000000 0.100000
vn 0.000000 0.000000 0.100000
vn 0.000000 0.000000 0.100000
vn 0.000000 0.000000 0.100000
vn 0.000000 0.000000 0.100000
vn 0.000000 0.000000 0.100000
vn 0.000000 0.000000 0.100000
vn 0.000000 0.000000 0.100000
vn 0.000000 0.000000 0.100000
vn 0.000000 0.000000 0.100000
vn 0.000000 0.000000 0.100000
vn 0.000000 0.000000 0.100000
vn 0.000000 0.000000 0.100000
vn 0.000000 0.000000 0.100000
vn 0.000000 0.000000 0.100000
vn 0.000000 0.000000 0.100000
vn 0.000000 0.000000 0.100000
vn 0.000000 0.000000 0.100000
vn 0.000000 0.000000 0.100000
vn 0.000000 0.000000 0.100000
vn 0.000000 0.000000 0.100000
vn 0.000000 0.000000 0.100000
vn 0.000000 0.000000 0.100000
vn 0.000000 0.000000 0.100000
vn 0.000000 0.000000 0.100000
vn 0.000000 0.000000 0.100000
vn 0.000000 0.000000 0.100000
vn 0.000000 0.000000 0.100000
vn 0.000000 0.000000 0.100000
vn 0.000000 0.000000 0.100000
vn 0.000000 0.000000 0.100000
vn 0.000000 0.000000 0.100000
vn 0.000000 0.000000 0.100000
vn 0.000000 0.000000 0.100000
vn 0.000000 0.000000 0.100000
vn 0.000000 0.000000 0.100000
vn 0.000000 0.000000 0.100000
vn -0.061534 -0.078826 0.000000
vn -0.045371 -0.089115 0.000000
vn -0.061534 -0.078826 0.000000
vn -0.045371 -0.089115 0.000000
vn -0.032908 -0.094430 0.000000
vn -0.032908 -0.094430 0.000000
vn -0.016916 -0.098559 0.000000
vn -0.016916 -0.098559 0.000000
vn -0.008495 -0.099639 0.000000
vn -0.008495 -0.099639 0.000000
vn -0.018650 -0.098246 0.000000
vn -0.018650 -0.098246 0.000000
vn -0.032319 -0.094633 0.000000
vn -0.032319 -0.094633 0.000000
vn -0.043441 -0.090072 0.000000
vn -0.043441 -0.090072 0.000000
vn -0.058338 -0.081220 0.000000
vn -0.058338 -0.081220 0.000000
vn -0.076095 -0.064881 0.000000
vn -0.076095 -0.064881 0.000000
vn -0.084731 -0.053110 0.000000
vn -0.084731 -0.053110 0.000000
vn -0.091999 -0.039193 0.000000
vn -0.091999 -0.039193 0.000000
vn -0.097074 -0.024013 0.000000
vn -0.097074 -0.024013 0.000000
vn -0.099612 -0.008797 0.000000
vn -0.099612 -0.008797 0.000000
vn -0.099857 0.005337 0.000000
vn -0.099857 0.005337 0.000000
vn -0.098420 0.017706 0.000000
vn -0.098420 0.017706 0.000000
vn -0.093039 0.036656 0.000000
vn -0.093039 0.036656 0.000000
vn -0.087015 0.049278 0.000000
vn -0.087015 0.049278 0.000000
vn -0.077233 0.063522 0.000000
vn -0.077233 0.063522 0.000000
vn -0.059039 0.080712 0.000000
vn -0.059039 0.080712 0.000000
vn -0.039835 0.091723 0.000000
vn -0.039835 0.091723 0.000000
vn -0.010389 -0.099459 0.000000
vn 0.005204 -0.099865 0.000000
vn -0.010389 -0.099459 0.000000
vn 0.005204 -0.099865 0.000000
vn 0.019073 -0.098164 0.000000
vn 0.019073 -0.098164 0.000000
vn 0.032644 -0.094522 0.000000
vn 0.032644 -0.094522 0.000000
vn 0.049420 -0.086935 0.000000
vn 0.049420 -0.086935 0.000000
vn 0.069159 -0.072229 0.000000
vn 0.069159 -0.072229 0.000000
vn 0.083732 -0.054672 0.000000
vn 0.083732 -0.054672 0.000000
vn 0.092078 -0.039007 0.000000
vn 0.092078 -0.039007 0.000000
vn 0.098270 -0.018519 0.000000
vn 0.098270 -0.018519 0.000000
vn 0.073257 0.068069 0.000000
vn 0.064445 0.076465 0.000000
vn 0.073257 0.068069 0.000000
vn 0.064445 0.076465 0.000000
vn 0.059534 0.080347 0.000000
vn 0.059534 0.080347 0.000000
vn 0.055819 0.082972 0.000000
vn 0.055819 0.082972 0.000000
vn 0.049729 0.086759 0.000000
vn 0.049729 0.086759 0.000000
vn 0.048341 0.087539 0.000000
vn 0.048341 0.087539 0.000000
vn 0.048062 0.087693 0.000000
vn 0.048062 0.087693 0.000000
vn -0.035837 -0.093358 0.000000
vn -0.037705 -0.092619 0.000000
vn -0.035837 -0.093358 0.000000
vn -0.037705 -0.092619 0.000000
vn -0.040470 -0.091445 0.000000
vn -0.040470 -0.091445 0.000000
vn -0.044809 -0.089399 0.000000
vn -0.044809 -0.089399 0.000000
vn -0.050224 -0.086473 0.000000
vn -0.050224 -0.086473 0.000000
vn -0.057830 -0.081582 0.000000
vn -0.057830 -0.081582 0.000000
vn -0.061257 -0.079041 0.000000
vn -0.061257 -0.079041 0.000000
vn -0.067452 -0.073825 0.000000
vn -0.067452 -0.073825 0.000000
vn 0.038296 -0.092377 0.000000
vn 0.057045 -0.082133 0.000000
vn 0.038296 -0.092377 0.000000
vn 0.057045 -0.082133 0.000000
vn 0.075258 -0.065850 0.000000
vn 0.075258 -0.065850 0.000000
vn 0.087538 -0.048343 0.000000
vn 0.087538 -0.048343 0.000000
vn 0.093889 -0.034421 0.000000
vn 0.093889 -0.034421 0.000000
vn 0.098300 -0.018361 0.000000
vn 0.098300 -0.018361 0.000000
vn 0.099981 0.001946 0.000000
vn 0.099981 0.001946 0.000000
vn 0.096245 0.027144 0.000000
vn 0.096245 0.027144 0.000000
vn 0.089477 0.044652 0.000000
vn 0.089477 0.044652 0.000000
vn 0.084763 0.053059 0.000000
vn 0.084763 0.053059 0.000000
vn 0.077061 0.063731 0.000000
vn 0.077061 0.063731 0.000000
vn 0.073150 0.068184 0.000000
vn 0.073150 0.068184 0.000000
vn 0.063424 0.077314 0.000000
vn 0.063424 0.077314 0.000000
vn -0.097456 0.022411 0.000000
vn -0.093725 0.034867 0.000000
vn -0.097456 0.022411 0.000000
vn -0.093725 0.034867 0.000000
vn -0.082979 0.055808 0.000000
vn -0.082979 0.055808 0.000000
vn -0.075413 0.065673 0.000000
vn -0.075413 0.065673 0.000000
vn -0.062533 0.078036 0.000000
vn -0.062533 0.078036 0.000000
vn -0.041204 0.091116 0.000000
vn -0.041204 0.091116 0.000000
vn -0.026900 0.096314 0.000000
vn -0.026900 0.096314 0.000000
vn -0.010833 0.099411 0.000000
vn -0.010833 0.099411 0.000000
vn 0.005745 0.099835 0.000000
vn 0.005745 0.099835 0.000000
vn 0.021395 0.097685 0.000000
vn 0.021395 0.097685 0.000000
vn 0.035049 0.093657 0.000000
vn 0.035049 0.093657 0.000000
vn 0.046276 0.088649 0.000000
vn 0.046276 0.088649 0.000000
vn 0.062052 0.078419 0.000000
vn 0.062052 0.078419 0.000000
vn 0.071420 0.069995 0.000000
vn 0.071420 0.069995 0.000000
vn 0.083393 0.055187 0.000000
vn 0.083393 0.055187 0.000000
vn 0.080628 0.059153 0.000000
vn 0.080628 0.059153 0.000000
vn 0.069550 0.071853 0.000000
vn 0.069550 0.071853 0.000000
vn 0.068373 0.072973 0.000000
vn 0.068373 0.072973 0.000000
vn -0.099229 -0.012397 0.000000
vn -0.099982 0.001877 0.000000
vn -0.099229 -0.012397 0.000000
vn -0.099982 0.001877 0.000000
vn -0.097877 0.020498 0.000000
vn -0.097877 0.020498 0.000000
vn -0.093906 0.034375 0.000000
vn -0.093906 0.034375 0.000000
vn -0.085580 0.051731 0.000000
vn -0.085580 0.051731 0.000000
vn -0.083786 0.054588 0.000000
vn -0.074729 0.066450 0.000000
vn -0.083786 0.054588 0.000000
vn -0.074729 0.066450 0.000000
vn -0.067193 0.074062 0.000000
vn -0.067193 0.074062 0.000000
vn -0.052104 0.085353 0.000000
vn -0.052104 0.085353 0.000000
vn -0.039235 0.091982 0.000000
vn -0.039235 0.091982 0.000000
vn -0.020774 0.097818 0.000000
vn -0.020774 0.097818 0.000000
vn 0.004152 0.099914 0.000000
vn 0.004152 0.099914 0.000000
vn 0.018488 0.098276 0.000000
vn 0.018488 0.098276 0.000000
vn 0.033157 0.094343 0.000000
vn 0.033157 0.094343 0.000000
vn 0.090494 0.042554 0.000000
vn 0.078887 0.061456 0.000000
vn 0.090494 0.042554 0.000000
vn 0.078887 0.061456 0.000000
vn 0.074968 0.066180 0.000000
vn 0.074968 0.066180 0.000000
vn 0.063350 0.077374 0.000000
vn 0.063350 0.077374 0.000000
vn 0.059068 0.080691 0.000000
vn 0.059068 0.080691 0.000000
vn 0.047655 0.087915 0.000000
vn 0.047655 0.087915 0.000000
vn 0.032405 0.094604 0.000000
vn 0.032405 0.094604 0.000000
vn 0.015765 0.098749 0.000000
vn 0.015765 0.098749 0.000000
vn 0.002698 0.099964 0.000000
vn 0.002698 0.099964 0.000000
vn -0.014960 0.098875 0.000000
vn -0.014960 0.098875 0.000000
vn -0.037344 0.092765 0.000000
vn -0.037344 0.092765 0.000000
vn -0.049573 0.086848 0.000000
vn -0.049573 0.086848 0.000000
vn -0.061588 0.078784 0.000000
vn -0.061588 0.078784 0.000000
vn -0.072538 0.068835 0.000000
vn -0.072538 0.068835 0.000000
vn -0.081719 0.057636 0.000000
vn -0.081719 0.057636 0.000000
vn -0.093785 0.034704 0.000000
vn -0.093785 0.034704 0.000000
vn -0.098888 0.014875 0.000000
vn -0.098888 0.014875 0.000000
vn -0.099999 -0.000445 0.000000
vn -0.099999 -0.000445 0.000000
vn -0.097899 -0.020389 0.000000
vn -0.097899 -0.020389 0.000000
vn -0.088710 -0.046158 0.000000
vn -0.093576 -0.035264 0.000000
vn -0.088710 -0.046158 0.000000
vn -0.093576 -0.035264 0.000000
vn -0.098478 -0.017380 0.000000
vn -0.098478 -0.017380 0.000000
vn -0.099896 -0.004559 0.000000
vn -0.099896 -0.004559 0.000000
vn -0.099401 0.010927 0.000000
vn -0.099401 0.010927 0.000000
vn -0.096049 0.027831 0.000000
vn -0.096049 0.027831 0.000000
vn -0.089988 0.043613 0.000000
vn -0.089988 0.043613 0.000000
vn -0.083975 0.054297 0.000000
vn -0.083975 0.054297 0.000000
vn 0.068347 0.072998 0.000000
vn 0.054714 0.083704 0.000000
vn 0.068347 0.072998 0.000000
vn 0.054714 0.083704 0.000000
vn 0.041385 0.091034 0.000000
vn 0.041385 0.091034 0.000000
vn 0.027868 0.096038 0.000000
vn 0.027868 0.096038 0.000000
vn 0.008653 0.099625 0.000000
vn 0.008653 0.099625 0.000000
vn -0.012184 0.099255 0.000000
vn -0.012184 0.099255 0.000000
vn -0.028307 0.095910 0.000000
vn -0.028307 0.095910 0.000000
vn -0.048992 0.087177 0.000000
vn -0.048992 0.087177 0.000000
vn -0.071249 -0.070168 0.000000
vn -0.085308 -0.052179 0.000000
vn -0.071249 -0.070168 0.000000
vn -0.085308 -0.052179 0.000000
vn -0.094968 -0.031323 0.000000
vn -0.094968 -0.031323 0.000000
vn -0.098766 -0.015663 0.000000
vn -0.098766 -0.015663 0.000000
vn -0.099957 0.002934 0.000000
vn -0.099957 0.002934 0.000000
vn -0.097592 0.021811 0.000000
vn -0.097592 0.021811 0.000000
vn -0.092526 0.037934 0.000000
vn -0.092526 0.037934 0.000000
vn -0.081390 0.058101 0.000000
vn -0.081390 0.058101 0.000000
vn -0.064301 0.076585 0.000000
vn -0.064301 0.076585 0.000000
vn 0.059965 0.080026 0.000000
vn 0.046495 0.088534 0.000000
vn 0.059965 0.080026 0.000000
vn 0.046495 0.088534 0.000000
vn 0.034391 0.093900 0.000000
vn 0.034391 0.093900 0.000000
vn 0.022559 0.097422 0.000000
vn 0.022559 0.097422 0.000000
vn 0.012590 0.099204 0.000000
vn 0.012590 0.099204 0.000000
vn -0.006934 0.099759 0.000000
vn -0.006934 0.099759 0.000000
vn -0.053727 -0.084341 0.000000
vn -0.071725 -0.069682 0.000000
vn -0.053727 -0.084341 0.000000
vn -0.071725 -0.069682 0.000000
vn -0.081346 -0.058162 0.000000
vn -0.081346 -0.058162 0.000000
vn -0.088895 -0.045800 0.000000
vn -0.088895 -0.045800 0.000000
vn -0.094264 -0.033382 0.000000
vn -0.094264 -0.033382 0.000000
vn -0.099369 -0.011219 0.000000
vn -0.099369 -0.011219 0.000000
vn -0.099847 0.005523 0.000000
vn -0.099847 0.005523 0.000000
vn -0.096510 0.026187 0.000000
vn -0.096510 0.026187 0.000000
vn -0.087392 0.048607 0.000000
vn -0.087392 0.048607 0.000000
vn -0.072644 0.068723 0.000000
vn -0.072644 0.068723 0.000000
vn -0.055246 0.083354 0.000000
vn -0.055246 0.083354 0.000000
vn -0.038611 0.092245 0.000000
vn -0.038611 0.092245 0.000000
vn -0.024489 0.096955 0.000000
vn -0.024489 0.096955 0.000000
vn -0.013118 0.099136 0.000000
vn -0.013118 0.099136 0.000000
vn 0.045933 0.088827 0.000000
vn 0.031595 0.094878 0.000000
vn 0.045933 0.088827 0.000000
vn 0.031595 0.094878 0.000000
vn 0.024407 0.096976 0.000000
vn 0.024407 0.096976 0.000000
vn 0.014923 0.098880 0.000000
vn 0.014923 0.098880 0.000000
vn 0.001577 0.099988 0.000000
vn 0.001577 0.099988 0.000000
vn -0.013227 0.099121 0.000000
vn -0.013227 0.099121 0.000000
vn -0.025473 0.096701 0.000000
vn -0.025473 0.096701 0.000000
vn -0.043212 0.090181 0.000000
vn -0.043212 0.090181 0.000000
vn -0.097801 0.020854 0.000000
vn -0.093721 0.034878 0.000000
vn -0.097801 0.020854 0.000000
vn -0.093721 0.034878 0.000000
vn -0.087885 0.047710 0.000000
vn -0.087885 0.047710 0.000000
vn -0.073465 0.067844 0.000000
vn -0.073465 0.067844 0.000000
vn -0.059857 0.080107 0.000000
vn -0.059857 0.080107 0.000000
vn -0.049792 0.086722 0.000000
vn -0.049792 0.086722 0.000000
vn -0.037028 0.092892 0.000000
vn -0.037028 0.092892 0.000000
vn -0.025478 0.096700 0.000000
vn -0.025478 0.096700 0.000000
vn -0.069048 -0.072335 0.000000
vn -0.051420 -0.085767 0.000000
vn -0.069048 -0.072335 0.000000
vn -0.051420 -0.085767 0.000000
vn -0.038900 -0.092124 0.000000
vn -0.038900 -0.092124 0.000000
vn -0.027530 -0.096136 0.000000
vn -0.027530 -0.096136 0.000000
vn -0.068812 0.072559 0.000000
vn -0.058152 0.081353 0.000000
vn -0.068812 0.072559 0.000000
vn -0.058152 0.081353 0.000000
vn -0.042159 0.090679 0.000000
vn -0.042159 0.090679 0.000000
vn -0.021013 0.097767 0.000000
vn -0.021013 0.097767 0.000000
vn -0.001517 0.099988 0.000000
vn -0.001517 0.099988 0.000000
vn -0.011643 0.099320 0.000000
vn -0.011643 0.099320 0.000000
vn -0.067682 -0.073615 0.000000
vn -0.053433 -0.084527 0.000000
vn -0.067682 -0.073615 0.000000
vn -0.053433 -0.084527 0.000000
vn -0.041089 -0.091169 0.000000
vn -0.041089 -0.091169 0.000000
vn -0.073115 0.068222 0.000000
vn -0.058408 0.081170 0.000000
vn -0.073115 0.068222 0.000000
vn -0.058408 0.081170 0.000000
vn -0.045526 0.089036 0.000000
vn -0.045526 0.089036 0.000000
vn -0.026745 0.096357 0.000000
vn -0.026745 0.096357 0.000000
vn -0.009045 0.099590 0.000000
vn -0.009045 0.099590 0.000000
vn -0.002837 0.099960 0.000000
vn -0.002837 0.099960 0.000000
vn 0.012233 0.099249 0.000000
vn 0.012233 0.099249 0.000000
vn -0.078516 -0.061929 0.000000
vn -0.061399 -0.078931 0.000000
vn -0.078516 -0.061929 0.000000
vn -0.061399 -0.078931 0.000000
vn -0.058042 -0.081432 0.000000
vn -0.058042 -0.081432 0.000000
vn -0.056754 -0.082335 0.000000
vn -0.056754 -0.082335 0.000000
vn -0.031946 0.094760 0.000000
vn -0.018107 0.098347 0.000000
vn -0.031946 0.094760 0.000000
vn -0.018107 0.098347 0.000000
vn -0.001132 0.099994 0.000000
vn -0.001132 0.099994 0.000000
vn -0.005434 0.099852 0.000000
vn -0.005434 0.099852 0.000000
vn -0.093515 -0.035425 0.000000
vn -0.086889 -0.049500 0.000000
vn -0.093515 -0.035425 0.000000
vn -0.086889 -0.049500 0.000000
vn -0.080209 -0.059720 0.000000
vn -0.080209 -0.059720 0.000000
vn -0.070750 -0.070671 0.000000
vn -0.070750 -0.070671 0.000000
vn -0.069239 -0.072153 0.000000
vn -0.069239 -0.072153 0.000000
vn -0.078733 -0.061653 0.000000
vn -0.078733 -0.061653 0.000000
vn -0.068227 0.073110 0.000000
vn -0.052659 0.085012 0.000000
vn -0.068227 0.073110 0.000000
vn -0.052659 0.085012 0.000000
vn -0.038465 0.092306 0.000000
vn -0.038465 0.092306 0.000000
vn -0.016882 0.098565 0.000000
vn -0.016882 0.098565 0.000000
vn 0.005116 0.099869 0.000000
vn 0.005116 0.099869 0.000000
vn 0.018337 0.098304 0.000000
vn 0.018337 0.098304 0.000000
vn 0.028286 0.095916 0.000000
vn 0.028286 0.095916 0.000000
vn 0.046160 0.088709 0.000000
vn 0.046160 0.088709 0.000000
vn -0.093278 -0.036044 0.000000
vn -0.087574 -0.048279 0.000000
vn -0.093278 -0.036044 0.000000
vn -0.087574 -0.048279 0.000000
vn -0.080131 -0.059825 0.000000
vn -0.080131 -0.059825 0.000000
vn -0.065278 -0.075754 0.000000
vn -0.065278 -0.075754 0.000000
vn -0.067304 -0.073960 0.000000
vn -0.067304 -0.073960 0.000000
vn -0.082605 -0.056360 0.000000
vn -0.082605 -0.056360 0.000000
vn -0.094175 -0.033632 0.000000
vn -0.094175 -0.033632 0.000000
vn -0.098777 -0.015590 0.000000
vn -0.098777 -0.015590 0.000000
vn -0.099735 0.007271 0.000000
vn -0.099735 0.007271 0.000000
vn -0.085474 -0.051905 0.000000
vn -0.087451 -0.048501 0.000000
vn -0.085474 -0.051905 0.000000
vn -0.087451 -0.048501 0.000000
vn -0.091450 -0.040457 0.000000
vn -0.091450 -0.040457 0.000000
vn -0.095141 -0.030793 0.000000
vn -0.095141 -0.030793 0.000000
vn -0.099605 -0.008880 0.000000
vn -0.099605 -0.008880 0.000000
vn -0.099237 0.012330 0.000000
vn -0.099237 0.012330 0.000000
vn -0.096391 0.026624 0.000000
vn -0.096391 0.026624 0.000000
vn -0.090341 0.042878 0.000000
vn -0.090341 0.042878 0.000000
vn -0.080378 0.059493 0.000000
vn -0.080378 0.059493 0.000000
vn -0.067054 0.074188 0.000000
vn -0.067054 0.074188 0.000000
vn -0.052263 0.085256 0.000000
vn -0.052263 0.085256 0.000000
vn -0.038133 0.092444 0.000000
vn -0.038133 0.092444 0.000000
vn -0.016155 0.098687 0.000000
vn -0.016155 0.098687 0.000000
vn -0.002676 0.099964 0.000000
vn -0.002676 0.099964 0.000000
vn 0.009093 0.099586 0.000000
vn 0.009093 0.099586 0.000000
vn 0.011270 0.099363 0.000000
vn 0.011270 0.099363 0.000000
vn 0.004800 0.099885 0.000000
vn 0.004800 0.099885 0.000000
vn -0.017151 0.098518 0.000000
vn -0.017151 0.098518 0.000000
vn -0.010493 0.099448 0.000000
vn -0.003142 0.099951 0.000000
vn -0.010493 0.099448 0.000000
vn -0.003142 0.099951 0.000000
vn 0.002792 0.099961 0.000000
vn 0.002792 0.099961 0.000000
vn -0.073116 -0.068221 0.000000
vn -0.075216 -0.065898 0.000000
vn -0.073116 -0.068221 0.000000
vn -0.075216 -0.065898 0.000000
vn -0.080985 -0.058664 0.000000
vn -0.080985 -0.058664 0.000000
vn 0.041315 0.091066 0.000000
vn 0.023877 0.097108 0.000000
vn 0.041315 0.091066 0.000000
vn 0.023877 0.097108 0.000000
vn 0.008584 0.099631 0.000000
vn 0.008584 0.099631 0.000000
vn -0.008484 0.099639 0.000000
vn -0.008484 0.099639 0.000000
vn -0.025760 0.096625 0.000000
vn -0.025760 0.096625 0.000000
vn -0.040450 0.091454 0.000000
vn -0.040450 0.091454 0.000000
vn -0.061535 0.078826 0.000000
vn -0.061535 0.078826 0.000000
vn -0.054910 -0.083575 0.000000
vn -0.073424 -0.067889 0.000000
vn -0.054910 -0.083575 0.000000
vn -0.073424 -0.067889 0.000000
vn -0.085819 -0.051334 0.000000
vn -0.085819 -0.051334 0.000000
vn -0.091785 -0.039692 0.000000
vn -0.091785 -0.039692 0.000000
vn -0.096547 -0.026050 0.000000
vn -0.096547 -0.026050 0.000000
vn -0.099369 -0.011218 0.000000
vn -0.099369 -0.011218 0.000000
vn -0.099923 0.003925 0.000000
vn -0.099923 0.003925 0.000000
vn -0.098228 0.018744 0.000000
vn -0.098228 0.018744 0.000000
vn -0.094418 0.032944 0.000000
vn -0.094418 0.032944 0.000000
vn -0.088586 0.046396 0.000000
vn -0.088586 0.046396 0.000000
vn -0.080842 0.058861 0.000000
vn -0.080842 0.058861 0.000000
vn -0.071448 0.069966 0.000000
vn -0.071448 0.069966 0.000000
vn -0.060854 0.079352 0.000000
vn -0.060854 0.079352 0.000000
vn 0.000000 0.000000 0.100000
vn 0.000000 0.000000 0.100000
vn 0.000000 0.000000 0.100000
vn 0.000000 0.000000 0.100000
vn 0.000000 0.000000 0.100000
vn 0.000000 0.000000 0.100000
vn 0.000000 0.000000 0.100000
vn 0.000000 0.000000 0.100000
vn 0.000000 0.000000 0.100000
vn 0.000000 0.000000 0.100000
vn 0.000000 0.000000 0.100000
vn 0.000000 0.000000 0.100000
vn 0.000000 0.000000 0.100000
vn 0.000000 0.000000 0.100000
vn 0.000000 0.000000 0.100000
vn 0.000000 0.000000 0.100000
vn 0.000000 0.000000 0.100000
vn 0.000000 0.000000 0.100000
vn 0.000000 0.000000 0.100000
vn 0.000000 0.000000 0.100000
vn 0.000000 0.000000 0.100000
vn 0.000000 0.000000 0.100000
vn 0.000000 0.000000 0.100000
vn 0.000000 0.000000 0.100000
vn 0.000000 0.000000 0.100000
vn 0.000000 0.000000 0.100000
vn 0.000000 0.000000 0.100000
vn 0.000000 0.000000 0.100000
vn 0.000000 0.000000 0.100000
vn 0.000000 0.000000 0.100000
vn 0.000000 0.000000 0.100000
vn 0.000000 0.000000 0.100000
vn 0.000000 0.000000 0.100000
vn 0.000000 0.000000 0.100000
vn 0.000000 0.000000 0.100000
vn 0.000000 0.000000 0.100000
vn 0.000000 0.000000 0.100000
vn 0.000000 0.000000 0.100000
vn 0.000000 0.000000 0.100000
vn 0.000000 0.000000 0.100000
vn 0.000000 0.000000 0.100000
vn 0.000000 0.000000 0.100000
vn 0.000000 0.000000 0.100000
vn 0.000000 0.000000 0.100000
vn 0.000000 0.000000 0.100000
vn 0.000000 0.000000 0.100000
vn 0.000000 0.000000 0.100000
vn 0.000000 0.000000 0.100000
vn 0.000000 0.000000 0.100000
vn 0.000000 0.000000 0.100000
vn 0.000000 0.000000 0.100000
vn 0.000000 0.000000 0.100000
vn 0.000000 0.000000 0.100000
vn 0.000000 0.000000 0.100000
vn 0.000000 0.000000 0.100000
vn 0.000000 0.000000 0.100000
vn 0.000000 0.000000 0.100000
vn 0.000000 0.000000 0.100000
vn 0.000000 0.000000 0.100000
vn 0.000000 0.000000 0.100000
vn 0.000000 0.000000 0.100000
vn 0.000000 0.000000 0.100000
vn 0.000000 0.000000 0.100000
vn 0.000000 0.000000 0.100000
vn 0.000000 0.000000 0.100000
vn 0.000000 0.000000 0.100000
vn 0.000000 0.000000 0.100000
vn 0.000000 0.000000 0.100000
vn 0.000000 0.000000 0.100000
vn 0.000000 0.000000 0.100000
vn 0.000000 0.000000 0.100000
vn 0.000000 0.000000 0.100000
vn 0.000000 0.000000 0.100000
vn 0.000000 0.000000 0.100000
vn 0.000000 0.000000 0.100000
vn 0.000000 0.000000 0.100000
vn 0.000000 0.000000 0.100000
vn 0.000000 0.000000 0.100000
vn 0.000000 0.000000 0.100000
vn 0.000000 0.000000 0.100000
vn 0.000000 0.000000 0.100000
vn 0.000000 0.000000 0.100000
vn 0.000000 0.000000 0.100000
vn 0.000000 0.000000 0.100000
vn 0.000000 0.000000 0.100000
vn 0.000000 0.000000 0.100000
vn 0.000000 0.000000 0.100000
vn 0.000000 0.000000 0.100000
vn 0.000000 0.000000 0.100000
vn 0.000000 0.000000 0.100000
vn 0.000000 0.000000 0.100000
vn 0.000000 0.000000 0.100000
vn 0.000000 0.000000 0.100000
vn 0.000000 0.000000 0.100000
vn 0.000000 0.000000 0.100000
vn 0.000000 0.000000 0.100000
vn 0.000000 0.000000 0.100000
vn 0.000000 0.000000 0.100000
vn 0.000000 0.000000 0.100000
vn 0.000000 0.000000 0.100000
vn 0.000000 0.000000 0.100000
vn 0.000000 0.000000 0.100000
vn 0.000000 0.000000 0.100000
vn 0.000000 0.000000 0.100000
vn 0.000000 0.000000 0.100000
vn 0.000000 0.000000 0.100000
vn 0.000000 0.000000 0.100000
vn 0.000000 0.000000 0.100000
vn 0.000000 0.000000 0.100000
vn 0.000000 0.000000 0.100000
vn 0.000000 0.000000 0.100000
vn 0.000000 0.000000 0.100000
vn 0.000000 0.000000 0.100000
vn 0.000000 0.000000 0.100000
vn 0.000000 0.000000 0.100000
vn 0.000000 0.000000 0.100000
vn 0.000000 0.000000 0.100000
vn 0.000000 0.000000 0.100000
vn 0.000000 0.000000 0.100000
vn 0.000000 0.000000 0.100000
vn 0.000000 0.000000 0.100000
vn 0.000000 0.000000 0.100000
vn 0.000000 0.000000 0.100000
vn 0.000000 0.000000 0.100000
vn 0.000000 0.000000 0.100000
vn 0.000000 0.000000 0.100000
vn 0.000000 0.000000 0.100000
vn 0.000000 0.000000 0.100000
vn 0.000000 0.000000 0.100000
vn 0.000000 0.000000 0.100000
vn 0.000000 0.000000 0.100000
vn 0.000000 0.000000 0.100000
vn 0.000000 0.000000 0.100000
vn 0.000000 0.000000 0.100000
vn 0.000000 0.000000 0.100000
vn 0.000000 0.000000 0.100000
vn 0.000000 0.000000 0.100000
vn 0.000000 0.000000 0.100000
vn 0.000000 0.000000 0.100000
vn 0.000000 0.000000 0.100000
vn 0.000000 0.000000 0.100000
vn 0.000000 0.000000 0.100000
vn 0.000000 0.000000 0.100000
vn 0.000000 0.000000 0.100000
vn 0.000000 0.000000 0.100000
vn 0.000000 0.000000 0.100000
vn 0.000000 0.000000 0.100000
vn 0.000000 0.000000 0.100000
vn 0.000000 0.000000 0.100000
vn 0.000000 0.000000 0.100000
vn 0.000000 0.000000 0.100000
vn 0.000000 0.000000 0.100000
vn 0.000000 0.000000 0.100000
vn 0.000000 0.000000 0.100000
vn 0.000000 0.000000 0.100000
vn 0.000000 0.000000 0.100000
vn 0.000000 0.000000 0.100000
vn 0.000000 0.000000 0.100000
vn 0.000000 0.000000 0.100000
vn 0.000000 0.000000 0.100000
vn 0.000000 0.000000 0.100000
vn 0.000000 0.000000 0.100000
vn 0.000000 0.000000 0.100000
vn 0.000000 0.000000 0.100000
vn 0.000000 0.000000 0.100000
vn 0.000000 0.000000 0.100000
vn 0.000000 0.000000 0.100000
vn 0.000000 0.000000 0.100000
vn 0.000000 0.000000 0.100000
vn 0.000000 0.000000 0.100000
vn 0.000000 0.000000 0.100000
vn 0.000000 0.000000 0.100000
vn 0.000000 0.000000 0.100000
vn 0.000000 0.000000 0.100000
vn 0.000000 0.000000 0.100000
vn 0.000000 0.000000 0.100000
vn 0.000000 0.000000 0.100000
vn 0.000000 0.000000 0.100000
vn 0.000000 0.000000 0.100000
vn 0.000000 0.000000 0.100000
vn 0.000000 0.000000 0.100000
vn 0.000000 0.000000 0.100000
vn 0.000000 0.000000 0.100000
vn 0.000000 0.000000 0.100000
vn 0.000000 0.000000 0.100000
vn 0.000000 0.000000 0.100000
vn 0.000000 0.000000 0.100000
vn 0.000000 0.000000 0.100000
vn 0.000000 0.000000 0.100000
vn 0.000000 0.000000 0.100000
vn 0.000000 0.000000 0.100000
vn 0.000000 0.000000 0.100000
vn 0.000000 0.000000 0.100000
vn 0.000000 0.000000 0.100000
vn 0.000000 0.000000 0.100000
vn 0.000000 0.000000 0.100000
vn 0.000000 0.000000 0.100000
vn 0.000000 0.000000 0.100000
vn 0.000000 0.000000 0.100000
vn 0.000000 0.000000 0.100000
vn 0.000000 0.000000 0.100000
vn 0.000000 0.000000 0.100000
vn 0.000000 0.000000 0.100000
vn 0.000000 0.000000 0.100000
vn 0.000000 0.000000 0.100000
vn 0.000000 0.000000 0.100000
vn 0.000000 0.000000 0.100000
vn 0.000000 0.000000 0.100000
vn 0.000000 0.000000 0.100000
vn 0.000000 0.000000 0.100000
vn 0.000000 0.000000 0.100000
vn 0.000000 0.000000 0.100000
vn 0.000000 0.000000 0.100000
vn 0.000000 0.000000 0.100000
vn 0.000000 0.000000 0.100000
vn 0.000000 0.000000 0.100000
vn 0.000000 0.000000 0.100000
vn 0.000000 0.000000 0.100000
vn 0.000000 0.000000 0.100000
vn 0.000000 0.000000 0.100000
vn 0.000000 0.000000 0.100000
vn 0.000000 0.000000 0.100000
vn 0.000000 0.000000 0.100000
vn 0.000000 0.000000 0.100000
vn 0.000000 0.000000 0.100000
vn 0.000000 0.000000 0.100000
vn 0.000000 0.000000 0.100000
vn 0.000000 0.000000 0.100000
vn 0.000000 0.000000 0.100000
vn 0.000000 0.000000 0.100000
vn 0.000000 0.000000 0.100000
vn 0.000000 0.000000 0.100000
vn 0.000000 0.000000 0.100000
vn 0.000000 0.000000 0.100000
vn 0.000000 0.000000 0.100000
vn 0.076777 0.064072 0.000000
vn 0.063587 0.077180 0.000000
vn 0.076777 0.064072 0.000000
vn 0.063587 0.077180 0.000000
vn 0.048033 0.087709 0.000000
vn 0.048033 0.087709 0.000000
vn 0.031601 0.094876 0.000000
vn 0.031601 0.094876 0.000000
vn 0.015329 0.098818 0.000000
vn 0.015329 0.098818 0.000000
vn -0.000596 0.099998 0.000000
vn -0.000596 0.099998 0.000000
vn -0.015978 0.098715 0.000000
vn -0.015978 0.098715 0.000000
vn -0.040317 0.091512 0.000000
vn -0.040317 0.091512 0.000000
vn -0.056003 0.082847 0.000000
vn -0.056003 0.082847 0.000000
vn -0.070681 0.070740 0.000000
vn -0.070681 0.070740 0.000000
vn -0.061135 0.079136 0.000000
vn -0.067804 0.073503 0.000000
vn -0.061135 0.079136 0.000000
vn -0.067804 0.073503 0.000000
vn -0.070728 0.070693 0.000000
vn -0.070728 0.070693 0.000000
vn -0.076551 0.064342 0.000000
vn -0.076551 0.064342 0.000000
vn -0.084828 0.052956 0.000000
vn -0.084828 0.052956 0.000000
vn -0.092122 0.038905 0.000000
vn -0.092122 0.038905 0.000000
vn -0.097220 0.023416 0.000000
vn -0.097220 0.023416 0.000000
vn -0.099668 0.008147 0.000000
vn -0.099668 0.008147 0.000000
vn -0.098906 -0.014748 0.000000
vn -0.098906 -0.014748 0.000000
vn -0.094707 -0.032104 0.000000
vn -0.094707 -0.032104 0.000000
vn -0.089984 -0.043623 0.000000
vn -0.089984 -0.043623 0.000000
vn -0.082188 -0.056966 0.000000
vn -0.082188 -0.056966 0.000000
vn -0.070717 -0.070704 0.000000
vn -0.070717 -0.070704 0.000000
vn -0.056471 -0.082529 0.000000
vn -0.056471 -0.082529 0.000000
vn -0.041660 -0.090909 0.000000
vn -0.041660 -0.090909 0.000000
vn -0.028159 -0.095954 0.000000
vn -0.028159 -0.095954 0.000000
vn -0.006999 -0.099755 0.000000
vn -0.006999 -0.099755 0.000000
vn 0.009227 -0.099573 0.000000
vn 0.009227 -0.099573 0.000000
vn 0.024180 -0.097032 0.000000
vn 0.024180 -0.097032 0.000000
vn 0.038808 -0.092163 0.000000
vn 0.038808 -0.092163 0.000000
vn 0.052532 -0.085090 0.000000
vn 0.052532 -0.085090 0.000000
vn 0.064677 -0.076269 0.000000
vn 0.064677 -0.076269 0.000000
vn 0.075234 -0.065878 0.000000
vn 0.075234 -0.065878 0.000000
vn 0.084397 -0.053640 0.000000
vn 0.084397 -0.053640 0.000000
vn 0.092032 -0.039117 0.000000
vn 0.092032 -0.039117 0.000000
vn 0.097476 -0.022325 0.000000
vn 0.097476 -0.022325 0.000000
vn 0.099909 -0.004272 0.000000
vn 0.099909 -0.004272 0.000000
vn 0.099110 0.013313 0.000000
vn 0.099110 0.013313 0.000000
vn 0.095745 0.028858 0.000000
vn 0.095745 0.028858 0.000000
vn 0.090922 0.041632 0.000000
vn 0.090922 0.041632 0.000000
vn 0.000000 0.000000 0.100000
vn 0.000000 0.000000 0.100000
vn 0.000000 0.000000 0.100000
vn 0.000000 0.000000 0.100000
vn 0.000000 0.000000 0.100000
vn 0.000000 0.000000 0.100000
vn 0.000000 0.000000 0.100000
vn 0.000000 0.000000 0.100000
vn 0.000000 0.000000 0.100000
vn 0.000000 0.000000 0.100000
vn 0.000000 0.000000 0.100000
vn 0.000000 0.000000 0.100000
vn 0.000000 0.000000 0.100000
vn 0.000000 0.000000 0.100000
vn 0.000000 0.000000 0.100000
vn 0.000000 0.000000 0.100000
vn 0.000000 0.000000 0.100000
vn 0.000000 0.000000 0.100000
vn 0.000000 0.000000 0.100000
vn 0.000000 0.000000 0.100000
vn 0.000000 0.000000 0.100000
vn 0.000000 0.000000 0.100000
vn 0.000000 0.000000 0.100000
vn 0.000000 0.000000 0.100000
vn 0.000000 0.000000 0.100000
vn 0.000000 0.000000 0.100000
vn 0.000000 0.000000 0.100000
vn 0.000000 0.000000 0.100000
vn 0.000000 0.000000 0.100000
vn 0.000000 0.000000 0.100000
vn 0.000000 0.000000 0.100000
vn 0.000000 0.000000 0.100000
vn 0.000000 0.000000 0.100000
vn 0.000000 0.000000 0.100000
vn 0.000000 0.000000 0.100000
vn 0.000000 0.000000 0.100000
vn 0.000000 0.000000 0.100000
vn 0.000000 0.000000 0.100000
vn -0.099071 -0.013596 0.000000
vn -0.099071 -0.013596 0.000000
vn -0.097335 -0.022931 0.000000
vn -0.096138 -0.027521 0.000000
vn -0.092689 -0.037534 0.000000
vn -0.090710 -0.042092 0.000000
vn -0.084049 -0.054182 0.000000
vn -0.081708 -0.057652 0.000000
vn -0.078084 -0.062473 0.000000
vn -0.079201 -0.061050 0.000000
vn -0.076038 -0.064948 0.000000
vn -0.067904 -0.073410 0.000000
vn -0.068902 -0.072474 0.000000
vn -0.055417 -0.083240 0.000000
vn -0.054408 -0.083904 0.000000
vn -0.033595 -0.094188 0.000000
vn -0.033922 -0.094071 0.000000
vn -0.020562 -0.097863 0.000000
vn -0.011042 -0.099389 0.000000
vn -0.007329 -0.099731 0.000000
vn 0.008635 -0.099626 0.000000
vn 0.016117 -0.098693 0.000000
vn 0.033998 -0.094043 0.000000
vn 0.033998 -0.094043 0.000000
vn 0.037498 -0.092703 0.000000
vn 0.054372 -0.083927 0.000000
vn 0.037498 -0.092703 0.000000
vn 0.055135 -0.083427 0.000000
vn 0.064358 -0.076538 0.000000
vn 0.066159 -0.074987 0.000000
vn 0.074697 -0.066486 0.000000
vn 0.077889 -0.062716 0.000000
vn 0.082878 -0.055957 0.000000
vn 0.087510 -0.048394 0.000000
vn 0.090838 -0.041814 0.000000
vn 0.094052 -0.033973 0.000000
vn 0.096469 -0.026340 0.000000
vn 0.098508 -0.017207 0.000000
vn 0.099040 -0.013823 0.000000
vn 0.099876 -0.004981 0.000000
vn 0.099941 0.003444 0.000000
vn 0.099614 0.008774 0.000000
vn 0.097003 0.024300 0.000000
vn 0.095055 0.031057 0.000000
vn 0.088743 0.046094 0.000000
vn 0.084422 0.053600 0.000000
vn 0.082309 0.056791 0.000000
vn 0.075171 0.065949 0.000000
vn 0.075769 0.065261 0.000000
vn 0.070740 0.070681 0.000000
vn 0.064432 0.076476 0.000000
vn 0.051359 0.085804 0.000000
vn 0.048296 0.087564 0.000000
vn 0.039230 0.091984 0.000000
vn 0.033858 0.094094 0.000000
vn 0.021846 0.097585 0.000000
vn 0.014350 0.098965 0.000000
vn -0.001271 0.099992 0.000000
vn -0.008939 0.099600 0.000000
vn -0.026897 0.096315 0.000000
vn -0.033048 0.094381 0.000000
vn -0.050311 0.086422 0.000000
vn -0.054631 0.083759 0.000000
vn -0.068049 0.073275 0.000000
vn -0.071473 0.069940 0.000000
vn -0.079996 0.060005 0.000000
vn -0.083123 0.055593 0.000000
vn -0.087479 0.048451 0.000000
vn -0.090456 0.042634 0.000000
vn -0.095120 0.030859 0.000000
vn -0.097273 0.023195 0.000000
vn -0.098322 0.018240 0.000000
vn -0.099938 0.003512 0.000000
vn -0.099953 0.003053 0.000000
vn -0.099832 -0.005786 0.000000
vn -0.099837 -0.005712 0.000000
vn -0.099267 -0.012086 0.000000
vn -0.099267 -0.012086 0.000000
vn 0.000000 0.000000 0.100000
vn 0.000000 0.000000 0.100000
vn 0.000000 0.000000 0.100000
vn 0.000000 0.000000 0.100000
vn 0.000000 0.000000 0.100000
vn 0.000000 0.000000 0.100000
vn 0.000000 0.000000 0.100000
vn 0.000000 0.000000 0.100000
vn 0.000000 0.000000 0.100000
vn 0.000000 0.000000 0.100000
vn 0.000000 0.000000 0.100000
vn 0.000000 0.000000 0.100000
vn 0.000000 0.000000 0.100000
vn 0.000000 0.000000 0.100000
vn 0.000000 0.000000 0.100000
vn 0.000000 0.000000 0.100000
vn 0.000000 0.000000 0.100000
vn 0.000000 0.000000 0.100000
vn 0.000000 0.000000 0.100000
vn 0.000000 0.000000 0.100000
vn 0.000000 0.000000 0.100000
vn 0.000000 0.000000 0.100000
vn 0.000000 0.000000 0.100000
vn 0.000000 0.000000 0.100000
vn 0.000000 0.000000 0.100000
vn 0.000000 0.000000 0.100000
vn 0.000000 0.000000 0.100000
vn 0.000000 0.000000 0.100000
vn 0.000000 0.000000 0.100000
vn 0.000000 0.000000 0.100000
vn 0.000000 0.000000 0.100000
vn 0.000000 0.000000 0.100000
vn 0.000000 0.000000 0.100000
vn 0.000000 0.000000 0.100000
vn 0.000000 0.000000 0.100000
vn -0.029984 0.095399 0.000000
vn -0.040212 0.091559 0.000000
vn -0.029984 0.095399 0.000000
vn -0.040212 0.091559 0.000000
vn -0.050389 0.086376 0.000000
vn -0.050389 0.086376 0.000000
vn -0.061456 0.078887 0.000000
vn -0.061456 0.078887 0.000000
vn -0.072549 0.068823 0.000000
vn -0.072549 0.068823 0.000000
vn -0.081908 0.057368 0.000000
vn -0.081908 0.057368 0.000000
vn -0.089024 0.045550 0.000000
vn -0.089024 0.045550 0.000000
vn -0.096693 0.025503 0.000000
vn -0.096693 0.025503 0.000000
vn -0.099186 0.012737 0.000000
vn -0.099186 0.012737 0.000000
vn -0.099997 -0.000833 0.000000
vn -0.099997 -0.000833 0.000000
vn -0.098979 -0.014250 0.000000
vn -0.098979 -0.014250 0.000000
vn -0.096343 -0.026796 0.000000
vn -0.096343 -0.026796 0.000000
vn -0.087774 -0.047914 0.000000
vn -0.087774 -0.047914 0.000000
vn -0.077329 -0.063405 0.000000
vn -0.077329 -0.063405 0.000000
vn -0.058990 -0.080748 0.000000
vn -0.058990 -0.080748 0.000000
vn -0.046541 -0.088510 0.000000
vn -0.046541 -0.088510 0.000000
vn -0.033492 -0.094225 0.000000
vn -0.033492 -0.094225 0.000000
vn -0.020352 -0.097907 0.000000
vn -0.020352 -0.097907 0.000000
vn -0.003753 -0.099930 0.000000
vn -0.003753 -0.099930 0.000000
vn 0.007878 -0.099689 0.000000
vn 0.007878 -0.099689 0.000000
vn 0.022432 -0.097452 0.000000
vn 0.022432 -0.097452 0.000000
vn 0.035765 -0.093386 0.000000
vn 0.035765 -0.093386 0.000000
vn 0.049103 -0.087114 0.000000
vn 0.049103 -0.087114 0.000000
vn 0.069152 -0.072236 0.000000
vn 0.069152 -0.072236 0.000000
vn 0.080414 -0.059444 0.000000
vn 0.080414 -0.059444 0.000000
vn 0.089683 -0.044237 0.000000
vn 0.089683 -0.044237 0.000000
vn 0.096234 -0.027184 0.000000
vn 0.096234 -0.027184 0.000000
vn 0.099699 -0.007759 0.000000
vn 0.099699 -0.007759 0.000000
vn 0.099063 0.013661 0.000000
vn 0.099063 0.013661 0.000000
vn 0.093972 0.034194 0.000000
vn 0.093972 0.034194 0.000000
vn 0.086156 0.050765 0.000000
vn 0.086156 0.050765 0.000000
vn 0.077918 0.062680 0.000000
vn 0.077918 0.062680 0.000000
vn 0.063534 0.077223 0.000000
vn 0.063534 0.077223 0.000000
vn 0.051046 0.085990 0.000000
vn 0.051046 0.085990 0.000000
vn 0.039810 0.091734 0.000000
vn 0.039810 0.091734 0.000000
vn 0.028944 0.095720 0.000000
vn 0.028944 0.095720 0.000000
vn 0.016059 0.098702 0.000000
vn 0.016059 0.098702 0.000000
vn -0.008743 0.099617 0.000000
vn -0.008743 0.099617 0.000000
vn -0.021030 0.097764 0.000000
vn -0.021030 0.097764 0.000000
vn 0.000000 0.000000 0.100000
vn 0.000000 0.000000 0.100000
vn 0.000000 0.000000 0.100000
vn 0.000000 0.000000 0.100000
vn 0.000000 0.000000 0.100000
vn 0.000000 0.000000 0.100000
vn 0.000000 0.000000 0.100000
vn 0.000000 0.000000 0.100000
vn 0.000000 0.000000 0.100000
vn 0.000000 0.000000 0.100000
vn 0.000000 0.000000 0.100000
vn 0.000000 0.000000 0.100000
vn 0.000000 0.000000 0.100000
vn 0.000000 0.000000 0.100000
vn 0.000000 0.000000 0.100000
vn 0.000000 0.000000 0.100000
vn 0.000000 0.000000 0.100000
vn 0.000000 0.000000 0.100000
vn 0.000000 0.000000 0.100000
vn 0.000000 0.000000 0.100000
vn 0.000000 0.000000 0.100000
vn 0.000000 0.000000 0.100000
vn 0.000000 0.000000 0.100000
vn 0.000000 0.000000 0.100000
vn 0.000000 0.000000 0.100000
vn 0.000000 0.000000 0.100000
vn 0.000000 0.000000 0.100000
vn 0.000000 0.000000 0.100000
vn 0.000000 0.000000 0.100000
vn 0.000000 0.000000 0.100000
vn 0.000000 0.000000 0.100000
vn 0.000000 0.000000 0.100000
vn 0.000000 0.000000 0.100000
vn 0.000000 0.000000 0.100000
vn 0.000000 0.000000 0.100000
vn 0.000000 0.000000 0.100000
vn 0.000000 0.000000 0.100000
vn 0.000000 0.000000 0.100000
vn 0.000000 0.000000 0.100000
vn -0.080324 0.059566 0.000000
vn -0.088919 0.045753 0.000000
vn -0.080324 0.059566 0.000000
vn -0.088919 0.045753 0.000000
vn -0.093407 0.035709 0.000000
vn -0.093407 0.035709 0.000000
vn -0.099037 0.013847 0.000000
vn -0.099037 0.013847 0.000000
vn -0.099904 0.004384 0.000000
vn -0.099904 0.004384 0.000000
vn -0.099859 -0.005315 0.000000
vn -0.099859 -0.005315 0.000000
vn -0.098842 -0.015177 0.000000
vn -0.098842 -0.015177 0.000000
vn -0.094721 -0.032063 0.000000
vn -0.094721 -0.032063 0.000000
vn -0.089838 -0.043922 0.000000
vn -0.089838 -0.043922 0.000000
vn -0.081797 -0.057526 0.000000
vn -0.081797 -0.057526 0.000000
vn -0.070161 -0.071257 0.000000
vn -0.070161 -0.071257 0.000000
vn -0.055762 -0.083009 0.000000
vn -0.055762 -0.083009 0.000000
vn -0.040485 -0.091438 0.000000
vn -0.040485 -0.091438 0.000000
vn -0.026093 -0.096536 0.000000
vn -0.026093 -0.096536 0.000000
vn -0.002622 -0.099966 0.000000
vn -0.002622 -0.099966 0.000000
vn 0.014337 -0.098967 0.000000
vn 0.014337 -0.098967 0.000000
vn 0.026728 -0.096362 0.000000
vn 0.026728 -0.096362 0.000000
vn 0.042768 -0.090393 0.000000
vn 0.042768 -0.090393 0.000000
vn 0.051652 -0.085628 0.000000
vn 0.051652 -0.085628 0.000000
vn 0.056817 -0.082291 0.000000
vn 0.056817 -0.082291 0.000000
vn 0.062089 -0.078390 0.000000
vn 0.062089 -0.078390 0.000000
vn 0.068475 -0.072878 0.000000
vn 0.068475 -0.072878 0.000000
vn 0.072815 -0.068541 0.000000
vn 0.072815 -0.068541 0.000000
vn 0.078296 -0.062207 0.000000
vn 0.078296 -0.062207 0.000000
vn 0.088869 -0.045851 0.000000
vn 0.088869 -0.045851 0.000000
vn 0.093537 -0.035366 0.000000
vn 0.093537 -0.035366 0.000000
vn 0.098548 -0.016980 0.000000
vn 0.098548 -0.016980 0.000000
vn 0.099963 -0.002710 0.000000
vn 0.099963 -0.002710 0.000000
vn 0.098690 0.016133 0.000000
vn 0.098690 0.016133 0.000000
vn 0.092063 0.039045 0.000000
vn 0.092063 0.039045 0.000000
vn 0.085982 0.051060 0.000000
vn 0.085982 0.051060 0.000000
vn 0.078025 0.062546 0.000000
vn 0.078025 0.062546 0.000000
vn 0.099980 0.001992 0.000000
vn 0.098153 0.019129 0.000000
vn 0.099980 0.001992 0.000000
vn 0.098153 0.019129 0.000000
vn 0.093444 0.035613 0.000000
vn 0.093444 0.035613 0.000000
vn 0.086514 0.050154 0.000000
vn 0.086514 0.050154 0.000000
vn 0.078394 0.062083 0.000000
vn 0.078394 0.062083 0.000000
vn 0.062078 0.078399 0.000000
vn 0.062078 0.078399 0.000000
vn 0.048410 0.087501 0.000000
vn 0.048410 0.087501 0.000000
vn 0.029869 0.095435 0.000000
vn 0.029869 0.095435 0.000000
vn 0.018848 0.098208 0.000000
vn 0.018848 0.098208 0.000000
vn -0.001334 0.099991 0.000000
vn -0.001334 0.099991 0.000000
vn -0.015411 0.098805 0.000000
vn -0.015411 0.098805 0.000000
vn -0.031421 0.094935 0.000000
vn -0.031421 0.094935 0.000000
vn -0.047517 0.087989 0.000000
vn -0.047517 0.087989 0.000000
vn -0.061719 0.078681 0.000000
vn -0.061719 0.078681 0.000000
vn -0.071843 0.069560 0.000000
vn -0.071843 0.069560 0.000000
vn -0.078359 0.062127 0.000000
vn -0.078359 0.062127 0.000000
vn 0.000000 0.000000 0.100000
vn 0.000000 0.000000 0.100000
vn 0.000000 0.000000 0.100000
vn 0.000000 0.000000 0.100000
vn 0.000000 0.000000 0.100000
vn 0.000000 0.000000 0.100000
vn 0.000000 0.000000 0.100000
vn 0.000000 0.000000 0.100000
vn 0.000000 0.000000 0.100000
vn 0.000000 0.000000 0.100000
vn 0.000000 0.000000 0.100000
vn 0.000000 0.000000 0.100000
vn 0.000000 0.000000 0.100000
vn 0.000000 0.000000 0.100000
vn 0.000000 0.000000 0.100000
vn 0.000000 0.000000 0.100000
vn 0.000000 0.000000 0.100000
vn 0.000000 0.000000 0.100000
vn 0.000000 0.000000 0.100000
vn 0.000000 0.000000 0.100000
vn 0.000000 0.000000 0.100000
vn 0.000000 0.000000 0.100000
vn 0.000000 0.000000 0.100000
vn 0.000000 0.000000 0.100000
vn 0.000000 0.000000 0.100000
vn 0.000000 0.000000 0.100000
vn 0.000000 0.000000 0.100000
vn 0.000000 0.000000 0.100000
vn 0.000000 0.000000 0.100000
vn 0.000000 0.000000 0.100000
vn 0.000000 0.000000 0.100000
vn 0.000000 0.000000 0.100000
vn 0.000000 0.000000 0.100000
vn 0.000000 0.000000 0.100000
vn 0.000000 0.000000 0.100000
vn 0.000000 0.000000 0.100000
vn 0.000000 0.000000 0.100000
vn 0.000000 0.000000 0.100000
vn 0.000000 0.000000 0.100000
vn 0.000000 0.000000 0.100000
vn 0.000000 0.000000 0.100000
vn 0.000000 0.000000 0.100000
vn 0.000000 0.000000 0.100000
vn 0.000000 0.000000 0.100000
vn 0.000000 0.000000 0.100000
vn 0.000000 0.000000 0.100000
vn -0.043778 0.089908 0.000000
vn -0.059778 0.080166 0.000000
vn -0.043778 0.089908 0.000000
vn -0.059778 0.080166 0.000000
vn -0.071014 0.070406 0.000000
vn -0.071014 0.070406 0.000000
vn -0.085121 0.052482 0.000000
vn -0.085121 0.052482 0.000000
vn -0.094958 0.031353 0.000000
vn -0.094958 0.031353 0.000000
vn -0.099822 0.005964 0.000000
vn -0.099822 0.005964 0.000000
vn -0.099515 -0.009834 0.000000
vn -0.099936 0.003570 0.000000
vn -0.099515 -0.009834 0.000000
vn -0.099936 0.003570 0.000000
vn -0.099915 0.004123 0.000000
vn -0.099915 0.004123 0.000000
vn -0.099915 -0.004119 0.000000
vn -0.099915 -0.004119 0.000000
vn -0.098610 -0.016618 0.000000
vn -0.098610 -0.016618 0.000000
vn -0.095356 -0.030121 0.000000
vn -0.095356 -0.030121 0.000000
vn -0.089915 -0.043765 0.000000
vn -0.089915 -0.043765 0.000000
vn -0.082380 -0.056688 0.000000
vn -0.082380 -0.056688 0.000000
vn -0.074579 -0.066618 0.000000
vn -0.074579 -0.066618 0.000000
vn -0.069242 -0.072149 0.000000
vn -0.069242 -0.072149 0.000000
vn -0.066318 -0.074846 0.000000
vn -0.066318 -0.074846 0.000000
vn -0.050384 -0.086380 0.000000
vn -0.050384 -0.086380 0.000000
vn -0.038079 -0.092466 0.000000
vn -0.038079 -0.092466 0.000000
vn -0.024789 -0.096879 0.000000
vn -0.024789 -0.096879 0.000000
vn -0.009567 -0.099541 0.000000
vn -0.009567 -0.099541 0.000000
vn 0.011157 -0.099376 0.000000
vn 0.011157 -0.099376 0.000000
vn 0.025198 -0.096773 0.000000
vn 0.025198 -0.096773 0.000000
vn 0.041900 -0.090799 0.000000
vn 0.041900 -0.090799 0.000000
vn 0.059753 -0.080185 0.000000
vn 0.059753 -0.080185 0.000000
vn 0.075836 -0.065184 0.000000
vn 0.075836 -0.065184 0.000000
vn 0.087624 -0.048187 0.000000
vn 0.087624 -0.048187 0.000000
vn 0.094709 -0.032095 0.000000
vn 0.094709 -0.032095 0.000000
vn 0.099713 -0.007577 0.000000
vn 0.099713 -0.007577 0.000000
vn 0.099671 0.008110 0.000000
vn 0.099671 0.008110 0.000000
vn 0.098056 0.019621 0.000000
vn 0.098056 0.019621 0.000000
vn 0.095229 0.030520 0.000000
vn 0.095229 0.030520 0.000000
vn 0.090768 0.041966 0.000000
vn 0.090768 0.041966 0.000000
vn 0.084513 0.053456 0.000000
vn 0.084513 0.053456 0.000000
vn 0.076778 0.064071 0.000000
vn 0.076778 0.064071 0.000000
vn 0.067677 0.073620 0.000000
vn 0.067677 0.073620 0.000000
vn 0.056529 0.082489 0.000000
vn 0.056529 0.082489 0.000000
vn 0.041937 0.090782 0.000000
vn 0.041937 0.090782 0.000000
vn 0.022572 0.097419 0.000000
vn 0.022572 0.097419 0.000000
vn -0.001035 0.099995 0.000000
vn -0.001035 0.099995 0.000000
vn -0.025447 0.096708 0.000000
vn -0.025447 0.096708 0.000000
vn 0.000000 0.000000 0.100000
vn 0.000000 0.000000 0.100000
vn 0.000000 0.000000 0.100000
vn 0.000000 0.000000 0.100000
vn 0.000000 0.000000 0.100000
vn 0.000000 0.000000 0.100000
vn 0.000000 0.000000 0.100000
vn 0.000000 0.000000 0.100000
vn 0.000000 0.000000 0.100000
vn 0.000000 0.000000 0.100000
vn 0.000000 0.000000 0.100000
vn 0.000000 0.000000 0.100000
vn 0.000000 0.000000 0.100000
vn 0.000000 0.000000 0.100000
vn 0.000000 0.000000 0.100000
vn 0.000000 0.000000 0.100000
vn 0.000000 0.000000 0.100000
vn 0.000000 0.000000 0.100000
vn 0.000000 0.000000 0.100000
vn 0.000000 0.000000 0.100000
vn 0.000000 0.000000 0.100000
vn 0.000000 0.000000 0.100000
vn 0.000000 0.000000 0.100000
vn 0.000000 0.000000 0.100000
vn 0.000000 0.000000 0.100000
vn 0.000000 0.000000 0.100000
vn 0.000000 0.000000 0.100000
vn 0.000000 0.000000 0.100000
vn 0.000000 0.000000 0.100000
vn 0.000000 0.000000 0.100000
vn 0.000000 0.000000 0.100000
vn 0.000000 0.000000 0.100000
vn 0.000000 0.000000 0.100000
vn 0.000000 0.000000 0.100000
vn 0.000000 0.000000 0.100000
vn 0.000000 0.000000 0.100000
vn 0.000000 0.000000 0.100000
vn 0.000000 0.000000 0.100000
vn 0.000000 0.000000 0.100000
vn -0.005137 0.099868 0.000000
vn -0.014578 0.098932 0.000000
vn -0.005137 0.099868 0.000000
vn -0.014578 0.098932 0.000000
vn -0.022017 0.097546 0.000000
vn -0.022017 0.097546 0.000000
vn -0.031966 0.094753 0.000000
vn -0.031966 0.094753 0.000000
vn -0.047964 0.087747 0.000000
vn -0.047964 0.087747 0.000000
vn -0.059293 0.080525 0.000000
vn -0.059293 0.080525 0.000000
vn -0.073095 0.068243 0.000000
vn -0.073095 0.068243 0.000000
vn -0.087836 0.047800 0.000000
vn -0.087836 0.047800 0.000000
vn -0.094100 0.033839 0.000000
vn -0.094100 0.033839 0.000000
vn -0.098398 0.017826 0.000000
vn -0.098398 0.017826 0.000000
vn -0.099995 0.000955 0.000000
vn -0.099995 0.000955 0.000000
vn -0.098835 -0.015222 0.000000
vn -0.098835 -0.015222 0.000000
vn -0.095565 -0.029450 0.000000
vn -0.095565 -0.029450 0.000000
vn -0.091135 -0.041163 0.000000
vn -0.091135 -0.041163 0.000000
vn -0.081768 -0.057567 0.000000
vn -0.081768 -0.057567 0.000000
vn -0.073885 -0.067387 0.000000
vn -0.073885 -0.067387 0.000000
vn -0.062846 -0.077784 0.000000
vn -0.062846 -0.077784 0.000000
vn -0.054081 -0.084115 0.000000
vn -0.054081 -0.084115 0.000000
vn -0.043306 -0.090136 0.000000
vn -0.043306 -0.090136 0.000000
vn -0.028912 -0.095729 0.000000
vn -0.028912 -0.095729 0.000000
vn -0.012096 -0.099266 0.000000
vn -0.012096 -0.099266 0.000000
vn 0.005533 -0.099847 0.000000
vn 0.005533 -0.099847 0.000000
vn 0.023270 -0.097255 0.000000
vn 0.023270 -0.097255 0.000000
vn 0.039794 -0.091741 0.000000
vn 0.039794 -0.091741 0.000000
vn 0.052704 -0.084984 0.000000
vn 0.052704 -0.084984 0.000000
vn 0.061472 -0.078875 0.000000
vn 0.061472 -0.078875 0.000000
vn 0.074977 -0.066169 0.000000
vn 0.074977 -0.066169 0.000000
vn 0.086060 -0.050928 0.000000
vn 0.086060 -0.050928 0.000000
vn 0.093914 -0.034353 0.000000
vn 0.093914 -0.034353 0.000000
vn 0.097554 -0.021983 0.000000
vn 0.097554 -0.021983 0.000000
vn 0.099792 -0.006445 0.000000
vn 0.099792 -0.006445 0.000000
vn 0.099329 0.011567 0.000000
vn 0.099329 0.011567 0.000000
vn 0.095345 0.030156 0.000000
vn 0.095345 0.030156 0.000000
vn 0.088287 0.046962 0.000000
vn 0.088287 0.046962 0.000000
vn 0.079624 0.060498 0.000000
vn 0.079624 0.060498 0.000000
vn 0.062878 0.077758 0.000000
vn 0.062878 0.077758 0.000000
vn 0.050425 0.086356 0.000000
vn 0.050425 0.086356 0.000000
vn 0.028668 0.095803 0.000000
vn 0.028668 0.095803 0.000000
vn 0.010293 0.099469 0.000000
vn 0.010293 0.099469 0.000000
vn -0.001381 0.099990 0.000000
vn -0.001381 0.099990 0.000000
vn 0.000000 0.000000 0.100000
vn 0.000000 0.000000 0.100000
vn 0.000000 0.000000 0.100000
vn 0.000000 0.000000 0.100000
vn 0.000000 0.000000 0.100000
vn 0.000000 0.000000 0.100000
vn 0.000000 0.000000 0.100000
vn 0.000000 0.000000 0.100000
vn 0.000000 0.000000 0.100000
vn 0.000000 0.000000 0.100000
vn 0.000000 0.000000 0.100000
vn 0.000000 0.000000 0.100000
vn 0.000000 0.000000 0.100000
vn 0.000000 0.000000 0.100000
vn 0.000000 0.000000 0.100000
vn 0.000000 0.000000 0.100000
vn 0.000000 0.000000 0.100000
vn 0.000000 0.000000 0.100000
vn 0.000000 0.000000 0.100000
vn 0.000000 0.000000 0.100000
vn 0.000000 0.000000 0.100000
vn 0.000000 0.000000 0.100000
vn 0.000000 0.000000 0.100000
vn 0.000000 0.000000 0.100000
vn 0.000000 0.000000 0.100000
vn 0.000000 0.000000 0.100000
vn 0.000000 0.000000 0.100000
vn 0.000000 0.000000 0.100000
vn 0.000000 0.000000 0.100000
vn 0.000000 0.000000 0.100000
vn 0.000000 0.000000 0.100000
vn 0.000000 0.000000 0.100000
vn 0.000000 0.000000 0.100000
vn 0.000000 0.000000 0.100000
vn 0.000000 0.000000 0.100000
vn 0.000000 0.000000 0.100000
vn 0.000000 0.000000 0.100000
vn 0.000000 0.000000 0.100000
vn 0.000000 0.000000 0.100000
vn 0.000000 0.000000 0.100000
vn 0.095959 -0.028141 0.000000
vn 0.094284 -0.033325 0.000000
vn 0.095959 -0.028141 0.000000
vn 0.094284 -0.033325 0.000000
vn 0.094379 -0.033054 0.000000
vn 0.094379 -0.033054 0.000000
vn 0.098098 -0.019410 0.000000
vn 0.098098 -0.019410 0.000000
vn 0.098583 -0.016777 0.000000
vn 0.098583 -0.016777 0.000000
vn 0.098955 -0.014416 0.000000
vn 0.098955 -0.014416 0.000000
vn 0.099988 0.001539 0.000000
vn 0.099988 0.001539 0.000000
vn 0.099511 0.009881 0.000000
vn 0.099511 0.009881 0.000000
vn 0.098517 0.017160 0.000000
vn 0.098517 0.017160 0.000000
vn 0.093849 0.034532 0.000000
vn 0.093849 0.034532 0.000000
vn 0.087569 0.048288 0.000000
vn 0.087569 0.048288 0.000000
vn 0.075825 0.065196 0.000000
vn 0.075825 0.065196 0.000000
vn 0.066423 0.074752 0.000000
vn 0.066423 0.074752 0.000000
vn 0.053639 0.084397 0.000000
vn 0.053639 0.084397 0.000000
vn 0.037386 0.092749 0.000000
vn 0.037386 0.092749 0.000000
vn 0.019064 0.098166 0.000000
vn 0.019064 0.098166 0.000000
vn 0.001170 0.099993 0.000000
vn 0.001170 0.099993 0.000000
vn -0.014270 0.098977 0.000000
vn -0.014270 0.098977 0.000000
vn -0.036200 0.093218 0.000000
vn -0.036200 0.093218 0.000000
vn -0.056773 0.082322 0.000000
vn -0.056773 0.082322 0.000000
vn -0.065102 0.075906 0.000000
vn -0.065102 0.075906 0.000000
vn -0.068708 0.072658 0.000000
vn -0.074206 0.067033 0.000000
vn -0.068708 0.072658 0.000000
vn -0.074206 0.067033 0.000000
vn -0.085576 0.051737 0.000000
vn -0.085576 0.051737 0.000000
vn -0.093376 0.035791 0.000000
vn -0.093376 0.035791 0.000000
vn -0.098536 0.017046 0.000000
vn -0.098536 0.017046 0.000000
vn -0.099998 -0.000635 0.000000
vn -0.099998 -0.000635 0.000000
vn -0.098759 -0.015707 0.000000
vn -0.098759 -0.015707 0.000000
vn -0.096280 -0.027022 0.000000
vn -0.096280 -0.027022 0.000000
vn -0.091330 -0.040729 0.000000
vn -0.091330 -0.040729 0.000000
vn -0.083588 -0.054891 0.000000
vn -0.083588 -0.054891 0.000000
vn -0.079555 -0.060589 0.000000
vn -0.079555 -0.060589 0.000000
vn -0.064299 -0.076587 0.000000
vn -0.064299 -0.076587 0.000000
vn -0.051393 -0.085783 0.000000
vn -0.051393 -0.085783 0.000000
vn -0.032269 -0.094650 0.000000
vn -0.032269 -0.094650 0.000000
vn -0.008418 -0.099645 0.000000
vn -0.008418 -0.099645 0.000000
vn 0.015857 -0.098735 0.000000
vn 0.015857 -0.098735 0.000000
vn 0.036475 -0.093111 0.000000
vn 0.036475 -0.093111 0.000000
vn 0.052018 -0.085405 0.000000
vn 0.052018 -0.085405 0.000000
vn 0.070890 -0.070531 0.000000
vn 0.070890 -0.070531 0.000000
vn 0.085641 -0.051629 0.000000
vn 0.085641 -0.051629 0.000000
vn 0.000000 0.000000 0.100000
vn 0.000000 0.000000 0.100000
vn 0.000000 0.000000 0.100000
vn 0.000000 0.000000 0.100000
vn 0.000000 0.000000 0.100000
vn 0.000000 0.000000 0.100000
vn 0.000000 0.000000 0.100000
vn 0.000000 0.000000 0.100000
vn 0.000000 0.000000 0.100000
vn 0.000000 0.000000 0.100000
vn 0.000000 0.000000 0.100000
vn 0.000000 0.000000 0.100000
vn 0.000000 0.000000 0.100000
vn 0.000000 0.000000 0.100000
vn 0.000000 0.000000 0.100000
vn 0.000000 0.000000 0.100000
vn 0.000000 0.000000 0.100000
vn 0.000000 0.000000 0.100000
vn 0.000000 0.000000 0.100000
vn 0.000000 0.000000 0.100000
vn 0.000000 0.000000 0.100000
vn 0.000000 0.000000 0.100000
vn 0.000000 0.000000 0.100000
vn 0.000000 0.000000 0.100000
vn 0.000000 0.000000 0.100000
vn 0.000000 0.000000 0.100000
vn 0.000000 0.000000 0.100000
vn 0.000000 0.000000 0.100000
vn 0.000000 0.000000 0.100000
vn 0.000000 0.000000 0.100000
vn 0.000000 0.000000 0.100000
vn 0.000000 0.000000 0.100000
vn 0.000000 0.000000 0.100000
vn 0.000000 0.000000 0.100000
vn 0.000000 0.000000 0.100000
vn 0.000000 0.000000 0.100000
vn 0.000000 0.000000 0.100000
vn 0.000000 0.000000 0.100000
vn 0.000000 0.000000 0.100000
vn -0.086909 0.049465 0.000000
vn -0.095602 0.029332 0.000000
vn -0.086909 0.049465 0.000000
vn -0.095602 0.029332 0.000000
vn -0.098439 0.017599 0.000000
vn -0.098439 0.017599 0.000000
vn -0.099959 0.002858 0.000000
vn -0.099959 0.002858 0.000000
vn -0.098972 -0.014300 0.000000
vn -0.098972 -0.014300 0.000000
vn -0.095659 -0.029143 0.000000
vn -0.095659 -0.029143 0.000000
vn -0.089561 -0.044483 0.000000
vn -0.089561 -0.044483 0.000000
vn -0.081056 -0.058566 0.000000
vn -0.081056 -0.058566 0.000000
vn -0.070237 -0.071182 0.000000
vn -0.070237 -0.071182 0.000000
vn -0.054911 -0.083575 0.000000
vn -0.054911 -0.083575 0.000000
vn -0.034732 -0.093775 0.000000
vn -0.034732 -0.093775 0.000000
vn -0.015070 -0.098858 0.000000
vn -0.015070 -0.098858 0.000000
vn 0.004213 -0.099911 0.000000
vn 0.004213 -0.099911 0.000000
vn 0.026323 -0.096473 0.000000
vn 0.026323 -0.096473 0.000000
vn 0.044921 -0.089342 0.000000
vn 0.044921 -0.089342 0.000000
vn 0.059146 -0.080633 0.000000
vn 0.059146 -0.080633 0.000000
vn 0.072728 -0.068634 0.000000
vn 0.072728 -0.068634 0.000000
vn 0.084835 -0.052943 0.000000
vn 0.084835 -0.052943 0.000000
vn 0.092980 -0.036807 0.000000
vn 0.092980 -0.036807 0.000000
vn 0.097855 -0.020603 0.000000
vn 0.097855 -0.020603 0.000000
vn 0.099966 -0.002621 0.000000
vn 0.099966 -0.002621 0.000000
vn 0.098819 0.015322 0.000000
vn 0.098819 0.015322 0.000000
vn 0.093336 0.035895 0.000000
vn 0.093336 0.035895 0.000000
vn 0.087491 0.048429 0.000000
vn 0.087491 0.048429 0.000000
vn 0.078926 0.061406 0.000000
vn 0.078926 0.061406 0.000000
vn 0.068270 0.073070 0.000000
vn 0.068270 0.073070 0.000000
vn 0.056678 0.082387 0.000000
vn 0.056678 0.082387 0.000000
vn 0.044723 0.089442 0.000000
vn 0.044723 0.089442 0.000000
vn 0.031971 0.094751 0.000000
vn 0.031971 0.094751 0.000000
vn 0.017155 0.098518 0.000000
vn 0.017155 0.098518 0.000000
vn -0.000496 0.099999 0.000000
vn -0.000496 0.099999 0.000000
vn -0.019761 0.098028 0.000000
vn -0.019761 0.098028 0.000000
vn -0.037906 0.092537 0.000000
vn -0.037906 0.092537 0.000000
vn -0.052632 0.085029 0.000000
vn -0.052632 0.085029 0.000000
vn -0.063321 0.077398 0.000000
vn -0.063321 0.077398 0.000000
vn -0.076554 0.064339 0.000000
vn -0.076554 0.064339 0.000000
vn -0.081591 0.057818 0.000000
vn -0.081591 0.057818 0.000000
vn 0.000000 0.000000 0.100000
vn 0.000000 0.000000 0.100000
vn 0.000000 0.000000 0.100000
vn 0.000000 0.000000 0.100000
vn 0.000000 0.000000 0.100000
vn 0.000000 0.000000 0.100000
vn 0.000000 0.000000 0.100000
vn 0.000000 0.000000 0.100000
vn 0.000000 0.000000 0.100000
vn 0.000000 0.000000 0.100000
vn 0.000000 0.000000 0.100000
vn 0.000000 0.000000 0.100000
vn 0.000000 0.000000 0.100000
vn 0.000000 0.000000 0.100000
vn 0.000000 0.000000 0.100000
vn 0.000000 0.000000 0.100000
vn 0.000000 0.000000 0.100000
vn 0.000000 0.000000 0.100000
vn 0.000000 0.000000 0.100000
vn 0.000000 0.000000 0.100000
vn 0.000000 0.000000 0.100000
vn 0.000000 0.000000 0.100000
vn 0.000000 0.000000 0.100000
vn 0.000000 0.000000 0.100000
vn 0.000000 0.000000 0.100000
vn 0.000000 0.000000 0.100000
vn 0.000000 0.000000 0.100000
vn 0.000000 0.000000 0.100000
vn 0.000000 0.000000 0.100000
vn 0.000000 0.000000 0.100000
vn 0.000000 0.000000 0.100000
vn 0.000000 0.000000 0.100000
vn 0.000000 0.000000 0.100000
vn 0.000000 0.000000 0.100000
vn 0.000000 0.000000 0.100000
vn 0.000000 0.000000 0.100000
vn 0.000000 0.000000 0.100000
vn -0.099862 0.005254 0.000000
vn -0.099607 -0.008855 0.000000
vn -0.099862 0.005254 0.000000
vn -0.099607 -0.008855 0.000000
vn -0.096443 -0.026432 0.000000
vn -0.096443 -0.026432 0.000000
vn -0.089041 -0.045516 0.000000
vn -0.089041 -0.045516 0.000000
vn -0.078455 -0.062007 0.000000
vn -0.078455 -0.062007 0.000000
vn -0.065536 -0.075532 0.000000
vn -0.065536 -0.075532 0.000000
vn -0.048997 -0.087174 0.000000
vn -0.048997 -0.087174 0.000000
vn -0.027390 -0.096176 0.000000
vn -0.027390 -0.096176 0.000000
vn -0.002831 -0.099960 0.000000
vn -0.002831 -0.099960 0.000000
vn 0.021210 -0.097725 0.000000
vn 0.021210 -0.097725 0.000000
vn 0.044260 -0.089672 0.000000
vn 0.044260 -0.089672 0.000000
vn 0.055586 -0.083127 0.000000
vn 0.055586 -0.083127 0.000000
vn 0.066523 -0.074664 0.000000
vn 0.066523 -0.074664 0.000000
vn 0.076499 -0.064404 0.000000
vn 0.076499 -0.064404 0.000000
vn 0.084860 -0.052903 0.000000
vn 0.084860 -0.052903 0.000000
vn 0.095536 -0.029545 0.000000
vn 0.095536 -0.029545 0.000000
vn 0.099561 -0.009360 0.000000
vn 0.099561 -0.009360 0.000000
vn 0.099701 0.007731 0.000000
vn 0.099701 0.007731 0.000000
vn 0.097413 0.022600 0.000000
vn 0.097413 0.022600 0.000000
vn 0.093956 0.034237 0.000000
vn 0.093956 0.034237 0.000000
vn 0.089472 0.044663 0.000000
vn 0.089472 0.044663 0.000000
vn 0.082035 0.057187 0.000000
vn 0.082035 0.057187 0.000000
vn 0.073459 0.067851 0.000000
vn 0.073459 0.067851 0.000000
vn 0.064220 0.076654 0.000000
vn 0.064220 0.076654 0.000000
vn 0.050677 0.086208 0.000000
vn 0.050677 0.086208 0.000000
vn 0.031200 0.095008 0.000000
vn 0.031200 0.095008 0.000000
vn 0.010380 0.099460 0.000000
vn 0.010380 0.099460 0.000000
vn -0.010047 0.099494 0.000000
vn -0.010047 0.099494 0.000000
vn -0.033140 0.094349 0.000000
vn -0.033140 0.094349 0.000000
vn -0.045795 0.088898 0.000000
vn -0.045795 0.088898 0.000000
vn -0.058190 0.081326 0.000000
vn -0.058190 0.081326 0.000000
vn -0.069242 0.072149 0.000000
vn -0.069242 0.072149 0.000000
vn -0.078190 0.062340 0.000000
vn -0.078190 0.062340 0.000000
vn -0.089474 0.044659 0.000000
vn -0.089474 0.044659 0.000000
vn -0.094902 0.031523 0.000000
vn -0.094902 0.031523 0.000000
vn -0.098175 0.019017 0.000000
vn -0.098175 0.019017 0.000000
vn 0.000000 0.000000 0.100000
vn 0.000000 0.000000 0.100000
vn 0.000000 0.000000 0.100000
vn 0.000000 0.000000 0.100000
vn 0.000000 0.000000 0.100000
vn 0.000000 0.000000 0.100000
vn 0.000000 0.000000 0.100000
vn 0.000000 0.000000 0.100000
vn 0.000000 0.000000 0.100000
vn 0.000000 0.000000 0.100000
vn 0.000000 0.000000 0.100000
vn 0.000000 0.000000 0.100000
vn 0.000000 0.000000 0.100000
vn 0.000000 0.000000 0.100000
vn 0.000000 0.000000 0.100000
vn 0.000000 0.000000 0.100000
vn 0.000000 0.000000 0.100000
vn 0.000000 0.000000 0.100000
vn 0.000000 0.000000 0.100000
vn 0.000000 0.000000 0.100000
vn 0.000000 0.000000 0.100000
vn 0.000000 0.000000 0.100000
vn 0.000000 0.000000 0.100000
vn 0.000000 0.000000 0.100000
vn 0.000000 0.000000 0.100000
vn 0.000000 0.000000 0.100000
vn 0.000000 0.000000 0.100000
vn 0.000000 0.000000 0.100000
vn 0.000000 0.000000 0.100000
vn 0.000000 0.000000 0.100000
vn 0.000000 0.000000 0.100000
vn 0.000000 0.000000 0.100000
vn 0.000000 0.000000 0.100000
vn 0.000000 0.000000 0.100000
vn 0.000000 0.000000 0.100000
vn 0.000000 0.000000 0.100000
vn -0.085368 0.052081 0.000000
vn -0.091717 0.039849 0.000000
vn -0.085368 0.052081 0.000000
vn -0.091717 0.039849 0.000000
vn -0.096191 0.027338 0.000000
vn -0.096191 0.027338 0.000000
vn -0.099918 0.004059 0.000000
vn -0.099918 0.004059 0.000000
vn -0.098923 -0.014634 0.000000
vn -0.098923 -0.014634 0.000000
vn -0.095845 -0.028524 0.000000
vn -0.095845 -0.028524 0.000000
vn -0.088807 -0.045971 0.000000
vn -0.088807 -0.045971 0.000000
vn -0.083170 -0.055523 0.000000
vn -0.083170 -0.055523 0.000000
vn -0.076240 -0.064711 0.000000
vn -0.076240 -0.064711 0.000000
vn -0.072550 -0.068822 0.000000
vn -0.072550 -0.068822 0.000000
vn -0.068262 -0.073077 0.000000
vn -0.068262 -0.073077 0.000000
vn -0.063819 -0.076988 0.000000
vn -0.063819 -0.076988 0.000000
vn -0.058890 -0.080820 0.000000
vn -0.058890 -0.080820 0.000000
vn -0.047969 -0.087744 0.000000
vn -0.047969 -0.087744 0.000000
vn -0.032748 -0.094486 0.000000
vn -0.032748 -0.094486 0.000000
vn -0.019707 -0.098039 0.000000
vn -0.019707 -0.098039 0.000000
vn 0.000530 -0.099999 0.000000
vn 0.000530 -0.099999 0.000000
vn 0.015327 -0.098818 0.000000
vn 0.015327 -0.098818 0.000000
vn 0.033964 -0.094055 0.000000
vn 0.033964 -0.094055 0.000000
vn 0.054242 -0.084011 0.000000
vn 0.054242 -0.084011 0.000000
vn 0.071062 -0.070358 0.000000
vn 0.071062 -0.070358 0.000000
vn 0.086651 -0.049915 0.000000
vn 0.086651 -0.049915 0.000000
vn 0.092262 -0.038572 0.000000
vn 0.092262 -0.038572 0.000000
vn 0.044347 0.089629 0.000000
vn 0.023128 0.097289 0.000000
vn 0.044347 0.089629 0.000000
vn 0.023128 0.097289 0.000000
vn 0.003300 0.099946 0.000000
vn 0.003300 0.099946 0.000000
vn -0.011142 0.099377 0.000000
vn -0.011142 0.099377 0.000000
vn -0.022183 0.097509 0.000000
vn -0.043879 0.089859 0.000000
vn -0.058813 0.080877 0.000000
vn -0.069923 0.071490 0.000000
vn -0.083542 0.054961 0.000000
vn -0.090467 0.042612 0.000000
vn -0.096272 0.027049 0.000000
vn -0.099618 0.008730 0.000000
vn -0.099411 -0.010842 0.000000
vn -0.099618 0.008730 0.000000
vn -0.096272 0.027049 0.000000
vn -0.090467 0.042612 0.000000
vn -0.099411 -0.010842 0.000000
vn -0.095537 -0.029542 0.000000
vn -0.095537 -0.029542 0.000000
vn -0.088977 -0.045642 0.000000
vn -0.088977 -0.045642 0.000000
vn -0.081139 -0.058451 0.000000
vn -0.081139 -0.058451 0.000000
vn -0.073169 -0.068164 0.000000
vn -0.073169 -0.068164 0.000000
vn -0.083542 0.054961 0.000000
vn -0.069923 0.071490 0.000000
vn -0.058813 0.080877 0.000000
vn -0.043879 0.089859 0.000000
vn -0.022183 0.097509 0.000000
vn 0.099999 -0.000370 0.000000
vn 0.099501 0.009982 0.000000
vn 0.099999 -0.000370 0.000000
vn 0.099501 0.009982 0.000000
vn 0.096832 0.024972 0.000000
vn 0.096832 0.024972 0.000000
vn 0.093932 0.034303 0.000000
vn 0.093932 0.034303 0.000000
vn 0.086396 0.050356 0.000000
vn 0.086396 0.050356 0.000000
vn 0.081169 0.058409 0.000000
vn 0.081169 0.058409 0.000000
vn 0.067231 0.074027 0.000000
vn 0.067231 0.074027 0.000000
vn 0.059707 0.080219 0.000000
vn 0.059707 0.080219 0.000000
vn 0.052953 0.084829 0.000000
vn 0.052953 0.084829 0.000000
vn 0.034151 0.093988 0.000000
vn 0.034151 0.093988 0.000000
vn 0.000000 0.000000 0.100000
vn 0.000000 0.000000 0.100000
vn 0.000000 0.000000 0.100000
vn 0.000000 0.000000 0.100000
vn 0.000000 0.000000 0.100000
vn 0.000000 0.000000 0.100000
vn 0.000000 0.000000 0.100000
vn 0.000000 0.000000 0.100000
vn 0.000000 0.000000 0.100000
vn 0.000000 0.000000 0.100000
vn 0.000000 0.000000 0.100000
vn 0.000000 0.000000 0.100000
vn 0.000000 0.000000 0.100000
vn 0.000000 0.000000 0.100000
vn 0.000000 0.000000 0.100000
vn 0.000000 0.000000 0.100000
vn 0.000000 0.000000 0.100000
vn 0.000000 0.000000 0.100000
vn 0.000000 0.000000 0.100000
vn 0.000000 0.000000 0.100000
vn 0.000000 0.000000 0.100000
vn 0.000000 0.000000 0.100000
vn 0.000000 0.000000 0.100000
vn 0.000000 0.000000 0.100000
vn 0.000000 0.000000 0.100000
vn 0.000000 0.000000 0.100000
vn 0.000000 0.000000 0.100000
vn 0.000000 0.000000 0.100000
vn 0.000000 0.000000 0.100000
vn 0.000000 0.000000 0.100000
vn 0.000000 0.000000 0.100000
vn 0.000000 0.000000 0.100000
vn 0.000000 0.000000 0.100000
vn 0.000000 0.000000 0.100000
vn 0.000000 0.000000 0.100000
vn 0.000000 0.000000 0.100000
vn 0.000000 0.000000 0.100000
vn 0.000000 0.000000 0.100000
vn 0.000000 0.000000 0.100000
vn 0.000000 0.000000 0.100000
vn 0.000000 0.000000 0.100000
vn 0.000000 0.000000 0.100000
vn 0.000000 0.000000 0.100000
vn 0.000000 0.000000 0.100000
vn 0.000000 0.000000 0.100000
vn 0.000000 0.000000 0.100000
vn 0.000000 0.000000 0.100000
vn -0.067471 0.073809 0.000000
vn -0.076626 0.064253 0.000000
vn -0.067471 0.073809 0.000000
vn -0.076626 0.064253 0.000000
vn -0.087941 0.047607 0.000000
vn -0.087941 0.047607 0.000000
vn -0.093457 0.035578 0.000000
vn -0.093457 0.035578 0.000000
vn -0.097638 0.021604 0.000000
vn -0.097638 0.021604 0.000000
vn -0.099766 0.006840 0.000000
vn -0.099766 0.006840 0.000000
vn -0.099701 -0.007725 0.000000
vn -0.099701 -0.007725 0.000000
vn -0.097649 -0.021557 0.000000
vn -0.097649 -0.021557 0.000000
vn -0.093862 -0.034494 0.000000
vn -0.093862 -0.034494 0.000000
vn -0.088482 -0.046593 0.000000
vn -0.088482 -0.046593 0.000000
vn -0.081523 -0.057914 0.000000
vn -0.081523 -0.057914 0.000000
vn -0.073008 -0.068336 0.000000
vn -0.073008 -0.068336 0.000000
vn -0.063196 -0.077500 0.000000
vn -0.063196 -0.077500 0.000000
vn -0.042115 -0.090699 0.000000
vn -0.042115 -0.090699 0.000000
vn -0.023015 -0.097315 0.000000
vn -0.023015 -0.097315 0.000000
vn -0.006040 -0.099817 0.000000
vn -0.006040 -0.099817 0.000000
vn 0.011527 -0.099333 0.000000
vn 0.011527 -0.099333 0.000000
vn 0.029901 -0.095425 0.000000
vn 0.029901 -0.095425 0.000000
vn 0.046248 -0.088663 0.000000
vn 0.046248 -0.088663 0.000000
vn 0.059656 -0.080257 0.000000
vn 0.059656 -0.080257 0.000000
vn 0.071460 -0.069954 0.000000
vn 0.071460 -0.069954 0.000000
vn 0.081632 -0.057760 0.000000
vn 0.081632 -0.057760 0.000000
vn 0.090376 -0.042804 0.000000
vn 0.090376 -0.042804 0.000000
vn 0.097364 -0.022809 0.000000
vn 0.097364 -0.022809 0.000000
vn 0.100000 0.000169 0.000000
vn 0.100000 0.000169 0.000000
vn 0.098046 0.019670 0.000000
vn 0.098046 0.019670 0.000000
vn 0.093576 0.035263 0.000000
vn 0.093576 0.035263 0.000000
vn 0.085375 0.052068 0.000000
vn 0.085375 0.052068 0.000000
vn 0.071411 0.070003 0.000000
vn 0.071411 0.070003 0.000000
vn 0.054921 0.083569 0.000000
vn 0.054921 0.083569 0.000000
vn 0.039622 0.091816 0.000000
vn 0.039622 0.091816 0.000000
vn 0.023695 0.097152 0.000000
vn 0.023695 0.097152 0.000000
vn 0.003901 0.099924 0.000000
vn 0.003901 0.099924 0.000000
vn -0.016210 0.098677 0.000000
vn -0.016210 0.098677 0.000000
vn -0.030758 0.095152 0.000000
vn -0.030758 0.095152 0.000000
vn -0.041797 0.090846 0.000000
vn -0.041797 0.090846 0.000000
vn -0.055516 0.083174 0.000000
vn -0.055516 0.083174 0.000000
vn 0.000000 0.000000 0.100000
vn 0.000000 0.000000 0.100000
vn 0.000000 0.000000 0.100000
vn 0.000000 0.000000 0.100000
vn 0.000000 0.000000 0.100000
vn 0.000000 0.000000 0.100000
vn 0.000000 0.000000 0.100000
vn 0.000000 0.000000 0.100000
vn 0.000000 0.000000 0.100000
vn 0.000000 0.000000 0.100000
vn 0.000000 0.000000 0.100000
vn 0.000000 0.000000 0.100000
vn 0.000000 0.000000 0.100000
vn 0.000000 0.000000 0.100000
vn 0.000000 0.000000 0.100000
vn 0.000000 0.000000 0.100000
vn 0.000000 0.000000 0.100000
vn 0.000000 0.000000 0.100000
vn 0.000000 0.000000 0.100000
vn 0.000000 0.000000 0.100000
vn 0.000000 0.000000 0.100000
vn 0.000000 0.000000 0.100000
vn 0.000000 0.000000 0.100000
vn 0.000000 0.000000 0.100000
vn 0.000000 0.000000 0.100000
vn 0.000000 0.000000 0.100000
vn 0.000000 0.000000 0.100000
vn 0.000000 0.000000 0.100000
vn 0.000000 0.000000 0.100000
vn 0.000000 0.000000 0.100000
vn 0.000000 0.000000 0.100000
vn 0.000000 0.000000 0.100000
vn 0.000000 0.000000 0.100000
vn 0.000000 0.000000 0.100000
vn 0.000000 0.000000 0.100000
vn 0.000000 0.000000 0.100000
vn 0.000000 0.000000 0.100000
vn 0.000000 0.000000 0.100000
vn 0.000000 0.000000 0.100000
vn 0.000000 0.000000 0.100000
vn 0.000000 0.000000 0.100000
vn 0.000000 0.000000 0.100000
vn 0.000000 0.000000 0.100000
vn 0.000000 0.000000 0.100000
vn 0.000000 0.000000 0.100000
vn 0.000000 0.000000 0.100000
vn 0.000000 0.000000 0.100000
vn 0.000000 0.000000 0.100000
vn 0.000000 0.000000 0.100000
vn 0.000000 0.000000 0.100000
vn 0.000000 0.000000 0.100000
vn 0.000000 0.000000 0.100000
vn 0.000000 0.000000 0.100000
vn 0.000000 0.000000 0.100000
vn 0.000000 0.000000 0.100000
vn 0.000000 0.000000 0.100000
vn 0.000000 0.000000 0.100000
vn 0.000000 0.000000 0.100000
vn 0.000000 0.000000 0.100000
vn 0.000000 0.000000 0.100000
vn 0.000000 0.000000 0.100000
vn 0.000000 0.000000 0.100000
vn 0.000000 0.000000 0.100000
vn 0.000000 0.000000 0.100000
vn 0.000000 0.000000 0.100000
vn 0.000000 0.000000 0.100000
vn 0.000000 0.000000 0.100000
vn 0.000000 0.000000 0.100000
vn 0.000000 0.000000 0.100000
vn 0.000000 0.000000 0.100000
vn 0.000000 0.000000 0.100000
vn 0.000000 0.000000 0.100000
vn 0.000000 0.000000 0.100000
vn 0.000000 0.000000 0.100000
vn 0.000000 0.000000 0.100000
vn 0.000000 0.000000 0.100000
vn 0.000000 0.000000 0.100000
vn 0.000000 0.000000 0.100000
vn 0.000000 0.000000 0.100000
vn 0.000000 0.000000 0.100000
vn 0.000000 0.000000 0.100000
vn 0.000000 0.000000 0.100000
vn 0.000000 0.000000 0.100000
vn 0.000000 0.000000 0.100000
vn 0.000000 0.000000 0.100000
vn 0.000000 0.000000 0.100000
vn 0.000000 0.000000 0.100000
vn 0.000000 0.000000 0.100000
vn 0.000000 0.000000 0.100000
vn 0.000000 0.000000 0.100000
vn 0.000000 0.000000 0.100000
vn 0.000000 0.000000 0.100000
vn 0.000000 0.000000 0.100000
vn 0.000000 0.000000 0.100000
vn 0.000000 0.000000 0.100000
vn 0.000000 0.000000 0.100000
vn 0.000000 0.000000 0.100000
vn 0.000000 0.000000 0.100000
vn 0.000000 0.000000 0.100000
vn 0.000000 0.000000 0.100000
vn 0.000000 0.000000 0.100000
vn 0.000000 0.000000 0.100000
vn 0.000000 0.000000 0.100000
vn 0.000000 0.000000 0.100000
vn 0.000000 0.000000 0.100000
vn 0.000000 0.000000 0.100000
vn 0.000000 0.000000 0.100000
vn 0.000000 0.000000 0.100000
vn 0.000000 0.000000 0.100000
vn 0.000000 0.000000 0.100000
vn 0.000000 0.000000 0.100000
vn 0.000000 0.000000 0.100000
vn 0.000000 0.000000 0.100000
vn 0.000000 0.000000 0.100000
vn 0.000000 0.000000 0.100000
vn 0.000000 0.000000 0.100000
vn 0.000000 0.000000 0.100000
vn 0.000000 0.000000 0.100000
vn 0.000000 0.000000 0.100000
vn 0.000000 0.000000 0.100000
vn 0.000000 0.000000 0.100000
vn 0.000000 0.000000 0.100000
vn 0.000000 0.000000 0.100000
vn 0.000000 0.000000 0.100000
vn 0.000000 0.000000 0.100000
vn 0.000000 0.000000 0.100000
vn 0.000000 0.000000 0.100000
vn 0.000000 0.000000 0.100000
vn 0.000000 0.000000 0.100000
vn 0.000000 0.000000 0.100000
vn 0.000000 0.000000 0.100000
vn 0.000000 0.000000 0.100000
vn 0.000000 0.000000 0.100000
vn 0.000000 0.000000 0.100000
vn 0.000000 0.000000 0.100000
vn 0.000000 0.000000 0.100000
vn 0.000000 0.000000 0.100000
vn 0.000000 0.000000 0.100000
vn 0.000000 0.000000 0.100000
vn 0.000000 0.000000 0.100000
vn 0.000000 0.000000 0.100000
vn 0.000000 0.000000 0.100000
vn 0.000000 0.000000 0.100000
vn 0.000000 0.000000 0.100000
vn 0.000000 0.000000 0.100000
vn 0.000000 0.000000 0.100000
vn 0.000000 0.000000 0.100000
vn 0.000000 0.000000 0.100000
vn 0.000000 0.000000 0.100000
vn 0.000000 0.000000 0.100000
vn 0.000000 0.000000 0.100000
vn 0.000000 0.000000 0.100000
vn 0.000000 0.000000 0.100000
vn 0.000000 0.000000 0.100000
vn 0.000000 0.000000 0.100000
vn 0.000000 0.000000 0.100000
vn 0.000000 0.000000 0.100000
vn 0.000000 0.000000 0.100000
vn 0.000000 0.000000 0.100000
vn 0.000000 0.000000 0.100000
vn 0.000000 0.000000 0.100000
vn 0.000000 0.000000 0.100000
vn 0.000000 0.000000 0.100000
vn 0.000000 0.000000 0.100000
vn 0.000000 0.000000 0.100000
vn 0.000000 0.000000 0.100000
vn 0.000000 0.000000 0.100000
vn 0.000000 0.000000 0.100000
vn 0.000000 0.000000 0.100000
vn 0.000000 0.000000 0.100000
vn 0.000000 0.000000 0.100000
vn 0.000000 0.000000 0.100000
vn 0.000000 0.000000 0.100000
vn 0.000000 0.000000 0.100000
vn 0.000000 0.000000 0.100000
vn 0.000000 0.000000 0.100000
vn 0.000000 0.000000 0.100000
vn 0.000000 0.000000 0.100000
vn 0.000000 0.000000 0.100000
vn 0.000000 0.000000 0.100000
vn 0.000000 0.000000 0.100000
vn 0.000000 0.000000 0.100000
vn 0.000000 0.000000 0.100000
vn 0.000000 0.000000 0.100000
vn 0.000000 0.000000 0.100000
vn 0.000000 0.000000 0.100000
vn 0.000000 0.000000 0.100000
vn 0.000000 0.000000 0.100000
vn 0.000000 0.000000 0.100000
vn 0.000000 0.000000 0.100000
vn 0.000000 0.000000 0.100000
vn 0.000000 0.000000 0.100000
vn 0.000000 0.000000 0.100000
vn 0.000000 0.000000 0.100000
vn 0.000000 0.000000 0.100000
vn 0.000000 0.000000 0.100000
vn 0.000000 0.000000 0.100000
vn 0.000000 0.000000 0.100000
vn 0.000000 0.000000 0.100000
vn 0.000000 0.000000 0.100000
vn 0.000000 0.000000 0.100000
vn 0.000000 0.000000 0.100000
vn 0.000000 0.000000 0.100000
vn 0.000000 0.000000 0.100000
vn 0.000000 0.000000 0.100000
vn 0.000000 0.000000 0.100000
vn 0.000000 0.000000 0.100000
vn 0.000000 0.000000 0.100000
vn 0.000000 0.000000 0.100000
vn 0.000000 0.000000 0.100000
vn 0.000000 0.000000 0.100000
vn 0.000000 0.000000 0.100000
vn 0.000000 0.000000 0.100000
vn 0.000000 0.000000 0.100000
vn 0.000000 0.000000 0.100000
vn 0.000000 0.000000 0.100000
vn 0.000000 0.000000 0.100000
vn 0.000000 0.000000 0.100000
vn 0.000000 0.000000 0.100000
vn 0.000000 0.000000 0.100000
vn 0.000000 0.000000 0.100000
vn 0.000000 0.000000 0.100000
vn 0.000000 0.000000 0.100000
vn 0.000000 0.000000 0.100000
vn 0.000000 0.000000 0.100000
vn 0.000000 0.000000 0.100000
vn 0.000000 0.000000 0.100000
vn 0.000000 0.000000 0.100000
vn 0.000000 0.000000 0.100000
vn 0.000000 0.000000 0.100000
vn 0.000000 0.000000 0.100000
vn 0.000000 0.000000 0.100000
vn 0.000000 0.000000 0.100000
vn 0.000000 0.000000 0.100000
vn 0.000000 0.000000 0.100000
vn 0.000000 0.000000 0.100000
vn 0.000000 0.000000 0.100000
vn 0.000000 0.000000 0.100000
vn 0.000000 0.000000 0.100000
vn 0.000000 0.000000 0.100000
vn 0.000000 0.000000 0.100000
vn 0.000000 0.000000 0.100000
vn 0.000000 0.000000 0.100000
vn 0.000000 0.000000 0.100000
vn 0.000000 0.000000 0.100000
vn 0.000000 0.000000 0.100000
vn 0.000000 0.000000 0.100000
vn 0.000000 0.000000 0.100000
vn 0.000000 0.000000 0.100000
vn 0.000000 0.000000 0.100000
vn 0.000000 0.000000 0.100000
vn 0.000000 0.000000 0.100000
vn 0.000000 0.000000 0.100000
vn 0.000000 0.000000 0.100000
vn 0.000000 0.000000 0.100000
vn 0.000000 0.000000 0.100000
vn 0.000000 0.000000 0.100000
vn 0.000000 0.000000 0.100000
vn 0.000000 0.000000 0.100000
vn 0.000000 0.000000 0.100000
vn 0.000000 0.000000 0.100000
vn 0.000000 0.000000 0.100000
vn 0.000000 0.000000 0.100000
vn 0.000000 0.000000 0.100000
vn 0.000000 0.000000 0.100000
vn 0.000000 0.000000 0.100000
vn 0.000000 0.000000 0.100000
vn 0.000000 0.000000 0.100000
vn 0.000000 0.000000 0.100000
vn 0.000000 0.000000 0.100000
vn 0.000000 0.000000 0.100000
vn 0.000000 0.000000 0.100000
vn 0.000000 0.000000 0.100000
vn 0.000000 0.000000 0.100000
vn 0.000000 0.000000 0.100000
vn 0.000000 0.000000 0.100000
vn 0.000000 0.000000 0.100000
vn 0.000000 0.000000 0.100000
vn 0.000000 0.000000 0.100000
vn 0.000000 0.000000 0.100000
vn 0.000000 0.000000 0.100000
vn 0.000000 0.000000 0.100000
vn 0.000000 0.000000 0.100000
vn 0.000000 0.000000 0.100000
vn 0.000000 0.000000 0.100000
vn 0.000000 0.000000 0.100000
vn 0.000000 0.000000 0.100000
vn 0.000000 0.000000 0.100000
vn 0.000000 0.000000 0.100000
vn 0.000000 0.000000 0.100000
vn 0.000000 0.000000 0.100000
vn 0.000000 0.000000 0.100000
vn 0.000000 0.000000 0.100000
vn 0.000000 0.000000 0.100000
vn 0.000000 0.000000 0.100000
vn 0.000000 0.000000 0.100000
vn 0.000000 0.000000 0.100000
vn 0.000000 0.000000 0.100000
vn 0.000000 0.000000 0.100000
vn 0.000000 0.000000 0.100000
vn 0.000000 0.000000 0.100000
vn 0.000000 0.000000 0.100000
vn 0.000000 0.000000 0.100000
vn 0.000000 0.000000 0.100000
vn 0.000000 0.000000 0.100000
vn 0.000000 0.000000 0.100000
vn 0.000000 0.000000 0.100000
vn 0.000000 0.000000 0.100000
vn 0.000000 0.000000 0.100000
vn 0.000000 0.000000 0.100000
vn 0.000000 0.000000 0.100000
vn 0.000000 0.000000 0.100000
vn 0.000000 0.000000 0.100000
vn 0.000000 0.000000 0.100000
vn 0.000000 0.000000 0.100000
vn 0.000000 0.000000 0.100000
vn 0.000000 0.000000 0.100000
vn 0.000000 0.000000 0.100000
vn 0.000000 0.000000 0.100000
vn 0.000000 0.000000 0.100000
vn 0.000000 0.000000 0.100000
vn 0.000000 0.000000 0.100000
vn 0.000000 0.000000 0.100000
vn 0.000000 0.000000 0.100000
vn 0.000000 0.000000 0.100000
vn 0.000000 0.000000 0.100000
vn 0.000000 0.000000 0.100000
vn 0.000000 0.000000 0.100000
vn 0.000000 0.000000 0.100000
vn 0.000000 0.000000 0.100000
vn 0.000000 0.000000 0.100000
vn 0.000000 0.000000 0.100000
vn 0.000000 0.000000 0.100000
vn 0.000000 0.000000 0.100000
vn 0.000000 0.000000 0.100000
vn 0.000000 0.000000 0.100000
vn 0.000000 0.000000 0.100000
vn 0.000000 0.000000 0.100000
vn 0.000000 0.000000 0.100000
vn 0.000000 0.000000 0.100000
vn 0.000000 0.000000 0.100000
vn 0.000000 0.000000 0.100000
vn 0.000000 0.000000 0.100000
vn 0.000000 0.000000 0.100000
vn 0.000000 0.000000 0.100000
vn 0.000000 0.000000 0.100000
vn 0.000000 0.000000 0.100000
vn 0.000000 0.000000 0.100000
vn 0.000000 0.000000 0.100000
vn 0.000000 0.000000 0.100000
vn 0.000000 0.000000 0.100000
vn 0.000000 0.000000 0.100000
vn 0.000000 0.000000 0.100000
vn 0.000000 0.000000 0.100000
vn 0.000000 0.000000 0.100000
vn 0.000000 0.000000 0.100000
vn 0.000000 0.000000 0.100000
vn 0.000000 0.000000 0.100000
vn 0.000000 0.000000 0.100000
vn 0.000000 0.000000 0.100000
vn 0.000000 0.000000 0.100000
vn 0.000000 0.000000 0.100000
vn 0.000000 0.000000 0.100000
vn 0.000000 0.000000 0.100000
vn 0.000000 0.000000 0.100000
vn 0.000000 0.000000 0.100000
vn 0.000000 0.000000 0.100000
vn 0.000000 0.000000 0.100000
vn 0.000000 0.000000 0.100000
vn 0.000000 0.000000 0.100000
vn 0.000000 0.000000 0.100000
vn 0.000000 0.000000 0.100000
vn 0.000000 0.000000 0.100000
vn 0.000000 0.000000 0.100000
vn 0.000000 0.000000 0.100000
vn 0.000000 0.000000 0.100000
vn 0.000000 0.000000 0.100000
vn 0.000000 0.000000 0.100000
vn 0.000000 0.000000 0.100000
vn 0.000000 0.000000 0.100000
vn 0.000000 0.000000 0.100000
vn 0.000000 0.000000 0.100000
vn 0.000000 0.000000 0.100000
vn 0.000000 0.000000 0.100000
vn 0.000000 0.000000 0.100000
vn 0.000000 0.000000 0.100000
vn 0.000000 0.000000 0.100000
vn 0.000000 0.000000 0.100000
vn 0.000000 0.000000 0.100000
vn 0.000000 0.000000 0.100000
vn 0.000000 0.000000 0.100000
vn 0.000000 0.000000 0.100000
vn 0.000000 0.000000 0.100000
vn 0.000000 0.000000 0.100000
vn 0.000000 0.000000 0.100000
vn 0.000000 0.000000 0.100000
vn 0.000000 0.000000 0.100000
vn 0.000000 0.000000 0.100000
vn 0.000000 0.000000 0.100000
vn 0.000000 0.000000 0.100000
vn 0.000000 0.000000 0.100000
vn 0.000000 0.000000 0.100000
vn 0.000000 0.000000 0.100000
vn 0.000000 0.000000 0.100000
vn 0.000000 0.000000 0.100000
vn 0.000000 0.000000 0.100000
vn 0.000000 0.000000 0.100000
vn 0.000000 0.000000 0.100000
vn 0.000000 0.000000 0.100000
vn 0.000000 0.000000 0.100000
vn 0.000000 0.000000 0.100000
vn 0.000000 0.000000 0.100000
vn 0.000000 0.000000 0.100000
vn 0.000000 0.000000 0.100000
vn 0.000000 0.000000 0.100000
vn 0.000000 0.000000 0.100000
vn 0.000000 0.000000 0.100000
vn 0.000000 0.000000 0.100000
vn 0.000000 0.000000 0.100000
vn 0.000000 0.000000 0.100000
vn 0.000000 0.000000 0.100000
vn 0.000000 0.000000 0.100000
vn 0.000000 0.000000 0.100000
vn 0.000000 0.000000 0.100000
vn 0.000000 0.000000 0.100000
vn 0.000000 0.000000 0.100000
vn 0.000000 0.000000 0.100000
vn 0.000000 0.000000 0.100000
vn 0.000000 0.000000 0.100000
vn 0.000000 0.000000 0.100000
vn 0.000000 0.000000 0.100000
vn 0.000000 0.000000 0.100000
vn 0.000000 0.000000 0.100000
vn 0.000000 0.000000 0.100000
vn 0.000000 0.000000 0.100000
vn 0.000000 0.000000 0.100000
vn 0.000000 0.000000 0.100000
vn 0.000000 0.000000 0.100000
vn 0.000000 0.000000 0.100000
vn 0.000000 0.000000 0.100000
vn 0.000000 0.000000 0.100000
vn 0.000000 0.000000 0.100000
vn 0.000000 0.000000 0.100000
vn 0.000000 0.000000 0.100000
vn 0.000000 0.000000 0.100000
vn 0.000000 0.000000 0.100000
vn 0.000000 0.000000 0.100000
vn 0.000000 0.000000 0.100000
vn 0.000000 0.000000 0.100000
vn 0.000000 0.000000 0.100000
vn 0.000000 0.000000 0.100000
vn 0.000000 0.000000 0.100000
vn 0.000000 0.000000 0.100000
vn 0.000000 0.000000 0.100000
vn 0.000000 0.000000 0.100000
vn 0.000000 0.000000 0.100000
vn 0.000000 0.000000 0.100000
vn 0.000000 0.000000 0.100000
vn 0.000000 0.000000 0.100000
vn 0.000000 0.000000 0.100000
vn 0.000000 0.000000 0.100000
vn 0.000000 0.000000 0.100000
vn 0.000000 0.000000 0.100000
vn 0.000000 0.000000 0.100000
vn 0.000000 0.000000 0.100000
vn 0.000000 0.000000 0.100000
vn 0.000000 0.000000 0.100000
vn 0.000000 0.000000 0.100000
vn 0.000000 0.000000 0.100000
vn 0.000000 0.000000 0.100000
vn 0.000000 0.000000 0.100000
vn 0.000000 0.000000 0.100000
vn 0.000000 0.000000 0.100000
vn 0.000000 0.000000 0.100000
vn 0.000000 0.000000 0.100000
vn 0.000000 0.000000 0.100000
vn 0.000000 0.000000 0.100000
vn 0.000000 0.000000 0.100000
vn 0.000000 0.000000 0.100000
vn 0.000000 0.000000 0.100000
vn 0.000000 0.000000 0.100000
vn 0.000000 0.000000 0.100000
vn 0.000000 0.000000 0.100000
vn 0.000000 0.000000 0.100000
vn 0.000000 0.000000 0.100000
vn 0.000000 0.000000 0.100000
vn 0.000000 0.000000 0.100000
vn 0.000000 0.000000 0.100000
vn 0.000000 0.000000 0.100000
vn 0.000000 0.000000 0.100000
vn 0.000000 0.000000 0.100000
vn 0.000000 0.000000 0.100000
vn 0.000000 0.000000 0.100000
vn 0.000000 0.000000 0.100000
vn 0.000000 0.000000 0.100000
vn 0.000000 0.000000 0.100000
vn 0.000000 0.000000 0.100000
vn 0.000000 0.000000 0.100000
vn 0.000000 0.000000 0.100000
vn 0.000000 0.000000 0.100000
vn 0.000000 0.000000 0.100000
vn 0.000000 0.000000 0.100000
vn 0.000000 0.000000 0.100000
vn 0.000000 0.000000 0.100000
vn 0.000000 0.000000 0.100000
vn 0.000000 0.000000 0.100000
vn 0.000000 0.000000 0.100000
vn 0.000000 0.000000 0.100000
vn 0.000000 0.000000 0.100000
vn 0.000000 0.000000 0.100000
vn 0.000000 0.000000 0.100000
vn 0.000000 0.000000 0.100000
vn 0.000000 0.000000 0.100000
vn 0.000000 0.000000 0.100000
vn 0.000000 0.000000 0.100000
vn 0.000000 0.000000 0.100000
vn 0.000000 0.000000 0.100000
vn 0.000000 0.000000 0.100000
vn 0.000000 0.000000 0.100000
vn 0.000000 0.000000 0.100000
vn 0.000000 0.000000 0.100000
vn 0.000000 0.000000 0.100000
vn 0.000000 0.000000 0.100000
vn 0.000000 0.000000 0.100000
vn 0.000000 0.000000 0.100000
vn 0.000000 0.000000 0.100000
vn 0.000000 0.000000 0.100000
vn 0.000000 0.000000 0.100000
vn 0.000000 0.000000 0.100000
vn 0.000000 0.000000 0.100000
vn 0.000000 0.000000 0.100000
vn 0.000000 0.000000 0.100000
vn 0.000000 0.000000 0.100000
vn 0.000000 0.000000 0.100000
vn 0.000000 0.000000 0.100000
vn 0.000000 0.000000 0.100000
vn 0.000000 0.000000 0.100000
vn 0.000000 0.000000 0.100000
vn 0.000000 0.000000 0.100000
vn 0.000000 0.000000 0.100000
vn 0.000000 0.000000 0.100000
vn 0.000000 0.000000 0.100000
vn 0.000000 0.000000 0.100000
vn 0.000000 0.000000 0.100000
vn 0.000000 0.000000 0.100000
vn 0.000000 0.000000 0.100000
vn 0.000000 0.000000 0.100000
vn 0.000000 0.000000 0.100000
vn 0.000000 0.000000 0.100000
vn 0.000000 0.000000 0.100000
vn 0.000000 0.000000 0.100000
vn 0.000000 0.000000 0.100000
vn 0.000000 0.000000 0.100000
vn 0.000000 0.000000 0.100000
vn 0.000000 0.000000 0.100000
vn 0.000000 0.000000 0.100000
vn 0.000000 0.000000 0.100000
vn 0.000000 0.000000 0.100000
vn 0.000000 0.000000 0.100000
vn 0.000000 0.000000 0.100000
vn 0.000000 0.000000 0.100000
vn 0.000000 0.000000 0.100000
vn 0.000000 0.000000 0.100000
vn 0.000000 0.000000 0.100000
vn 0.000000 0.000000 0.100000
vn 0.000000 0.000000 0.100000
vn 0.000000 0.000000 0.100000
vn 0.000000 0.000000 0.100000
vn 0.000000 0.000000 0.100000
vn 0.000000 0.000000 0.100000
vn 0.000000 0.000000 0.100000
vn 0.000000 0.000000 0.100000
vn 0.000000 0.000000 0.100000
vn 0.000000 0.000000 0.100000
vn 0.000000 0.000000 0.100000
vn 0.000000 0.000000 0.100000
vn 0.000000 0.000000 0.100000
vn 0.000000 0.000000 0.100000
vn 0.000000 0.000000 0.100000
vn 0.000000 0.000000 0.100000
vn 0.000000 0.000000 0.100000
vn 0.000000 0.000000 0.100000
vn 0.000000 0.000000 0.100000
vn 0.000000 0.000000 0.100000
vn 0.000000 0.000000 0.100000
vn 0.000000 0.000000 0.100000
vn 0.000000 0.000000 0.100000
vn 0.000000 0.000000 0.100000
vn 0.000000 0.000000 0.100000
vn 0.000000 0.000000 0.100000
vn 0.000000 0.000000 0.100000
vn 0.000000 0.000000 0.100000
vn 0.000000 0.000000 0.100000
vn 0.000000 0.000000 0.100000
vn 0.000000 0.000000 0.100000
vn 0.000000 0.000000 0.100000
vn 0.000000 0.000000 0.100000
vn 0.000000 0.000000 0.100000
vn 0.000000 0.000000 0.100000
vn 0.000000 0.000000 0.100000
vn 0.000000 0.000000 0.100000
vn 0.000000 0.000000 0.100000
vn 0.000000 0.000000 0.100000
vn 0.000000 0.000000 0.100000
vn 0.000000 0.000000 0.100000
vn 0.000000 0.000000 0.100000
vn 0.000000 0.000000 0.100000
vn 0.000000 0.000000 0.100000
vn 0.000000 0.000000 0.100000
vn 0.000000 0.000000 0.100000
vn 0.000000 0.000000 0.100000
vn 0.000000 0.000000 0.100000
vn 0.000000 0.000000 0.100000
vn 0.000000 0.000000 0.100000
vn 0.000000 0.000000 0.100000
vn 0.000000 0.000000 0.100000
vn 0.000000 0.000000 0.100000
vn 0.000000 0.000000 0.100000
vn 0.000000 0.000000 0.100000
vn 0.000000 0.000000 0.100000
vn 0.000000 0.000000 0.100000
vn 0.000000 0.000000 0.100000
vn 0.000000 0.000000 0.100000
vn 0.000000 0.000000 0.100000
vn 0.000000 0.000000 0.100000
vn 0.000000 0.000000 0.100000
vn 0.000000 0.000000 0.100000
vn 0.000000 0.000000 0.100000
vn 0.000000 0.000000 0.100000
vn 0.000000 0.000000 0.100000
vn 0.000000 0.000000 0.100000
vn 0.000000 0.000000 0.100000
vn 0.000000 0.000000 0.100000
vn 0.000000 0.000000 0.100000
vn 0.000000 0.000000 0.100000
vn 0.000000 0.000000 0.100000
vn 0.000000 0.000000 0.100000
vn 0.000000 0.000000 0.100000
vn 0.000000 0.000000 0.100000
vn 0.000000 0.000000 0.100000
vn 0.000000 0.000000 0.100000
vn 0.000000 0.000000 0.100000
vn 0.000000 0.000000 0.100000
vn 0.000000 0.000000 0.100000
vn 0.000000 0.000000 0.100000
vn 0.000000 0.000000 0.100000
vn 0.000000 0.000000 0.100000
vn 0.000000 0.000000 0.100000
vn 0.000000 0.000000 0.100000
vn 0.000000 0.000000 0.100000
vn 0.000000 0.000000 0.100000
vn 0.000000 0.000000 0.100000
vn 0.000000 0.000000 0.100000
vn 0.000000 0.000000 0.100000
vn 0.000000 0.000000 0.100000
vn 0.000000 0.000000 0.100000
vn 0.000000 0.000000 0.100000
vn 0.000000 0.000000 0.100000
vn 0.000000 0.000000 0.100000
vn 0.000000 0.000000 0.100000
vn 0.000000 0.000000 0.100000
vn 0.000000 0.000000 0.100000
vn 0.000000 0.000000 0.100000
vn 0.000000 0.000000 0.100000
vn 0.000000 0.000000 0.100000
vn 0.000000 0.000000 0.100000
vn 0.000000 0.000000 0.100000
vn 0.000000 0.000000 0.100000
vn 0.000000 0.000000 0.100000
vn 0.000000 0.000000 0.100000
vn 0.000000 0.000000 0.100000
vn 0.000000 0.000000 0.100000
vn 0.000000 0.000000 0.100000
vn 0.000000 0.000000 0.100000
vn 0.000000 0.000000 0.100000
vn 0.000000 0.000000 0.100000
vn 0.000000 0.000000 0.100000
vn 0.000000 0.000000 0.100000
vn 0.000000 0.000000 0.100000
vn 0.000000 0.000000 0.100000
vn 0.000000 0.000000 0.100000
vn 0.000000 0.000000 0.100000
vn 0.000000 0.000000 0.100000
vn 0.000000 0.000000 0.100000
vn 0.000000 0.000000 0.100000
vn 0.000000 0.000000 0.100000
vn 0.000000 0.000000 0.100000
vn 0.000000 0.000000 0.100000
vn 0.000000 0.000000 0.100000
vn 0.000000 0.000000 0.100000
vn 0.000000 0.000000 0.100000
vn 0.000000 0.000000 0.100000
vn 0.000000 0.000000 0.100000
vn 0.000000 0.000000 0.100000
vn 0.000000 0.000000 0.100000
vn 0.000000 0.000000 0.100000
vn 0.000000 0.000000 0.100000
vn 0.000000 0.000000 0.100000
vn 0.000000 0.000000 0.100000
vn 0.000000 0.000000 0.100000
vn 0.000000 0.000000 0.100000
vn 0.000000 0.000000 0.100000
vn 0.000000 0.000000 0.100000
vn 0.000000 0.000000 0.100000
vn 0.000000 0.000000 0.100000
vn 0.000000 0.000000 0.100000
vn 0.000000 0.000000 0.100000
vn 0.000000 0.000000 0.100000
vn 0.000000 0.000000 0.100000
vn 0.000000 0.000000 0.100000
vn 0.000000 0.000000 0.100000
vn 0.000000 0.000000 0.100000
vn 0.000000 0.000000 0.100000
vn 0.000000 0.000000 0.100000
vn 0.000000 0.000000 0.100000
vn 0.000000 0.000000 0.100000
vn 0.000000 0.000000 0.100000
vn 0.000000 0.000000 0.100000
vn 0.000000 0.000000 0.100000
vn 0.000000 0.000000 0.100000
vn 0.000000 0.000000 0.100000
vn 0.000000 0.000000 0.100000
vn 0.000000 0.000000 0.100000
vn 0.000000 0.000000 0.100000
vn 0.000000 0.000000 0.100000
vn 0.000000 0.000000 0.100000
vn 0.000000 0.000000 0.100000
vn 0.000000 0.000000 0.100000
vn 0.000000 0.000000 0.100000
vn 0.000000 0.000000 0.100000
vn 0.000000 0.000000 0.100000
vn 0.000000 0.000000 0.100000
vn 0.000000 0.000000 0.100000
vn 0.000000 0.000000 0.100000
vn 0.000000 0.000000 0.100000
vn 0.000000 0.000000 0.100000
vn 0.000000 0.000000 0.100000
vn 0.000000 0.000000 0.100000
vn 0.000000 0.000000 0.100000
vn 0.000000 0.000000 0.100000
vn 0.000000 0.000000 0.100000
vn 0.000000 0.000000 0.100000
vn 0.000000 0.000000 0.100000
vn 0.000000 0.000000 0.100000
vn 0.000000 0.000000 0.100000
vn 0.000000 0.000000 0.100000
vn 0.000000 0.000000 0.100000
vn 0.000000 0.000000 0.100000
vn 0.000000 0.000000 0.100000
vn 0.000000 0.000000 0.100000
vn 0.000000 0.000000 0.100000
vn 0.000000 0.000000 0.100000
vn 0.000000 0.000000 0.100000
vn 0.000000 0.000000 0.100000
vn 0.000000 0.000000 0.100000
vn 0.000000 0.000000 0.100000
vn 0.000000 0.000000 0.100000
vn 0.000000 0.000000 0.100000
vn 0.000000 0.000000 0.100000
vn 0.000000 0.000000 0.100000
vn 0.000000 0.000000 0.100000
vn 0.000000 0.000000 0.100000
vn 0.000000 0.000000 0.100000
vn 0.000000 0.000000 0.100000
vn 0.000000 0.000000 0.100000
vn 0.000000 0.000000 0.100000
vn 0.000000 0.000000 0.100000
vn 0.000000 0.000000 0.100000
vn 0.000000 0.000000 0.100000
vn 0.000000 0.000000 0.100000
vn 0.000000 0.000000 0.100000
vn 0.000000 0.000000 0.100000
vn 0.000000 0.000000 0.100000
vn 0.000000 0.000000 0.100000
vn 0.000000 0.000000 0.100000
vn 0.000000 0.000000 0.100000
vn 0.000000 0.000000 0.100000
vn 0.000000 0.000000 0.100000
vn 0.000000 0.000000 0.100000
vn 0.000000 0.000000 0.100000
vn 0.000000 0.000000 0.100000
vn 0.000000 0.000000 0.100000
vn 0.000000 0.000000 0.100000
vn 0.000000 0.000000 0.100000
vn 0.000000 0.000000 0.100000
vn 0.000000 0.000000 0.100000
vn 0.000000 0.000000 0.100000
vn 0.000000 0.000000 0.100000
vn 0.000000 0.000000 0.100000
vn 0.000000 0.000000 0.100000
vn 0.000000 0.000000 0.100000
vn 0.000000 0.000000 0.100000
vn 0.000000 0.000000 0.100000
vn 0.000000 0.000000 0.100000
vn 0.000000 0.000000 0.100000
vn 0.000000 0.000000 0.100000
vn 0.000000 0.000000 0.100000
vn 0.000000 0.000000 0.100000
vn 0.000000 0.000000 0.100000
vn 0.000000 0.000000 0.100000
vn 0.000000 0.000000 0.100000
vn 0.000000 0.000000 0.100000
vn 0.000000 0.000000 0.100000
vn 0.000000 0.000000 0.100000
vn 0.000000 0.000000 0.100000
vn 0.000000 0.000000 0.100000
vn 0.000000 0.000000 0.100000
vn 0.000000 0.000000 0.100000
vn 0.000000 0.000000 0.100000
vn 0.000000 0.000000 0.100000
vn 0.000000 0.000000 0.100000
vn 0.000000 0.000000 0.100000
vn 0.000000 0.000000 0.100000
vn 0.000000 0.000000 0.100000
vn 0.000000 0.000000 0.100000
vn 0.000000 0.000000 0.100000
vn 0.000000 0.000000 0.100000
vn 0.000000 0.000000 0.100000
vn 0.000000 0.000000 0.100000
vn 0.000000 0.000000 0.100000
vn 0.000000 0.000000 0.100000
vn 0.000000 0.000000 0.100000
vn 0.000000 0.000000 0.100000
vn 0.000000 0.000000 0.100000
vn 0.000000 0.000000 0.100000
vn 0.000000 0.000000 0.100000
vn 0.000000 0.000000 0.100000
vn 0.000000 0.000000 0.100000
vn 0.000000 0.000000 0.100000
vn 0.000000 0.000000 0.100000
vn 0.000000 0.000000 0.100000
vn 0.000000 0.000000 0.100000
vn 0.000000 0.000000 0.100000
vn 0.000000 0.000000 0.100000
vn 0.000000 0.000000 0.100000
vn 0.000000 0.000000 0.100000
vn 0.000000 0.000000 0.100000
vn 0.000000 0.000000 0.100000
vn 0.000000 0.000000 0.100000
vn 0.000000 0.000000 0.100000
vn 0.000000 0.000000 0.100000
vn 0.000000 0.000000 0.100000
vn 0.000000 0.000000 0.100000
vn 0.000000 0.000000 0.100000
vn 0.000000 0.000000 0.100000
vn 0.000000 0.000000 0.100000
vn 0.000000 0.000000 0.100000
vn 0.000000 0.000000 0.100000
vn 0.000000 0.000000 0.100000
vn 0.000000 0.000000 0.100000
vn 0.000000 0.000000 0.100000
vn 0.000000 0.000000 0.100000
vn 0.000000 0.000000 0.100000
vn 0.000000 0.000000 0.100000
vn 0.000000 0.000000 0.100000
vn 0.000000 0.000000 0.100000
vn 0.000000 0.000000 0.100000
vn 0.000000 0.000000 0.100000
vn 0.000000 0.000000 0.100000
vn 0.000000 0.000000 0.100000
vn 0.000000 0.000000 0.100000
vn 0.000000 0.000000 0.100000
vn 0.000000 0.000000 0.100000
vn 0.000000 0.000000 0.100000
vn 0.000000 0.000000 0.100000
vn 0.000000 0.000000 0.100000
vn 0.000000 0.000000 0.100000
vn 0.000000 0.000000 0.100000
vn 0.000000 0.000000 0.100000
vn 0.000000 0.000000 0.100000
vn 0.000000 0.000000 0.100000
vn 0.000000 0.000000 0.100000
vn 0.000000 0.000000 0.100000
vn 0.000000 0.000000 0.100000
vn 0.000000 0.000000 0.100000
vn 0.000000 0.000000 0.100000
vn 0.000000 0.000000 0.100000
vn 0.000000 0.000000 0.100000
vn 0.000000 0.000000 0.100000
vn 0.000000 0.000000 0.100000
vn 0.000000 0.000000 0.100000
vn 0.000000 0.000000 0.100000
vn 0.000000 0.000000 0.100000
vn 0.000000 0.000000 0.100000
vn 0.000000 0.000000 0.100000
vn 0.000000 0.000000 0.100000
vn 0.000000 0.000000 0.100000
vn 0.000000 0.000000 0.100000
vn 0.000000 0.000000 0.100000
vn 0.000000 0.000000 0.100000
vn 0.000000 0.000000 0.100000
vn 0.000000 0.000000 0.100000
vn 0.000000 0.000000 0.100000
vn 0.000000 0.000000 0.100000
vn 0.000000 0.000000 0.100000
vn 0.000000 0.000000 0.100000
vn 0.000000 0.000000 0.100000
vn 0.000000 0.000000 0.100000
vn 0.000000 0.000000 0.100000
vn 0.000000 0.000000 0.100000
vn 0.000000 0.000000 0.100000
vn 0.000000 0.000000 0.100000
vn 0.000000 0.000000 0.100000
vn 0.000000 0.000000 0.100000
vn 0.000000 0.000000 0.100000
vn 0.000000 0.000000 0.100000
vn 0.000000 0.000000 0.100000
vn 0.000000 0.000000 0.100000
vn 0.000000 0.000000 0.100000
vn 0.000000 0.000000 0.100000
vn 0.000000 0.000000 0.100000
vn 0.000000 0.000000 0.100000
vn 0.000000 0.000000 0.100000
vn 0.000000 0.000000 0.100000
vn 0.000000 0.000000 0.100000
vn 0.000000 0.000000 0.100000
vn 0.000000 0.000000 0.100000
vn 0.000000 0.000000 0.100000
vn 0.000000 0.000000 0.100000
vn 0.000000 0.000000 0.100000
vn 0.000000 0.000000 0.100000
vn 0.000000 0.000000 0.100000
vn 0.000000 0.000000 0.100000
vn 0.000000 0.000000 0.100000
vn 0.000000 0.000000 0.100000
vn 0.000000 0.000000 0.100000
vn 0.000000 0.000000 0.100000
vn 0.000000 0.000000 0.100000
vn 0.000000 0.000000 0.100000
vn 0.000000 0.000000 0.100000
vn 0.000000 0.000000 0.100000
vn 0.000000 0.000000 0.100000
vn 0.000000 0.000000 0.100000
vn 0.000000 0.000000 0.100000
vn 0.000000 0.000000 0.100000
vn 0.000000 0.000000 0.100000
vn 0.000000 0.000000 0.100000
vn 0.000000 0.000000 0.100000
vn 0.000000 0.000000 0.100000
vn 0.000000 0.000000 0.100000
vn 0.000000 0.000000 0.100000
vn 0.000000 0.000000 0.100000
vn 0.000000 0.000000 0.100000
vn 0.000000 0.000000 0.100000
vn 0.000000 0.000000 0.100000
vn 0.000000 0.000000 0.100000
vn 0.000000 0.000000 0.100000
vn 0.000000 0.000000 0.100000
vn 0.000000 0.000000 0.100000
vn 0.000000 0.000000 0.100000
vn 0.000000 0.000000 0.100000
vn 0.000000 0.000000 0.100000
vn 0.000000 0.000000 0.100000
vn 0.000000 0.000000 0.100000
vn 0.000000 0.000000 0.100000
vn 0.000000 0.000000 0.100000
vn 0.000000 0.000000 0.100000
vn 0.000000 0.000000 0.100000
vn 0.000000 0.000000 0.100000
vn 0.000000 0.000000 0.100000
vn 0.000000 0.000000 0.100000
vn 0.000000 0.000000 0.100000
vn 0.000000 0.000000 0.100000
vn 0.000000 0.000000 0.100000
vn 0.000000 0.000000 0.100000
vn 0.000000 0.000000 0.100000
vn 0.000000 0.000000 0.100000
vn 0.000000 0.000000 0.100000
vn 0.000000 0.000000 0.100000
vn 0.000000 0.000000 0.100000
vn 0.000000 0.000000 0.100000
vn 0.000000 0.000000 0.100000
vn 0.000000 0.000000 0.100000
vn 0.000000 0.000000 0.100000
vn 0.000000 0.000000 0.100000
vn 0.000000 0.000000 0.100000
vn 0.000000 0.000000 0.100000
vn 0.000000 0.000000 0.100000
vn 0.000000 0.000000 0.100000
vn 0.000000 0.000000 0.100000
vn 0.000000 0.000000 0.100000
vn 0.000000 0.000000 0.100000
vn 0.000000 0.000000 0.100000
vn 0.000000 0.000000 0.100000
vn 0.000000 0.000000 0.100000
vn 0.000000 0.000000 0.100000
vn 0.000000 0.000000 0.100000
vn 0.000000 0.000000 0.100000
vn 0.000000 0.000000 0.100000
vn 0.000000 0.000000 0.100000
vn 0.000000 0.000000 0.100000
vn 0.000000 0.000000 0.100000
vn 0.000000 0.000000 0.100000
vn 0.000000 0.000000 0.100000
vn 0.000000 0.000000 0.100000
vn 0.000000 0.000000 0.100000
vn 0.000000 0.000000 0.100000
vn 0.000000 0.000000 0.100000
vn 0.000000 0.000000 0.100000
vn 0.000000 0.000000 0.100000
vn 0.000000 0.000000 0.100000
vn 0.000000 0.000000 0.100000
vn 0.000000 0.000000 0.100000
vn 0.000000 0.000000 0.100000
vn 0.000000 0.000000 0.100000
vn 0.000000 0.000000 0.100000
vn 0.000000 0.000000 0.100000
vn 0.000000 0.000000 0.100000
vn 0.000000 0.000000 0.100000
vn 0.000000 0.000000 0.100000
vn 0.000000 0.000000 0.100000
vn 0.000000 0.000000 0.100000
vn 0.000000 0.000000 0.100000
vn 0.000000 0.000000 0.100000
vn 0.000000 0.000000 0.100000
vn 0.000000 0.000000 0.100000
vn 0.000000 0.000000 0.100000
vn 0.000000 0.000000 0.100000
vn 0.000000 0.000000 0.100000
vn 0.000000 0.000000 0.100000
vn 0.000000 0.000000 0.100000
vn 0.000000 0.000000 0.100000
vn 0.000000 0.000000 0.100000
vn 0.000000 0.000000 0.100000
vn 0.000000 0.000000 0.100000
vn 0.000000 0.000000 0.100000
vn 0.000000 0.000000 0.100000
vn 0.000000 0.000000 0.100000
vn 0.000000 0.000000 0.100000
vn 0.000000 0.000000 0.100000
vn 0.000000 0.000000 0.100000
vn 0.000000 0.000000 0.100000
vn 0.000000 0.000000 0.100000
vn 0.000000 0.000000 0.100000
vn 0.000000 0.000000 0.100000
vn 0.000000 0.000000 0.100000
vn 0.000000 0.000000 0.100000
vn 0.000000 0.000000 0.100000
vn 0.000000 0.000000 0.100000
vn 0.000000 0.000000 0.100000
vn 0.000000 0.000000 0.100000
vn 0.000000 0.000000 0.100000
vn 0.000000 0.000000 0.100000
vn 0.000000 0.000000 0.100000
vn 0.000000 0.000000 0.100000
vn 0.000000 0.000000 0.100000
vn 0.000000 0.000000 0.100000
vn 0.000000 0.000000 0.100000
vn 0.000000 0.000000 0.100000
vn 0.000000 0.000000 0.100000
vn 0.000000 0.000000 0.100000
vn 0.000000 0.000000 0.100000
vn 0.000000 0.000000 0.100000
vn 0.000000 0.000000 0.100000
vn 0.000000 0.000000 0.100000
vn 0.000000 0.000000 0.100000
vn 0.000000 0.000000 0.100000
vn 0.000000 0.000000 0.100000
vn 0.000000 0.000000 0.100000
vn 0.000000 0.000000 0.100000
vn 0.000000 0.000000 0.100000
vn 0.000000 0.000000 0.100000
vn 0.000000 0.000000 0.100000
vn 0.000000 0.000000 0.100000
vn 0.000000 0.000000 0.100000
vn 0.000000 0.000000 0.100000
vn 0.000000 0.000000 0.100000
vn 0.000000 0.000000 0.100000
vn 0.000000 0.000000 0.100000
vn 0.000000 0.000000 0.100000
vn 0.000000 0.000000 0.100000
vn 0.000000 0.000000 0.100000
vn 0.000000 0.000000 0.100000
vn 0.000000 0.000000 0.100000
vn 0.000000 0.000000 0.100000
vn 0.000000 0.000000 0.100000
vn 0.000000 0.000000 0.100000
vn 0.000000 0.000000 0.100000
vn 0.000000 0.000000 0.100000
vn 0.000000 0.000000 0.100000
vn 0.000000 0.000000 0.100000
vn 0.000000 0.000000 0.100000
vn 0.000000 0.000000 0.100000
vn 0.000000 0.000000 0.100000
vn 0.000000 0.000000 0.100000
vn 0.000000 0.000000 0.100000
vn 0.000000 0.000000 0.100000
vn 0.000000 0.000000 0.100000
vn 0.000000 0.000000 0.100000
vn 0.000000 0.000000 0.100000
vn 0.000000 0.000000 0.100000
vn 0.000000 0.000000 0.100000
vn 0.000000 0.000000 0.100000
vn 0.000000 0.000000 0.100000
vn 0.000000 0.000000 0.100000
vn 0.000000 0.000000 0.100000
vn 0.000000 0.000000 0.100000
vn 0.000000 0.000000 0.100000
vn 0.000000 0.000000 0.100000
vn 0.000000 0.000000 0.100000
vn 0.000000 0.000000 0.100000
vn 0.000000 0.000000 0.100000
vn 0.000000 0.000000 0.100000
vn 0.000000 0.000000 0.100000
vn 0.000000 0.000000 0.100000
vn 0.000000 0.000000 0.100000
vn 0.000000 0.000000 0.100000
vn 0.000000 0.000000 0.100000
vn 0.000000 0.000000 0.100000
vn 0.000000 0.000000 0.100000
vn 0.000000 0.000000 0.100000
vn 0.000000 0.000000 0.100000
vn 0.000000 0.000000 0.100000
vn 0.000000 0.000000 0.100000
vn 0.000000 0.000000 0.100000
vn 0.000000 0.000000 0.100000
vn 0.000000 0.000000 0.100000
vn 0.000000 0.000000 0.100000
vn 0.000000 0.000000 0.100000
vn 0.000000 0.000000 0.100000
vn 0.000000 0.000000 0.100000
vn 0.000000 0.000000 0.100000
vn 0.000000 0.000000 0.100000
vn 0.000000 0.000000 0.100000
vn 0.000000 0.000000 0.100000
vn 0.000000 0.000000 0.100000
vn 0.000000 0.000000 0.100000
vn 0.000000 0.000000 0.100000
vn 0.000000 0.000000 0.100000
vn 0.000000 0.000000 0.100000
vn 0.000000 0.000000 0.100000
vn 0.000000 0.000000 0.100000
vn 0.000000 0.000000 0.100000
vn 0.000000 0.000000 0.100000
vn 0.000000 0.000000 0.100000
vn 0.000000 0.000000 0.100000
vn 0.000000 0.000000 0.100000
vn 0.000000 0.000000 0.100000
vn 0.000000 0.000000 0.100000
vn 0.000000 0.000000 0.100000
vn 0.000000 0.000000 0.100000
vn 0.000000 0.000000 0.100000
vn 0.000000 0.000000 0.100000
vn 0.000000 0.000000 0.100000
vn 0.000000 0.000000 0.100000
vn 0.000000 0.000000 0.100000
vn 0.000000 0.000000 0.100000
vn 0.000000 0.000000 0.100000
vn 0.000000 0.000000 0.100000
vn 0.000000 0.000000 0.100000
vn 0.000000 0.000000 0.100000
vn 0.000000 0.000000 0.100000
vn 0.000000 0.000000 0.100000
vn 0.000000 0.000000 0.100000
vn 0.000000 0.000000 0.100000
vn 0.000000 0.000000 0.100000
vn 0.000000 0.000000 0.100000
vn 0.000000 0.000000 0.100000
vn 0.000000 0.000000 0.100000
vn 0.000000 0.000000 0.100000
vn 0.000000 0.000000 0.100000
vn 0.000000 0.000000 0.100000
vn 0.000000 0.000000 0.100000
vn 0.000000 0.000000 0.100000
vn 0.000000 0.000000 0.100000
vn 0.000000 0.000000 0.100000
vn 0.000000 0.000000 0.100000
vn 0.000000 0.000000 0.100000
vn 0.000000 0.000000 0.100000
vn 0.000000 0.000000 0.100000
vn 0.000000 0.000000 0.100000
vn 0.000000 0.000000 0.100000
vn 0.000000 0.000000 0.100000
vn 0.000000 0.000000 0.100000
vn 0.000000 0.000000 0.100000
vn 0.000000 0.000000 0.100000
vn 0.000000 0.000000 0.100000
vn 0.000000 0.000000 0.100000
vn 0.000000 0.000000 0.100000
vn 0.000000 0.000000 0.100000
vn 0.000000 0.000000 0.100000
vn 0.000000 0.000000 0.100000
vn 0.000000 0.000000 0.100000
vn 0.000000 0.000000 0.100000
vn 0.000000 0.000000 0.100000
vn 0.000000 0.000000 0.100000
vn 0.000000 0.000000 0.100000
vn 0.000000 0.000000 0.100000
vn 0.000000 0.000000 0.100000
vn 0.000000 0.000000 0.100000
vn 0.000000 0.000000 0.100000
vn 0.000000 0.000000 0.100000
vn 0.000000 0.000000 0.100000
vn 0.000000 0.000000 0.100000
vn 0.000000 0.000000 0.100000
vn 0.000000 0.000000 0.100000
vn 0.000000 0.000000 0.100000
vn 0.000000 0.000000 0.100000
vn 0.000000 0.000000 0.100000
vn 0.000000 0.000000 0.100000
vn 0.000000 0.000000 0.100000
vn 0.000000 0.000000 0.100000
vn 0.000000 0.000000 0.100000
vn 0.000000 0.000000 0.100000
vn 0.000000 0.000000 0.100000
vn 0.000000 0.000000 0.100000
vn 0.000000 0.000000 0.100000
vn 0.000000 0.000000 0.100000
vn 0.000000 0.000000 0.100000
vn 0.000000 0.000000 0.100000
vn 0.000000 0.000000 0.100000
vn 0.000000 0.000000 0.100000
vn 0.000000 0.000000 0.100000
vn 0.000000 0.000000 0.100000
vn 0.000000 0.000000 0.100000
vn 0.000000 0.000000 0.100000
vn 0.000000 0.000000 0.100000
vn 0.000000 0.000000 0.100000
vn 0.000000 0.000000 0.100000
vn 0.000000 0.000000 0.100000
vn 0.000000 0.000000 0.100000
vn 0.000000 0.000000 0.100000
vn 0.000000 0.000000 0.100000
vn 0.000000 0.000000 0.100000
vn 0.000000 0.000000 0.100000
vn 0.000000 0.000000 0.100000
vn 0.000000 0.000000 0.100000
vn 0.000000 0.000000 0.100000
vn 0.000000 0.000000 0.100000
vn 0.000000 0.000000 0.100000
vn 0.000000 0.000000 0.100000
vn 0.000000 0.000000 0.100000
vn 0.000000 0.000000 0.100000
vn 0.000000 0.000000 0.100000
vn 0.000000 0.000000 0.100000
vn 0.000000 0.000000 0.100000
vn 0.000000 0.000000 0.100000
vn 0.000000 0.000000 0.100000
vn 0.000000 0.000000 0.100000
vn 0.000000 0.000000 0.100000
vn 0.000000 0.000000 0.100000
vn 0.000000 0.000000 0.100000
vn 0.000000 0.000000 0.100000
vn 0.000000 0.000000 0.100000
vn 0.000000 0.000000 0.100000
vn 0.000000 0.000000 0.100000
vn 0.000000 0.000000 0.100000
vn 0.000000 0.000000 0.100000
vn 0.000000 0.000000 0.100000
vn 0.000000 0.000000 0.100000
vn 0.000000 0.000000 0.100000
vn 0.000000 0.000000 0.100000
vn 0.000000 0.000000 0.100000
vn 0.000000 0.000000 0.100000
vn 0.000000 0.000000 0.100000
vn 0.000000 0.000000 0.100000
vn 0.000000 0.000000 0.100000
vn 0.000000 0.000000 0.100000
vn 0.000000 0.000000 0.100000
vn 0.000000 0.000000 0.100000
vn 0.000000 0.000000 0.100000
vn 0.000000 0.000000 0.100000
vn 0.000000 0.000000 0.100000
vn 0.000000 0.000000 0.100000
vn 0.000000 0.000000 0.100000
vn 0.000000 0.000000 0.100000
vn 0.000000 0.000000 0.100000
vn 0.000000 0.000000 0.100000
vn 0.000000 0.000000 0.100000
vn 0.000000 0.000000 0.100000
vn 0.014935 -0.098878 0.000000
vn 0.027190 -0.096233 0.000000
vn 0.014935 -0.098878 0.000000
vn 0.027190 -0.096233 0.000000
vn 0.041051 -0.091186 0.000000
vn 0.041051 -0.091186 0.000000
vn 0.055577 -0.083134 0.000000
vn 0.055577 -0.083134 0.000000
vn 0.069405 -0.071993 0.000000
vn 0.069405 -0.071993 0.000000
vn 0.081798 -0.057524 0.000000
vn 0.081798 -0.057524 0.000000
vn 0.090892 -0.041697 0.000000
vn 0.090892 -0.041697 0.000000
vn 0.095863 -0.028466 0.000000
vn 0.095863 -0.028466 0.000000
vn 0.098911 -0.014718 0.000000
vn 0.098911 -0.014718 0.000000
vn 0.099976 0.002187 0.000000
vn 0.099757 0.006965 0.000000
vn 0.099976 0.002187 0.000000
vn 0.099757 0.006965 0.000000
vn 0.098351 0.018086 0.000000
vn 0.098351 0.018086 0.000000
vn 0.094939 0.031409 0.000000
vn 0.094939 0.031409 0.000000
vn 0.089063 0.045473 0.000000
vn 0.089063 0.045473 0.000000
vn 0.080067 0.059911 0.000000
vn 0.080067 0.059911 0.000000
vn 0.068835 0.072538 0.000000
vn 0.068835 0.072538 0.000000
vn 0.058697 0.080961 0.000000
vn 0.058697 0.080961 0.000000
vn 0.045736 0.088928 0.000000
vn 0.045736 0.088928 0.000000
vn 0.087719 0.048015 0.000000
vn 0.087719 0.048015 0.000000
vn 0.087719 0.048015 0.000000
vn 0.087719 0.048015 0.000000
vn 0.075007 -0.066136 0.000000
vn 0.083668 -0.054769 0.000000
vn 0.075007 -0.066136 0.000000
vn 0.083668 -0.054769 0.000000
vn 0.090946 -0.041578 0.000000
vn 0.090946 -0.041578 0.000000
vn 0.095976 -0.028083 0.000000
vn 0.095976 -0.028083 0.000000
vn 0.099015 -0.014003 0.000000
vn 0.099015 -0.014003 0.000000
vn 0.099626 0.008641 0.000000
vn 0.099626 0.008641 0.000000
vn 0.098606 0.016641 0.000000
vn 0.098606 0.016641 0.000000
vn 0.095977 0.028080 0.000000
vn 0.095977 0.028080 0.000000
vn 0.091130 0.041175 0.000000
vn 0.091130 0.041175 0.000000
vn 0.082757 0.056137 0.000000
vn 0.082757 0.056137 0.000000
vn 0.068593 0.072767 0.000000
vn 0.068593 0.072767 0.000000
vn 0.048257 0.087586 0.000000
vn 0.048257 0.087586 0.000000
vn 0.094323 -0.033214 0.000000
vn 0.094762 -0.031940 0.000000
vn 0.094323 -0.033214 0.000000
vn 0.094762 -0.031940 0.000000
vn 0.095554 -0.029487 0.000000
vn 0.095554 -0.029487 0.000000
vn 0.097203 -0.023487 0.000000
vn 0.097203 -0.023487 0.000000
vn 0.099814 -0.006089 0.000000
vn 0.099814 -0.006089 0.000000
vn 0.034702 -0.093786 0.000000
vn 0.052148 -0.085327 0.000000
vn 0.034702 -0.093786 0.000000
vn 0.052148 -0.085327 0.000000
vn 0.066185 -0.074964 0.000000
vn 0.066185 -0.074964 0.000000
vn 0.076254 -0.064694 0.000000
vn 0.076254 -0.064694 0.000000
vn 0.083616 -0.054849 0.000000
vn 0.083616 -0.054849 0.000000
vn 0.090148 -0.043281 0.000000
vn 0.090148 -0.043281 0.000000
vn 0.095425 -0.029900 0.000000
vn 0.095425 -0.029900 0.000000
vn 0.099336 -0.011509 0.000000
vn 0.099336 -0.011509 0.000000
vn 0.035144 -0.093621 0.000000
vn 0.044808 -0.089399 0.000000
vn 0.035144 -0.093621 0.000000
vn 0.044808 -0.089399 0.000000
vn 0.055034 -0.083494 0.000000
vn 0.055034 -0.083494 0.000000
vn 0.058710 -0.080952 0.000000
vn 0.058710 -0.080952 0.000000
vn 0.056715 -0.082362 0.000000
vn 0.056715 -0.082362 0.000000
vn -0.075135 -0.065990 0.000000
vn -0.057482 -0.081828 0.000000
vn -0.075135 -0.065990 0.000000
vn -0.057482 -0.081828 0.000000
vn -0.046470 -0.088547 0.000000
vn -0.046470 -0.088547 0.000000
vn -0.034587 -0.093828 0.000000
vn -0.034587 -0.093828 0.000000
vn -0.010542 -0.099443 0.000000
vn -0.010542 -0.099443 0.000000
vn 0.013900 -0.099029 0.000000
vn 0.013900 -0.099029 0.000000
vn 0.026938 -0.096303 0.000000
vn 0.026938 -0.096303 0.000000
vn 0.039566 -0.091840 0.000000
vn 0.039566 -0.091840 0.000000
vn 0.050083 -0.086555 0.000000
vn 0.050083 -0.086555 0.000000
vn 0.057681 -0.081688 0.000000
vn 0.057681 -0.081688 0.000000
vn 0.066478 -0.074703 0.000000
vn 0.066478 -0.074703 0.000000
vn 0.070133 -0.071284 0.000000
vn 0.070133 -0.071284 0.000000
vn -0.070075 -0.071341 0.000000
vn -0.063043 -0.077625 0.000000
vn -0.070075 -0.071341 0.000000
vn -0.063043 -0.077625 0.000000
vn -0.057802 -0.081602 0.000000
vn -0.057802 -0.081602 0.000000
vn -0.050432 -0.086351 0.000000
vn -0.050432 -0.086351 0.000000
vn -0.042054 -0.090727 0.000000
vn -0.042054 -0.090727 0.000000
vn -0.033716 -0.094145 0.000000
vn -0.033716 -0.094145 0.000000
vn -0.017017 -0.098541 0.000000
vn -0.017017 -0.098541 0.000000
vn -0.099787 -0.006517 0.000000
vn -0.096706 -0.025454 0.000000
vn -0.099787 -0.006517 0.000000
vn -0.096706 -0.025454 0.000000
vn -0.090931 -0.041612 0.000000
vn -0.090931 -0.041612 0.000000
vn -0.084293 -0.053803 0.000000
vn -0.084293 -0.053803 0.000000
vn -0.076512 -0.064388 0.000000
vn -0.076512 -0.064388 0.000000
vn -0.066400 -0.074773 0.000000
vn -0.066400 -0.074773 0.000000
vn -0.056396 -0.082580 0.000000
vn -0.056396 -0.082580 0.000000
vn -0.045293 -0.089155 0.000000
vn -0.045293 -0.089155 0.000000
vn -0.035398 -0.093525 0.000000
vn -0.035398 -0.093525 0.000000
vn -0.016292 -0.098664 0.000000
vn -0.016292 -0.098664 0.000000
vn -0.099871 -0.005087 0.000000
vn -0.098196 -0.018910 0.000000
vn -0.099871 -0.005087 0.000000
vn -0.098196 -0.018910 0.000000
vn -0.096989 -0.024354 0.000000
vn -0.096989 -0.024354 0.000000
vn -0.095466 -0.029770 0.000000
vn -0.095466 -0.029770 0.000000
vn -0.094255 -0.033407 0.000000
vn -0.094255 -0.033407 0.000000
vn -0.092860 -0.037108 0.000000
vn -0.092860 -0.037108 0.000000
vn 0.019809 0.098018 0.000000
vn -0.003405 0.099942 0.000000
vn 0.019809 0.098018 0.000000
vn -0.003405 0.099942 0.000000
vn -0.020911 0.097789 0.000000
vn -0.020911 0.097789 0.000000
vn -0.042491 0.090523 0.000000
vn -0.042491 0.090523 0.000000
vn -0.060914 0.079306 0.000000
vn -0.060914 0.079306 0.000000
vn -0.073189 0.068143 0.000000
vn -0.073189 0.068143 0.000000
vn -0.080038 0.059949 0.000000
vn -0.080038 0.059949 0.000000
vn -0.087017 0.049276 0.000000
vn -0.087017 0.049276 0.000000
vn -0.093986 0.034157 0.000000
vn -0.093986 0.034157 0.000000
vn -0.098417 0.017724 0.000000
vn -0.098417 0.017724 0.000000
vn -0.099976 -0.002198 0.000000
vn -0.099976 -0.002198 0.000000
vn -0.097528 -0.022098 0.000000
vn -0.097528 -0.022098 0.000000
vn -0.091444 -0.040472 0.000000
vn -0.091444 -0.040472 0.000000
vn -0.080561 -0.059245 0.000000
vn -0.080561 -0.059245 0.000000
vn -0.075488 -0.065587 0.000000
vn -0.075488 -0.065587 0.000000
vn -0.068496 -0.072858 0.000000
vn -0.068496 -0.072858 0.000000
vn -0.089167 0.045269 0.000000
vn -0.089167 0.045269 0.000000
vn -0.089167 0.045269 0.000000
vn -0.089167 0.045269 0.000000
vn -0.047330 0.088090 0.000000
vn -0.059607 0.080293 0.000000
vn -0.047330 0.088090 0.000000
vn -0.059607 0.080293 0.000000
vn -0.071591 0.069819 0.000000
vn -0.071591 0.069819 0.000000
vn -0.082729 0.056177 0.000000
vn -0.082729 0.056177 0.000000
vn -0.091950 0.039308 0.000000
vn -0.091950 0.039308 0.000000
vn -0.097441 0.022479 0.000000
vn -0.097441 0.022479 0.000000
vn -0.099424 0.010718 0.000000
vn -0.099424 0.010718 0.000000
vn -0.099911 0.004220 0.000000
vn -0.099911 0.004220 0.000000
vn -0.099994 0.001055 0.000000
vn -0.099994 0.001055 0.000000
vn -0.099751 -0.007049 0.000000
vn -0.099751 -0.007049 0.000000
vn -0.096953 -0.024496 0.000000
vn -0.090654 -0.042213 0.000000
vn -0.096953 -0.024496 0.000000
vn -0.090654 -0.042213 0.000000
vn -0.078154 -0.062386 0.000000
vn -0.078154 -0.062386 0.000000
vn -0.059536 -0.080346 0.000000
vn -0.059536 -0.080346 0.000000
vn -0.041268 -0.091088 0.000000
vn -0.041268 -0.091088 0.000000
vn -0.028297 -0.095913 0.000000
vn -0.028297 -0.095913 0.000000
vn -0.047629 -0.087929 0.000000
vn -0.047629 -0.087929 0.000000
vn -0.098211 -0.018831 0.000000
vn -0.093942 -0.034276 0.000000
vn -0.098211 -0.018831 0.000000
vn -0.093942 -0.034276 0.000000
vn -0.084885 -0.052864 0.000000
vn -0.084885 -0.052864 0.000000
vn -0.069771 -0.071638 0.000000
vn -0.069771 -0.071638 0.000000
vn -0.052269 -0.085252 0.000000
vn -0.052269 -0.085252 0.000000
vn -0.034439 -0.093883 0.000000
vn -0.034439 -0.093883 0.000000
vn -0.044560 -0.089523 0.000000
vn -0.044560 -0.089523 0.000000
vn -0.099841 0.005635 0.000000
vn -0.099123 -0.013213 0.000000
vn -0.099841 0.005635 0.000000
vn -0.099123 -0.013213 0.000000
vn -0.093808 -0.034641 0.000000
vn -0.093808 -0.034641 0.000000
vn -0.083532 -0.054976 0.000000
vn -0.083532 -0.054976 0.000000
vn -0.071596 -0.069814 0.000000
vn -0.071596 -0.069814 0.000000
vn -0.056278 -0.082660 0.000000
vn -0.056278 -0.082660 0.000000
vn -0.046054 -0.088764 0.000000
vn -0.046054 -0.088764 0.000000
vn -0.079589 0.060544 0.000000
vn -0.089060 0.045480 0.000000
vn -0.079589 0.060544 0.000000
vn -0.089060 0.045480 0.000000
vn -0.094493 0.032728 0.000000
vn -0.094493 0.032728 0.000000
vn -0.098997 0.014130 0.000000
vn -0.098997 0.014130 0.000000
vn -0.099794 -0.006423 0.000000
vn -0.099794 -0.006423 0.000000
vn -0.095398 -0.029988 0.000000
vn -0.095398 -0.029988 0.000000
vn -0.089711 -0.044181 0.000000
vn -0.089711 -0.044181 0.000000
vn -0.078802 -0.061565 0.000000
vn -0.078802 -0.061565 0.000000
vn -0.061481 -0.078867 0.000000
vn -0.061481 -0.078867 0.000000
vn -0.039576 -0.091836 0.000000
vn -0.039576 -0.091836 0.000000
vn -0.051948 0.085448 0.000000
vn -0.072171 0.069219 0.000000
vn -0.051948 0.085448 0.000000
vn -0.072171 0.069219 0.000000
vn -0.083456 0.055091 0.000000
vn -0.083456 0.055091 0.000000
vn -0.093415 0.035688 0.000000
vn -0.093415 0.035688 0.000000
vn -0.099088 0.013476 0.000000
vn -0.099088 0.013476 0.000000
vn -0.099740 -0.007201 0.000000
vn -0.099740 -0.007201 0.000000
vn -0.094836 -0.031720 0.000000
vn -0.094836 -0.031720 0.000000
vn -0.085359 -0.052095 0.000000
vn -0.085359 -0.052095 0.000000
vn -0.078408 -0.062066 0.000000
vn -0.078408 -0.062066 0.000000
vn -0.082804 -0.056068 0.000000
vn -0.082804 -0.056068 0.000000
vn -0.001311 0.099991 0.000000
vn -0.021042 0.097761 0.000000
vn -0.001311 0.099991 0.000000
vn -0.021042 0.097761 0.000000
vn -0.036459 0.093117 0.000000
vn -0.036459 0.093117 0.000000
vn -0.056500 0.082509 0.000000
vn -0.056500 0.082509 0.000000
vn -0.074544 0.066657 0.000000
vn -0.074544 0.066657 0.000000
vn -0.087785 0.047894 0.000000
vn -0.087785 0.047894 0.000000
vn -0.096182 0.027367 0.000000
vn -0.096182 0.027367 0.000000
vn -0.099060 0.013680 0.000000
vn -0.099060 0.013680 0.000000
vn -0.099985 -0.001703 0.000000
vn -0.099985 -0.001703 0.000000
vn -0.098569 -0.016858 0.000000
vn -0.098569 -0.016858 0.000000
vn -0.095344 -0.030157 0.000000
vn -0.095344 -0.030157 0.000000
vn -0.086928 -0.049431 0.000000
vn -0.086928 -0.049431 0.000000
vn -0.077522 -0.063169 0.000000
vn -0.077522 -0.063169 0.000000
vn -0.062239 -0.078271 0.000000
vn -0.062239 -0.078271 0.000000
vn 0.020351 0.097907 0.000000
vn 0.007631 0.099708 0.000000
vn 0.020351 0.097907 0.000000
vn 0.007631 0.099708 0.000000
vn -0.006135 0.099812 0.000000
vn -0.006135 0.099812 0.000000
vn -0.020411 0.097895 0.000000
vn -0.020411 0.097895 0.000000
vn -0.034637 0.093810 0.000000
vn -0.034637 0.093810 0.000000
vn -0.048494 0.087455 0.000000
vn -0.048494 0.087455 0.000000
vn -0.061950 0.078500 0.000000
vn -0.061950 0.078500 0.000000
vn -0.074813 0.066355 0.000000
vn -0.074813 0.066355 0.000000
vn -0.086212 0.050670 0.000000
vn -0.086212 0.050670 0.000000
vn -0.094649 0.032272 0.000000
vn -0.094649 0.032272 0.000000
vn -0.099075 0.013571 0.000000
vn -0.099075 0.013571 0.000000
vn -0.099946 -0.003299 0.000000
vn -0.099946 -0.003299 0.000000
vn -0.098389 -0.017876 0.000000
vn -0.098389 -0.017876 0.000000
vn -0.095077 -0.030989 0.000000
vn -0.095077 -0.030989 0.000000
vn -0.089820 -0.043959 0.000000
vn -0.089820 -0.043959 0.000000
vn -0.081795 -0.057528 0.000000
vn -0.081795 -0.057528 0.000000
vn -0.070115 -0.071302 0.000000
vn -0.070115 -0.071302 0.000000
vn 0.010025 0.099496 0.000000
vn -0.006700 0.099775 0.000000
vn 0.010025 0.099496 0.000000
vn -0.006700 0.099775 0.000000
vn -0.019614 0.098058 0.000000
vn -0.019614 0.098058 0.000000
vn -0.034991 0.093678 0.000000
vn -0.034991 0.093678 0.000000
vn -0.049193 0.087063 0.000000
vn -0.049193 0.087063 0.000000
vn -0.061763 0.078647 0.000000
vn -0.061763 0.078647 0.000000
vn -0.077313 0.063425 0.000000
vn -0.077313 0.063425 0.000000
vn -0.087372 0.048643 0.000000
vn -0.087372 0.048643 0.000000
vn -0.096896 0.024722 0.000000
vn -0.096896 0.024722 0.000000
vn 0.005803 0.099832 0.000000
vn -0.010257 0.099473 0.000000
vn 0.005803 0.099832 0.000000
vn -0.010257 0.099473 0.000000
vn -0.024639 0.096917 0.000000
vn -0.024639 0.096917 0.000000
vn -0.044002 0.089799 0.000000
vn -0.044002 0.089799 0.000000
vn -0.064871 0.076104 0.000000
vn -0.064871 0.076104 0.000000
vn 0.035656 0.093427 0.000000
vn 0.029277 0.095618 0.000000
vn 0.035656 0.093427 0.000000
vn 0.029277 0.095618 0.000000
vn 0.011928 0.099286 0.000000
vn 0.011928 0.099286 0.000000
vn -0.006098 0.099814 0.000000
vn -0.006098 0.099814 0.000000
vn -0.027390 0.096176 0.000000
vn -0.027390 0.096176 0.000000
vn -0.041465 0.090998 0.000000
vn -0.041465 0.090998 0.000000
vn -0.054195 0.084041 0.000000
vn -0.054195 0.084041 0.000000
vn -0.052660 0.085011 0.000000
vn -0.052660 0.085011 0.000000
vn 0.049010 0.087167 0.000000
vn 0.028375 0.095890 0.000000
vn 0.049010 0.087167 0.000000
vn 0.028375 0.095890 0.000000
vn 0.008260 0.099658 0.000000
vn 0.008260 0.099658 0.000000
vn -0.013215 0.099123 0.000000
vn -0.013215 0.099123 0.000000
vn -0.030029 0.095385 0.000000
vn -0.030029 0.095385 0.000000
vn -0.046399 0.088584 0.000000
vn -0.046399 0.088584 0.000000
vn -0.060155 0.079883 0.000000
vn -0.060155 0.079883 0.000000
vn -0.069883 0.071528 0.000000
vn -0.069883 0.071528 0.000000
vn 0.060757 0.079426 0.000000
vn 0.041439 0.091010 0.000000
vn 0.060757 0.079426 0.000000
vn 0.041439 0.091010 0.000000
vn 0.028076 0.095978 0.000000
vn 0.028076 0.095978 0.000000
vn 0.011423 0.099345 0.000000
vn 0.011423 0.099345 0.000000
vn -0.005958 0.099822 0.000000
vn -0.005958 0.099822 0.000000
vn -0.018035 0.098360 0.000000
vn -0.018035 0.098360 0.000000
vn -0.027574 0.096123 0.000000
vn -0.027574 0.096123 0.000000
vn 0.067339 0.073928 0.000000
vn 0.072033 0.069364 0.000000
vn 0.067339 0.073928 0.000000
vn 0.072033 0.069364 0.000000
vn 0.063047 0.077622 0.000000
vn 0.063047 0.077622 0.000000
vn 0.041535 0.090966 0.000000
vn 0.041535 0.090966 0.000000
vn 0.027432 0.096164 0.000000
vn 0.027432 0.096164 0.000000
vn 0.014098 0.099001 0.000000
vn 0.014098 0.099001 0.000000
vn -0.005070 0.099871 0.000000
vn -0.005070 0.099871 0.000000
vn -0.017737 0.098414 0.000000
vn -0.017737 0.098414 0.000000
vn -0.034334 0.093921 0.000000
vn -0.034334 0.093921 0.000000
vn -0.000000 0.100000 0.000000
vn -0.000000 0.100000 0.000000
vn -0.000000 0.100000 0.000000
vn -0.000000 0.100000 0.000000
vn 0.097333 0.022943 0.000000
vn 0.093717 0.034886 0.000000
vn 0.097333 0.022943 0.000000
vn 0.093717 0.034886 0.000000
vn 0.091089 0.041265 0.000000
vn 0.091089 0.041265 0.000000
vn 0.083181 0.055507 0.000000
vn 0.083181 0.055507 0.000000
vn 0.068081 0.073246 0.000000
vn 0.068081 0.073246 0.000000
vn 0.057310 0.081948 0.000000
vn 0.057310 0.081948 0.000000
vn 0.054311 0.083966 0.000000
vn 0.054311 0.083966 0.000000
vn -0.041265 0.091089 0.000000
vn -0.057418 0.081873 0.000000
vn -0.041265 0.091089 0.000000
vn -0.057418 0.081873 0.000000
vn -0.064066 0.076783 0.000000
vn -0.064066 0.076783 0.000000
vn -0.071482 0.069931 0.000000
vn -0.071482 0.069931 0.000000
vn -0.085154 0.052429 0.000000
vn -0.085154 0.052429 0.000000
vn -0.093118 0.036456 0.000000
vn -0.093118 0.036456 0.000000
vn -0.096257 0.027103 0.000000
vn -0.096257 0.027103 0.000000
vn -0.092372 0.038307 0.000000
vn -0.092372 0.038307 0.000000
vn -0.000000 0.100000 0.000000
vn -0.000000 0.100000 0.000000
vn -0.000000 0.100000 0.000000
vn -0.000000 0.100000 0.000000
vn 0.018079 0.098352 0.000000
vn -0.006539 0.099786 0.000000
vn 0.018079 0.098352 0.000000
vn -0.006539 0.099786 0.000000
vn -0.026192 0.096509 0.000000
vn -0.026192 0.096509 0.000000
vn -0.046582 0.088488 0.000000
vn -0.046582 0.088488 0.000000
vn -0.060700 0.079470 0.000000
vn -0.060700 0.079470 0.000000
vn -0.068090 0.073237 0.000000
vn -0.068090 0.073237 0.000000
vn -0.074533 0.066670 0.000000
vn -0.074533 0.066670 0.000000
vn 0.049722 0.086762 0.000000
vn 0.030375 0.095275 0.000000
vn 0.049722 0.086762 0.000000
vn 0.030375 0.095275 0.000000
vn 0.015997 0.098712 0.000000
vn 0.015997 0.098712 0.000000
vn -0.009371 0.099560 0.000000
vn -0.009371 0.099560 0.000000
vn -0.024609 0.096925 0.000000
vn -0.024609 0.096925 0.000000
vn -0.040686 0.091349 0.000000
vn -0.040686 0.091349 0.000000
vn -0.055139 0.083425 0.000000
vn -0.055139 0.083425 0.000000
vn -0.066881 0.074344 0.000000
vn -0.066881 0.074344 0.000000
vn 0.088590 0.046388 0.000000
vn 0.077224 0.063533 0.000000
vn 0.088590 0.046388 0.000000
vn 0.077224 0.063533 0.000000
vn 0.063799 0.077005 0.000000
vn 0.063799 0.077005 0.000000
vn 0.050199 0.086487 0.000000
vn 0.050199 0.086487 0.000000
vn 0.037698 0.092622 0.000000
vn 0.037698 0.092622 0.000000
vn 0.017157 0.098517 0.000000
vn 0.017157 0.098517 0.000000
vn 0.000340 0.099999 0.000000
vn 0.000340 0.099999 0.000000
vn -0.015561 0.098782 0.000000
vn -0.015561 0.098782 0.000000
vn -0.030868 0.095116 0.000000
vn -0.030868 0.095116 0.000000
vn -0.044573 0.089517 0.000000
vn -0.044573 0.089517 0.000000
vn -0.056193 0.082718 0.000000
vn -0.056193 0.082718 0.000000
vn 0.090157 0.043264 0.000000
vn 0.078032 0.062538 0.000000
vn 0.090157 0.043264 0.000000
vn 0.078032 0.062538 0.000000
vn 0.065982 0.075142 0.000000
vn 0.065982 0.075142 0.000000
vn 0.047961 0.087748 0.000000
vn 0.047961 0.087748 0.000000
vn 0.034788 0.093754 0.000000
vn 0.034788 0.093754 0.000000
vn 0.017201 0.098509 0.000000
vn 0.017201 0.098509 0.000000
vn -0.005105 0.099870 0.000000
vn -0.005105 0.099870 0.000000
vn -0.022307 0.097480 0.000000
vn -0.022307 0.097480 0.000000
vn -0.039556 0.091844 0.000000
vn -0.039556 0.091844 0.000000
vn 0.099907 0.004317 0.000000
vn 0.097915 0.020312 0.000000
vn 0.099907 0.004317 0.000000
vn 0.097915 0.020312 0.000000
vn 0.093752 0.034793 0.000000
vn 0.093752 0.034793 0.000000
vn 0.082002 0.057233 0.000000
vn 0.082002 0.057233 0.000000
vn 0.069830 0.071580 0.000000
vn 0.069830 0.071580 0.000000
vn 0.059410 0.080439 0.000000
vn 0.059410 0.080439 0.000000
vn 0.043777 0.089909 0.000000
vn 0.043777 0.089909 0.000000
vn 0.031354 0.094957 0.000000
vn 0.031354 0.094957 0.000000
vn 0.018848 0.098208 0.000000
vn 0.018848 0.098208 0.000000
vn 0.005390 0.099855 0.000000
vn 0.005390 0.099855 0.000000
vn -0.008397 0.099647 0.000000
vn -0.008397 0.099647 0.000000
vn -0.021813 0.097592 0.000000
vn -0.021813 0.097592 0.000000
vn 0.089283 -0.045039 0.000000
vn 0.096607 -0.025830 0.000000
vn 0.089283 -0.045039 0.000000
vn 0.096607 -0.025830 0.000000
vn 0.099617 -0.008749 0.000000
vn 0.099617 -0.008749 0.000000
vn 0.098648 0.016388 0.000000
vn 0.098648 0.016388 0.000000
vn 0.094757 0.031954 0.000000
vn 0.094757 0.031954 0.000000
vn 0.090833 0.041826 0.000000
vn 0.090833 0.041826 0.000000
vn 0.080485 0.059347 0.000000
vn 0.080485 0.059347 0.000000
vn 0.069557 0.071845 0.000000
vn 0.069557 0.071845 0.000000
vn 0.055221 0.083371 0.000000
vn 0.055221 0.083371 0.000000
vn 0.044059 0.089771 0.000000
vn 0.044059 0.089771 0.000000
vn 0.030794 0.095141 0.000000
vn 0.030794 0.095141 0.000000
vn 0.007791 0.099696 0.000000
vn 0.007791 0.099696 0.000000
vn -0.000609 0.099998 0.000000
vn -0.000609 0.099998 0.000000
vn 0.001585 0.099987 0.000000
vn 0.001585 0.099987 0.000000
vn 0.084342 -0.053725 0.000000
vn 0.093919 -0.034341 0.000000
vn 0.084342 -0.053725 0.000000
vn 0.093919 -0.034341 0.000000
vn 0.099564 -0.009330 0.000000
vn 0.099564 -0.009330 0.000000
vn 0.099698 0.007766 0.000000
vn 0.099698 0.007766 0.000000
vn 0.096443 0.026433 0.000000
vn 0.096443 0.026433 0.000000
vn 0.089764 0.044072 0.000000
vn 0.089764 0.044072 0.000000
vn 0.080280 0.059624 0.000000
vn 0.080280 0.059624 0.000000
vn 0.067699 0.073599 0.000000
vn 0.067699 0.073599 0.000000
vn 0.051369 0.085798 0.000000
vn 0.051369 0.085798 0.000000
vn 0.033097 0.094364 0.000000
vn 0.033097 0.094364 0.000000
vn 0.017440 0.098467 0.000000
vn 0.017440 0.098467 0.000000
vn -0.006408 0.099794 0.000000
vn -0.006408 0.099794 0.000000
vn 0.072831 -0.068525 0.000000
vn 0.082922 -0.055893 0.000000
vn 0.072831 -0.068525 0.000000
vn 0.082922 -0.055893 0.000000
vn 0.092404 -0.038229 0.000000
vn 0.092404 -0.038229 0.000000
vn 0.098671 -0.016249 0.000000
vn 0.098671 -0.016249 0.000000
vn 0.099834 0.005760 0.000000
vn 0.099834 0.005760 0.000000
vn 0.096995 0.024329 0.000000
vn 0.096995 0.024329 0.000000
vn 0.091524 0.040290 0.000000
vn 0.091524 0.040290 0.000000
vn 0.083013 0.055756 0.000000
vn 0.083013 0.055756 0.000000
vn 0.070092 0.071324 0.000000
vn 0.070092 0.071324 0.000000
vn 0.078150 -0.062391 0.000000
vn 0.082000 -0.057236 0.000000
vn 0.078150 -0.062391 0.000000
vn 0.082000 -0.057236 0.000000
vn 0.087936 -0.047616 0.000000
vn 0.087936 -0.047616 0.000000
vn 0.095909 -0.028310 0.000000
vn 0.095909 -0.028310 0.000000
vn 0.099833 -0.005770 0.000000
vn 0.099833 -0.005770 0.000000
vn 0.099132 0.013145 0.000000
vn 0.099132 0.013145 0.000000
vn 0.093889 0.034421 0.000000
vn 0.093889 0.034421 0.000000
vn 0.086304 0.050514 0.000000
vn 0.086304 0.050514 0.000000
vn 0.079486 0.060680 0.000000
vn 0.079486 0.060680 0.000000
vn 0.069377 0.072019 0.000000
vn 0.069377 0.072019 0.000000
vn 0.055259 -0.083346 0.000000
vn 0.067056 -0.074185 0.000000
vn 0.055259 -0.083346 0.000000
vn 0.067056 -0.074185 0.000000
vn 0.079198 -0.061055 0.000000
vn 0.079198 -0.061055 0.000000
vn 0.089709 -0.044185 0.000000
vn 0.089709 -0.044185 0.000000
vn 0.096441 -0.026441 0.000000
vn 0.096441 -0.026441 0.000000
vn 0.099389 -0.011033 0.000000
vn 0.099389 -0.011033 0.000000
vn 0.099966 0.002611 0.000000
vn 0.099966 0.002611 0.000000
vn 0.098254 0.018606 0.000000
vn 0.098254 0.018606 0.000000
vn 0.095551 0.029495 0.000000
vn 0.095551 0.029495 0.000000
vn 0.090037 0.043512 0.000000
vn 0.090037 0.043512 0.000000
vn 0.033429 -0.094247 0.000000
vn 0.050457 -0.086337 0.000000
vn 0.033429 -0.094247 0.000000
vn 0.050457 -0.086337 0.000000
vn 0.058239 -0.081291 0.000000
vn 0.058239 -0.081291 0.000000
vn 0.065362 -0.075682 0.000000
vn 0.065362 -0.075682 0.000000
vn 0.080294 -0.059606 0.000000
vn 0.080294 -0.059606 0.000000
vn 0.091879 -0.039474 0.000000
vn 0.091879 -0.039474 0.000000
vn 0.096882 -0.024778 0.000000
vn 0.096882 -0.024778 0.000000
vn 0.099504 -0.009951 0.000000
vn 0.099504 -0.009951 0.000000
vn 0.099947 0.003251 0.000000
vn 0.099947 0.003251 0.000000
vn 0.096680 0.025553 0.000000
vn 0.096680 0.025553 0.000000
vn 0.026997 -0.096287 0.000000
vn 0.039571 -0.091838 0.000000
vn 0.026997 -0.096287 0.000000
vn 0.039571 -0.091838 0.000000
vn 0.050909 -0.086071 0.000000
vn 0.050909 -0.086071 0.000000
vn 0.067109 -0.074138 0.000000
vn 0.067109 -0.074138 0.000000
vn 0.083914 -0.054391 0.000000
vn 0.083914 -0.054391 0.000000
vn 0.094048 -0.033986 0.000000
vn 0.094048 -0.033986 0.000000
vn 0.097852 -0.020614 0.000000
vn 0.097852 -0.020614 0.000000
vn 0.000000 0.000000 -0.100000
vn 0.000000 0.000000 -0.100000
vn 0.000000 0.000000 -0.100000
vn 0.000000 0.000000 -0.100000
vn 0.000000 0.000000 -0.100000
vn 0.000000 0.000000 -0.100000
vn 0.000000 0.000000 -0.100000
vn 0.000000 0.000000 -0.100000
vn 0.000000 0.000000 -0.100000
vn 0.000000 0.000000 -0.100000
vn 0.000000 0.000000 -0.100000
vn 0.000000 0.000000 -0.100000
vn 0.000000 0.000000 -0.100000
vn 0.000000 0.000000 -0.100000
vn 0.000000 0.000000 -0.100000
vn 0.000000 0.000000 -0.100000
vn 0.000000 0.000000 -0.100000
vn 0.000000 0.000000 -0.100000
vn 0.000000 0.000000 -0.100000
vn 0.000000 0.000000 -0.100000
vn 0.000000 0.000000 -0.100000
vn 0.000000 0.000000 -0.100000
vn 0.000000 0.000000 -0.100000
vn 0.000000 0.000000 -0.100000
vn 0.000000 0.000000 -0.100000
vn 0.000000 0.000000 -0.100000
vn 0.000000 0.000000 -0.100000
vn 0.000000 0.000000 -0.100000
vn 0.000000 0.000000 -0.100000
vn 0.000000 0.000000 -0.100000
vn 0.000000 0.000000 -0.100000
vn 0.000000 0.000000 -0.100000
vn 0.000000 0.000000 -0.100000
vn 0.000000 0.000000 -0.100000
vn 0.000000 0.000000 -0.100000
vn 0.000000 0.000000 -0.100000
vn 0.000000 0.000000 -0.100000
vn 0.000000 0.000000 -0.100000
vn 0.000000 0.000000 -0.100000
vn 0.000000 0.000000 -0.100000
vn 0.000000 0.000000 -0.100000
vn 0.000000 0.000000 -0.100000
vn 0.000000 0.000000 -0.100000
vn 0.000000 0.000000 -0.100000
vn 0.000000 0.000000 -0.100000
vn 0.000000 0.000000 -0.100000
vn 0.000000 0.000000 -0.100000
vn 0.000000 0.000000 -0.100000
vn 0.000000 0.000000 -0.100000
vn 0.000000 0.000000 -0.100000
vn 0.000000 0.000000 -0.100000
vn 0.000000 0.000000 -0.100000
vn 0.000000 0.000000 -0.100000
vn 0.000000 0.000000 -0.100000
vn 0.000000 0.000000 -0.100000
vn 0.000000 0.000000 -0.100000
vn 0.000000 0.000000 -0.100000
vn 0.000000 0.000000 -0.100000
vn 0.000000 0.000000 -0.100000
vn 0.000000 0.000000 -0.100000
vn 0.000000 0.000000 -0.100000
vn 0.000000 0.000000 -0.100000
vn 0.000000 0.000000 -0.100000
vn 0.000000 0.000000 -0.100000
vn 0.000000 0.000000 -0.100000
vn 0.000000 0.000000 -0.100000
vn 0.000000 0.000000 -0.100000
vn 0.000000 0.000000 -0.100000
vn 0.000000 0.000000 -0.100000
vn 0.000000 0.000000 -0.100000
vn 0.000000 0.000000 -0.100000
vn 0.000000 0.000000 -0.100000
vn 0.000000 0.000000 -0.100000
vn 0.000000 0.000000 -0.100000
vn 0.000000 0.000000 -0.100000
vn 0.000000 0.000000 -0.100000
vn 0.000000 0.000000 -0.100000
vn 0.000000 0.000000 -0.100000
vn 0.000000 0.000000 -0.100000
vn 0.000000 0.000000 -0.100000
vn 0.000000 0.000000 -0.100000
vn 0.000000 0.000000 -0.100000
vn 0.000000 0.000000 -0.100000
vn 0.000000 0.000000 -0.100000
vn 0.000000 0.000000 -0.100000
vn 0.000000 0.000000 -0.100000
vn 0.000000 0.000000 -0.100000
vn 0.000000 0.000000 -0.100000
vn 0.000000 0.000000 -0.100000
vn 0.000000 0.000000 -0.100000
vn 0.000000 0.000000 -0.100000
vn 0.000000 0.000000 -0.100000
vn 0.000000 0.000000 -0.100000
vn 0.000000 0.000000 -0.100000
vn 0.000000 0.000000 -0.100000
vn 0.000000 0.000000 -0.100000
vn 0.000000 0.000000 -0.100000
vn 0.000000 0.000000 -0.100000
vn 0.000000 0.000000 -0.100000
vn 0.000000 0.000000 -0.100000
vn 0.000000 0.000000 -0.100000
vn 0.000000 0.000000 -0.100000
vn 0.000000 0.000000 -0.100000
vn 0.000000 0.000000 -0.100000
vn 0.000000 0.000000 -0.100000
vn 0.000000 0.000000 -0.100000
vn 0.000000 0.000000 -0.100000
vn 0.000000 0.000000 -0.100000
vn 0.000000 0.000000 -0.100000
vn 0.000000 0.000000 -0.100000
vn 0.000000 0.000000 -0.100000
vn 0.000000 0.000000 -0.100000
vn 0.000000 0.000000 -0.100000
vn 0.000000 0.000000 -0.100000
vn 0.000000 0.000000 -0.100000
vn 0.000000 0.000000 -0.100000
vn 0.000000 0.000000 -0.100000
vn 0.000000 0.000000 -0.100000
vn 0.000000 0.000000 -0.100000
vn 0.000000 0.000000 -0.100000
vn 0.000000 0.000000 -0.100000
vn 0.000000 0.000000 -0.100000
vn 0.000000 0.000000 -0.100000
vn 0.000000 0.000000 -0.100000
vn 0.000000 0.000000 -0.100000
vn 0.000000 0.000000 -0.100000
vn 0.000000 0.000000 -0.100000
vn 0.000000 0.000000 -0.100000
vn 0.000000 0.000000 -0.100000
vn 0.000000 0.000000 -0.100000
vn 0.000000 0.000000 -0.100000
vn 0.000000 0.000000 -0.100000
vn 0.000000 0.000000 -0.100000
vn 0.000000 0.000000 -0.100000
vn 0.000000 0.000000 -0.100000
vn 0.000000 0.000000 -0.100000
vn 0.000000 0.000000 -0.100000
vn 0.000000 0.000000 -0.100000
vn 0.000000 0.000000 -0.100000
vn 0.000000 0.000000 -0.100000
vn 0.000000 0.000000 -0.100000
vn 0.000000 0.000000 -0.100000
vn 0.000000 0.000000 -0.100000
vn 0.000000 0.000000 -0.100000
vn 0.000000 0.000000 -0.100000
vn 0.000000 0.000000 -0.100000
vn 0.000000 0.000000 -0.100000
vn 0.000000 0.000000 -0.100000
vn 0.000000 0.000000 -0.100000
vn 0.000000 0.000000 -0.100000
vn 0.000000 0.000000 -0.100000
vn 0.000000 0.000000 -0.100000
vn 0.000000 0.000000 -0.100000
vn 0.000000 0.000000 -0.100000
vn 0.000000 0.000000 -0.100000
vn 0.000000 0.000000 -0.100000
vn 0.000000 0.000000 -0.100000
vn 0.000000 0.000000 -0.100000
vn 0.000000 0.000000 -0.100000
vn 0.000000 0.000000 -0.100000
vn 0.000000 0.000000 -0.100000
vn 0.000000 0.000000 -0.100000
vn 0.000000 0.000000 -0.100000
vn 0.000000 0.000000 -0.100000
vn 0.000000 0.000000 -0.100000
vn 0.000000 0.000000 -0.100000
vn 0.000000 0.000000 -0.100000
vn 0.000000 0.000000 -0.100000
vn 0.000000 0.000000 -0.100000
vn 0.000000 0.000000 -0.100000
vn 0.000000 0.000000 -0.100000
vn 0.000000 0.000000 -0.100000
vn 0.000000 0.000000 -0.100000
vn 0.000000 0.000000 -0.100000
vn 0.000000 0.000000 -0.100000
vn 0.000000 0.000000 -0.100000
vn 0.000000 0.000000 -0.100000
vn 0.000000 0.000000 -0.100000
vn 0.000000 0.000000 -0.100000
vn 0.000000 0.000000 -0.100000
vn 0.000000 0.000000 -0.100000
vn 0.000000 0.000000 -0.100000
vn 0.000000 0.000000 -0.100000
vn 0.000000 0.000000 -0.100000
vn 0.000000 0.000000 -0.100000
vn 0.000000 0.000000 -0.100000
vn 0.000000 0.000000 -0.100000
vn 0.000000 0.000000 -0.100000
vn 0.000000 0.000000 -0.100000
vn 0.000000 0.000000 -0.100000
vn 0.000000 0.000000 -0.100000
vn 0.000000 0.000000 -0.100000
vn 0.000000 0.000000 -0.100000
vn 0.000000 0.000000 -0.100000
vn 0.000000 0.000000 -0.100000
vn 0.000000 0.000000 -0.100000
vn 0.000000 0.000000 -0.100000
vn 0.000000 0.000000 -0.100000
vn 0.000000 0.000000 -0.100000
vn 0.000000 0.000000 -0.100000
vn 0.000000 0.000000 -0.100000
vn 0.000000 0.000000 -0.100000
vn 0.000000 0.000000 -0.100000
vn 0.000000 0.000000 -0.100000
vn 0.000000 0.000000 -0.100000
vn 0.000000 0.000000 -0.100000
vn 0.000000 0.000000 -0.100000
vn 0.000000 0.000000 -0.100000
vn 0.000000 0.000000 -0.100000
vn 0.000000 0.000000 -0.100000
vn 0.000000 0.000000 -0.100000
vn 0.000000 0.000000 -0.100000
vn 0.000000 0.000000 -0.100000
vn 0.000000 0.000000 -0.100000
vn 0.000000 0.000000 -0.100000
vn 0.000000 0.000000 -0.100000
vn 0.000000 0.000000 -0.100000
vn 0.000000 0.000000 -0.100000
vn 0.000000 0.000000 -0.100000
vn 0.000000 0.000000 -0.100000
vn 0.000000 0.000000 -0.100000
vn 0.000000 0.000000 -0.100000
vn 0.000000 0.000000 -0.100000
vn 0.000000 0.000000 -0.100000
vn 0.000000 0.000000 -0.100000
vn 0.000000 0.000000 -0.100000
vn 0.000000 0.000000 -0.100000
vn 0.000000 0.000000 -0.100000
vn 0.000000 0.000000 -0.100000
vn 0.000000 0.000000 -0.100000
vn 0.000000 0.000000 -0.100000
vn 0.000000 0.000000 -0.100000
vn 0.000000 0.000000 -0.100000
vn 0.000000 0.000000 -0.100000
vn 0.000000 0.000000 -0.100000
vn 0.000000 0.000000 -0.100000
vn 0.000000 0.000000 -0.100000
vn 0.000000 0.000000 -0.100000
vn 0.000000 0.000000 -0.100000
vn 0.000000 0.000000 -0.100000
vn 0.000000 0.000000 -0.100000
vn 0.000000 0.000000 -0.100000
vn 0.000000 0.000000 -0.100000
vn 0.000000 0.000000 -0.100000
vn 0.000000 0.000000 -0.100000
vn 0.000000 0.000000 -0.100000
vn 0.000000 0.000000 -0.100000
vn 0.000000 0.000000 -0.100000
vn 0.000000 0.000000 -0.100000
vn 0.000000 0.000000 -0.100000
vn 0.000000 0.000000 -0.100000
vn 0.000000 0.000000 -0.100000
vn 0.000000 0.000000 -0.100000
vn 0.000000 0.000000 -0.100000
vn 0.000000 0.000000 -0.100000
vn 0.000000 0.000000 -0.100000
vn 0.000000 0.000000 -0.100000
vn 0.000000 0.000000 -0.100000
vn 0.000000 0.000000 -0.100000
vn 0.000000 0.000000 -0.100000
vn 0.000000 0.000000 -0.100000
vn 0.000000 0.000000 -0.100000
vn 0.000000 0.000000 -0.100000
vn 0.000000 0.000000 -0.100000
vn 0.000000 0.000000 -0.100000
vn 0.000000 0.000000 -0.100000
vn 0.000000 0.000000 -0.100000
vn 0.000000 0.000000 -0.100000
vn 0.000000 0.000000 -0.100000
vn 0.000000 0.000000 -0.100000
vn 0.000000 0.000000 -0.100000
vn 0.000000 0.000000 -0.100000
vn 0.000000 0.000000 -0.100000
vn 0.000000 0.000000 -0.100000
vn 0.000000 0.000000 -0.100000
vn 0.000000 0.000000 -0.100000
vn 0.000000 0.000000 -0.100000
vn 0.000000 0.000000 -0.100000
vn 0.000000 0.000000 -0.100000
vn 0.000000 0.000000 -0.100000
vn 0.000000 0.000000 -0.100000
vn 0.000000 0.000000 -0.100000
vn 0.000000 0.000000 -0.100000
vn 0.000000 0.000000 -0.100000
vn 0.000000 0.000000 -0.100000
vn 0.000000 0.000000 -0.100000
vn 0.000000 0.000000 -0.100000
vn 0.000000 0.000000 -0.100000
vn 0.000000 0.000000 -0.100000
vn 0.000000 0.000000 -0.100000
vn 0.000000 0.000000 -0.100000
vn 0.000000 0.000000 -0.100000
vn 0.000000 0.000000 -0.100000
vn 0.000000 0.000000 -0.100000
vn 0.000000 0.000000 -0.100000
vn 0.000000 0.000000 -0.100000
vn 0.000000 0.000000 -0.100000
vn 0.000000 0.000000 -0.100000
vn 0.000000 0.000000 -0.100000
vn 0.000000 0.000000 -0.100000
vn 0.000000 0.000000 -0.100000
vn 0.000000 0.000000 -0.100000
vn 0.000000 0.000000 -0.100000
vn 0.000000 0.000000 -0.100000
vn 0.000000 0.000000 -0.100000
vn 0.000000 0.000000 -0.100000
vn 0.000000 0.000000 -0.100000
vn 0.000000 0.000000 -0.100000
vn 0.000000 0.000000 -0.100000
vn 0.000000 0.000000 -0.100000
vn 0.000000 0.000000 -0.100000
vn 0.000000 0.000000 -0.100000
vn 0.000000 0.000000 -0.100000
vn 0.000000 0.000000 -0.100000
vn 0.000000 0.000000 -0.100000
vn 0.000000 0.000000 -0.100000
vn 0.000000 0.000000 -0.100000
vn 0.000000 0.000000 -0.100000
vn 0.000000 0.000000 -0.100000
vn 0.000000 0.000000 -0.100000
vn 0.000000 0.000000 -0.100000
vn 0.000000 0.000000 -0.100000
vn 0.000000 0.000000 -0.100000
vn 0.000000 0.000000 -0.100000
vn 0.000000 0.000000 -0.100000
vn 0.000000 0.000000 -0.100000
usemtl Steel_-_Satin
f 1/1/1 2/2/2 12/3/3
f 12/3/3 2/2/2 11/4/4
f 11/4/4 2/2/2 3/5/5
f 11/4/4 3/5/5 10/6/6
f 10/6/6 3/5/5 4/7/7
f 10/6/6 4/7/7 9/8/8
f 9/8/8 4/7/7 5/9/9
f 9/8/8 5/9/9 8/10/10
f 8/10/10 5/9/9 6/11/11
f 8/10/10 6/11/11 7/12/12
f 6/13/13 13/14/14 7/15/15
f 7/15/15 13/14/14 16/16/16
f 16/16/16 13/14/14 14/17/17
f 16/16/16 14/17/17 15/18/18
f 14/19/19 17/20/20 15/21/21
f 15/21/21 17/20/20 28/22/22
f 28/22/22 17/20/20 18/23/23
f 28/22/22 18/23/23 27/24/24
f 27/24/24 18/23/23 19/25/25
f 27/24/24 19/25/25 26/26/26
f 26/26/26 19/25/25 20/27/27
f 26/26/26 20/27/27 25/28/28
f 25/28/28 20/27/27 21/29/29
f 25/28/28 21/29/29 24/30/30
f 24/30/30 21/29/29 22/31/31
f 24/30/30 22/31/31 23/32/32
f 22/33/33 29/34/34 23/35/35
f 23/35/35 29/34/34 34/36/36
f 34/36/36 29/34/34 30/37/37
f 34/36/36 30/37/37 33/38/38
f 33/38/38 30/37/37 31/39/39
f 33/38/38 31/39/39 32/40/40
f 31/41/41 35/42/42 32/43/43
f 32/43/43 35/42/42 40/44/44
f 40/44/44 35/42/42 36/45/45
f 40/44/44 36/45/45 39/46/46
f 39/46/46 36/45/45 37/47/47
f 39/46/46 37/47/47 38/48/48
f 37/49/49 41/50/50 38/51/51
f 38/51/51 41/50/50 50/52/52
f 50/52/52 41/50/50 42/53/53
f 50/52/52 42/53/53 49/54/54
f 49/54/54 42/53/53 43/55/55
f 49/54/54 43/55/55 48/56/56
f 48/56/56 43/55/55 44/57/57
f 48/56/56 44/57/57 47/58/58
f 47/58/58 44/57/57 45/59/59
f 47/58/58 45/59/59 46/60/60
f 45/61/61 51/62/62 46/63/63
f 46/63/63 51/62/62 64/64/64
f 64/64/64 51/62/62 52/65/65
f 64/64/64 52/65/65 63/66/66
f 63/66/66 52/65/65 53/67/67
f 63/66/66 53/67/67 62/68/68
f 62/68/68 53/67/67 54/69/69
f 62/68/68 54/69/69 61/70/70
f 61/70/70 54/69/69 55/71/71
f 61/70/70 55/71/71 60/72/72
f 60/72/72 55/71/71 56/73/73
f 60/72/72 56/73/73 59/74/74
f 59/74/74 56/73/73 57/75/75
f 59/74/74 57/75/75 58/76/76
f 57/77/77 65/78/78 58/79/79
f 58/79/79 65/78/78 80/80/80
f 80/80/80 65/78/78 66/81/81
f 80/80/80 66/81/81 79/82/82
f 79/82/82 66/81/81 67/83/83
f 79/82/82 67/83/83 78/84/84
f 78/84/84 67/83/83 68/85/85
f 78/84/84 68/85/85 77/86/86
f 77/86/86 68/85/85 69/87/87
f 77/86/86 69/87/87 76/88/88
f 76/88/88 69/87/87 70/89/89
f 76/88/88 70/89/89 75/90/90
f 75/90/90 70/89/89 71/91/91
f 75/90/90 71/91/91 74/92/92
f 74/92/92 71/91/91 72/93/93
f 74/92/92 72/93/93 73/94/94
f 72/95/95 81/96/96 73/97/97
f 73/97/97 81/96/96 114/98/98
f 114/98/98 81/96/96 82/99/99
f 114/98/98 82/99/99 113/100/100
f 113/100/100 82/99/99 83/101/101
f 113/100/100 83/101/101 112/102/102
f 112/102/102 83/101/101 84/103/103
f 112/102/102 84/103/103 111/104/104
f 111/104/104 84/103/103 85/105/105
f 111/104/104 85/105/105 110/106/106
f 110/106/106 85/105/105 86/107/107
f 110/106/106 86/107/107 109/108/108
f 109/108/108 86/107/107 87/109/109
f 109/108/108 87/109/109 108/110/110
f 108/110/110 87/109/109 88/111/111
f 108/110/110 88/111/111 107/112/112
f 107/112/112 88/111/111 89/113/113
f 107/112/112 89/113/113 106/114/114
f 106/114/114 89/113/113 90/115/115
f 106/114/114 90/115/115 105/116/116
f 105/116/116 90/115/115 91/117/117
f 105/116/116 91/117/117 104/118/118
f 104/118/118 91/117/117 92/119/119
f 104/118/118 92/119/119 103/120/120
f 103/120/120 92/119/119 93/121/121
f 103/120/120 93/121/121 102/122/122
f 102/122/122 93/121/121 94/123/123
f 102/122/122 94/123/123 101/124/124
f 101/124/124 94/123/123 95/125/125
f 101/124/124 95/125/125 100/126/126
f 100/126/126 95/125/125 96/127/127
f 100/126/126 96/127/127 99/128/128
f 99/128/128 96/127/127 97/129/129
f 99/128/128 97/129/129 98/130/130
f 97/131/131 115/132/132 98/133/133
f 98/133/133 115/132/132 118/134/134
f 118/134/134 115/132/132 116/135/135
f 118/134/134 116/135/135 117/136/136
f 116/137/137 119/138/138 117/139/139
f 117/139/139 119/138/138 122/140/140
f 122/140/140 119/138/138 120/141/141
f 122/140/140 120/141/141 121/142/142
f 120/143/143 123/144/144 121/145/145
f 121/145/145 123/144/144 134/146/146
f 134/146/146 123/144/144 124/147/147
f 134/146/146 124/147/147 133/148/148
f 133/148/148 124/147/147 125/149/149
f 133/148/148 125/149/149 132/150/150
f 132/150/150 125/149/149 126/151/151
f 132/150/150 126/151/151 131/152/152
f 131/152/152 126/151/151 127/153/153
f 131/152/152 127/153/153 130/154/154
f 130/154/154 127/153/153 128/155/155
f 130/154/154 128/155/155 129/156/156
f 128/157/157 135/158/158 129/159/159
f 129/159/159 135/158/158 158/160/160
f 158/160/160 135/158/158 136/161/161
f 158/160/160 136/161/161 157/162/162
f 157/162/162 136/161/161 137/163/163
f 157/162/162 137/163/163 156/164/164
f 156/164/164 137/163/163 138/165/165
f 156/164/164 138/165/165 155/166/166
f 155/166/166 138/165/165 139/167/167
f 155/166/166 139/167/167 154/168/168
f 154/168/168 139/167/167 140/169/169
f 154/168/168 140/169/169 153/170/170
f 153/170/170 140/169/169 141/171/171
f 153/170/170 141/171/171 152/172/172
f 152/172/172 141/171/171 142/173/173
f 152/172/172 142/173/173 151/174/174
f 151/174/174 142/173/173 143/175/175
f 151/174/174 143/175/175 150/176/176
f 150/176/176 143/175/175 144/177/177
f 150/176/176 144/177/177 149/178/178
f 149/178/178 144/177/177 145/179/179
f 149/178/178 145/179/179 148/180/180
f 148/180/180 145/179/179 146/181/181
f 148/180/180 146/181/181 147/182/182
f 146/183/183 159/184/184 147/185/185
f 147/185/185 159/184/184 172/186/186
f 172/186/186 159/184/184 160/187/187
f 172/186/186 160/187/187 171/188/188
f 171/188/188 160/187/187 161/189/189
f 171/188/188 161/189/189 170/190/190
f 170/190/190 161/189/189 162/191/191
f 170/190/190 162/191/191 169/192/192
f 169/192/192 162/191/191 163/193/193
f 169/192/192 163/193/193 168/194/194
f 168/194/194 163/193/193 164/195/195
f 168/194/194 164/195/195 167/196/196
f 167/196/196 164/195/195 165/197/197
f 167/196/196 165/197/197 166/198/198
f 165/197/199 173/199/200 166/200/201
f 166/200/201 173/199/200 198/201/202
f 198/201/202 173/199/200 174/202/203
f 198/201/202 174/202/203 197/203/204
f 197/203/204 174/202/203 175/204/205
f 197/203/204 175/204/205 196/205/206
f 196/205/206 175/204/205 176/206/207
f 196/205/206 176/206/207 195/207/208
f 195/207/208 176/206/207 177/208/209
f 195/207/208 177/208/209 194/209/210
f 194/209/210 177/208/209 178/210/211
f 194/209/210 178/210/211 193/211/212
f 193/211/212 178/210/211 179/212/213
f 193/211/212 179/212/213 192/213/214
f 192/213/214 179/212/213 180/214/215
f 192/213/214 180/214/215 191/215/216
f 191/215/216 180/214/215 181/216/217
f 191/215/216 181/216/217 190/217/218
f 190/217/218 181/216/217 182/218/219
f 190/217/218 182/218/219 189/219/220
f 189/219/220 182/218/219 183/220/221
f 189/219/220 183/220/221 188/221/222
f 188/221/222 183/220/221 184/222/223
f 188/221/222 184/222/223 187/223/224
f 187/223/224 184/222/223 185/224/225
f 187/223/224 185/224/225 186/225/226
f 199/226/227 200/227/228 204/228/229
f 204/228/229 200/227/228 203/229/230
f 203/229/230 200/227/228 201/230/231
f 203/229/230 201/230/231 202/231/232
f 202/231/232 201/230/231 1/232/233
f 202/231/232 1/232/233 12/233/234
f 205/234/235 206/235/236 218/236/237
f 218/236/237 206/235/236 217/237/238
f 217/237/238 206/235/236 207/238/239
f 217/237/238 207/238/239 216/239/240
f 216/239/240 207/238/239 208/240/241
f 216/239/240 208/240/241 215/241/242
f 215/241/242 208/240/241 209/242/243
f 215/241/242 209/242/243 214/243/244
f 214/243/244 209/242/243 210/244/245
f 214/243/244 210/244/245 213/245/246
f 213/245/246 210/244/245 211/246/247
f 213/245/246 211/246/247 212/247/248
f 212/247/248 211/246/247 199/248/249
f 212/247/248 199/248/249 204/249/250
f 219/250/251 220/251/252 258/252/253
f 258/252/253 220/251/252 257/253/254
f 257/253/254 220/251/252 221/254/255
f 257/253/254 221/254/255 256/255/256
f 256/255/256 221/254/255 222/256/257
f 256/255/256 222/256/257 255/257/258
f 255/257/258 222/256/257 223/258/259
f 255/257/258 223/258/259 254/259/260
f 254/259/260 223/258/259 224/260/261
f 254/259/260 224/260/261 253/261/262
f 253/261/262 224/260/261 225/262/263
f 253/261/262 225/262/263 252/263/264
f 252/263/264 225/262/263 226/264/265
f 252/263/264 226/264/265 251/265/266
f 251/265/266 226/264/265 227/266/267
f 251/265/266 227/266/267 250/267/268
f 250/267/268 227/266/267 228/268/269
f 250/267/268 228/268/269 249/269/270
f 249/269/270 228/268/269 229/270/271
f 249/269/270 229/270/271 248/271/272
f 248/271/272 229/270/271 230/272/273
f 248/271/272 230/272/273 247/273/274
f 247/273/274 230/272/273 231/274/275
f 247/273/274 231/274/275 246/275/276
f 246/275/276 231/274/275 232/276/277
f 246/275/276 232/276/277 245/277/278
f 245/277/278 232/276/277 233/278/279
f 245/277/278 233/278/279 244/279/280
f 244/279/280 233/278/279 234/280/281
f 244/279/280 234/280/281 243/281/282
f 243/281/282 234/280/281 235/282/283
f 243/281/282 235/282/283 242/283/284
f 242/283/284 235/282/283 236/284/285
f 242/283/284 236/284/285 241/285/286
f 241/285/286 236/284/285 237/286/287
f 241/285/286 237/286/287 240/287/288
f 240/287/288 237/286/287 238/288/289
f 240/287/288 238/288/289 239/289/290
f 239/289/290 238/288/289 205/290/291
f 239/289/290 205/290/291 218/291/292
f 259/292/293 260/293/294 274/294/295
f 274/294/295 260/293/294 273/295/296
f 273/295/296 260/293/294 261/296/297
f 273/295/296 261/296/297 272/297/298
f 272/297/298 261/296/297 262/298/299
f 272/297/298 262/298/299 271/299/300
f 271/299/300 262/298/299 263/300/301
f 271/299/300 263/300/301 270/301/302
f 270/301/302 263/300/301 264/302/303
f 270/301/302 264/302/303 269/303/304
f 269/303/304 264/302/303 265/304/305
f 269/303/304 265/304/305 268/305/306
f 268/305/306 265/304/305 266/306/307
f 268/305/306 266/306/307 267/307/308
f 267/307/308 266/306/307 219/308/309
f 267/307/308 219/308/309 258/309/310
f 275/310/311 276/311/312 286/312/313
f 286/312/313 276/311/312 285/313/314
f 285/313/314 276/311/312 277/314/315
f 285/313/314 277/314/315 284/315/316
f 284/315/316 277/314/315 278/316/317
f 284/315/316 278/316/317 283/317/318
f 283/317/318 278/316/317 279/318/319
f 283/317/318 279/318/319 282/319/320
f 282/319/320 279/318/319 280/320/321
f 282/319/320 280/320/321 281/321/322
f 281/321/322 280/320/321 259/322/323
f 281/321/322 259/322/323 274/323/324
f 287/324/325 288/325/326 300/326/327
f 300/326/327 288/325/326 299/327/328
f 299/327/328 288/325/326 289/328/329
f 299/327/328 289/328/329 298/329/330
f 298/329/330 289/328/329 290/330/331
f 298/329/330 290/330/331 297/331/332
f 297/331/332 290/330/331 291/332/333
f 297/331/332 291/332/333 296/333/334
f 296/333/334 291/332/333 292/334/335
f 296/333/334 292/334/335 295/335/336
f 295/335/336 292/334/335 293/336/337
f 295/335/336 293/336/337 294/337/338
f 294/337/338 293/336/337 275/338/339
f 294/337/338 275/338/339 286/339/340
f 301/340/341 302/341/342 324/342/343
f 324/342/343 302/341/342 323/343/344
f 323/343/344 302/341/342 303/344/345
f 323/343/344 303/344/345 322/345/346
f 322/345/346 303/344/345 304/346/347
f 322/345/346 304/346/347 321/347/348
f 321/347/348 304/346/347 305/348/349
f 321/347/348 305/348/349 320/349/350
f 320/349/350 305/348/349 306/350/351
f 320/349/350 306/350/351 319/351/352
f 319/351/352 306/350/351 307/352/353
f 319/351/352 307/352/353 318/353/354
f 318/353/354 307/352/353 308/354/355
f 318/353/354 308/354/355 317/355/356
f 317/355/356 308/354/355 309/356/357
f 317/355/356 309/356/357 316/357/358
f 316/357/358 309/356/357 310/358/359
f 316/357/358 310/358/359 315/359/360
f 315/359/360 310/358/359 311/360/361
f 315/359/360 311/360/361 314/361/362
f 314/361/362 311/360/361 312/362/363
f 314/361/362 312/362/363 313/363/364
f 313/363/364 312/362/363 287/364/365
f 313/363/364 287/364/365 300/365/366
f 325/366/367 326/367/368 358/368/369
f 358/368/369 326/367/368 357/369/370
f 357/369/370 326/367/368 327/370/371
f 357/369/370 327/370/371 356/371/372
f 356/371/372 327/370/371 328/372/373
f 356/371/372 328/372/373 355/373/374
f 355/373/374 328/372/373 329/374/375
f 355/373/374 329/374/375 354/375/376
f 354/375/376 329/374/375 330/376/377
f 354/375/376 330/376/377 353/377/378
f 353/377/378 330/376/377 331/378/379
f 353/377/378 331/378/379 352/379/380
f 352/379/380 331/378/379 332/380/381
f 352/379/380 332/380/381 351/381/382
f 351/381/382 332/380/381 333/382/383
f 351/381/382 333/382/383 350/383/384
f 350/383/384 333/382/383 334/384/385
f 350/383/384 334/384/385 349/385/386
f 349/385/386 334/384/385 335/386/387
f 349/385/386 335/386/387 348/387/388
f 348/387/388 335/386/387 336/388/389
f 348/387/388 336/388/389 347/389/390
f 347/389/390 336/388/389 337/390/391
f 347/389/390 337/390/391 346/391/392
f 346/391/392 337/390/391 338/392/393
f 346/391/392 338/392/393 345/393/394
f 345/393/394 338/392/393 339/394/395
f 345/393/394 339/394/395 344/395/396
f 344/395/396 339/394/395 340/396/397
f 344/395/396 340/396/397 343/397/398
f 343/397/398 340/396/397 341/398/399
f 343/397/398 341/398/399 342/399/400
f 342/399/400 341/398/399 301/400/401
f 342/399/400 301/400/401 324/401/402
f 359/402/403 360/403/404 366/404/405
f 366/404/405 360/403/404 365/405/406
f 365/405/406 360/403/404 361/406/407
f 365/405/406 361/406/407 364/407/408
f 364/407/408 361/406/407 362/408/409
f 364/407/408 362/408/409 363/409/410
f 363/409/410 362/408/409 325/410/411
f 363/409/410 325/410/411 358/411/412
f 367/412/413 368/413/414 382/414/415
f 382/414/415 368/413/414 381/415/416
f 381/415/416 368/413/414 369/416/417
f 381/415/416 369/416/417 380/417/418
f 380/417/418 369/416/417 370/418/419
f 380/417/418 370/418/419 379/419/420
f 379/419/420 370/418/419 371/420/421
f 379/419/420 371/420/421 378/421/422
f 378/421/422 371/420/421 372/422/423
f 378/421/422 372/422/423 377/423/424
f 377/423/424 372/422/423 373/424/425
f 377/423/424 373/424/425 376/425/426
f 376/425/426 373/424/425 374/426/427
f 376/425/426 374/426/427 375/427/428
f 375/427/428 374/426/427 359/428/429
f 375/427/428 359/428/429 366/429/430
f 383/430/431 384/431/432 418/432/433
f 418/432/433 384/431/432 417/433/434
f 417/433/434 384/431/432 385/434/435
f 417/433/434 385/434/435 416/435/436
f 416/435/436 385/434/435 386/436/437
f 416/435/436 386/436/437 415/437/438
f 415/437/438 386/436/437 387/438/439
f 415/437/438 387/438/439 414/439/440
f 414/439/440 387/438/439 388/440/441
f 414/439/440 388/440/441 413/441/442
f 413/441/442 388/440/441 389/442/443
f 413/441/442 389/442/443 412/443/444
f 412/443/444 389/442/443 390/444/445
f 412/443/444 390/444/445 411/445/446
f 411/445/446 390/444/445 391/446/447
f 411/445/446 391/446/447 410/447/448
f 410/447/448 391/446/447 392/448/449
f 410/447/448 392/448/449 409/449/450
f 409/449/450 392/448/449 393/450/451
f 409/449/450 393/450/451 408/451/452
f 408/451/452 393/450/451 394/452/453
f 408/451/452 394/452/453 407/453/454
f 407/453/454 394/452/453 395/454/455
f 407/453/454 395/454/455 406/455/456
f 406/455/456 395/454/455 396/456/457
f 406/455/456 396/456/457 405/457/458
f 405/457/458 396/456/457 397/458/459
f 405/457/458 397/458/459 404/459/460
f 404/459/460 397/458/459 398/460/461
f 404/459/460 398/460/461 403/461/462
f 403/461/462 398/460/461 399/462/463
f 403/461/462 399/462/463 402/463/464
f 402/463/464 399/462/463 400/464/465
f 402/463/464 400/464/465 401/465/466
f 401/465/466 400/464/465 367/466/467
f 401/465/466 367/466/467 382/467/468
f 419/468/469 420/469/470 432/470/471
f 432/470/471 420/469/470 431/471/472
f 431/471/472 420/469/470 421/472/473
f 431/471/472 421/472/473 430/473/474
f 430/473/474 421/472/473 422/474/475
f 430/473/474 422/474/475 429/475/476
f 429/475/476 422/474/475 423/476/477
f 429/475/476 423/476/477 428/477/478
f 428/477/478 423/476/477 424/478/479
f 428/477/478 424/478/479 427/479/480
f 427/479/480 424/478/479 425/480/481
f 427/479/480 425/480/481 426/481/482
f 426/481/482 425/480/481 383/482/483
f 426/481/482 383/482/483 418/483/484
f 433/484/485 434/485/486 446/486/487
f 446/486/487 434/485/486 445/487/488
f 445/487/488 434/485/486 435/488/489
f 445/487/488 435/488/489 444/489/490
f 444/489/490 435/488/489 436/490/491
f 444/489/490 436/490/491 443/491/492
f 443/491/492 436/490/491 437/492/493
f 443/491/492 437/492/493 442/493/494
f 442/493/494 437/492/493 438/494/495
f 442/493/494 438/494/495 441/495/496
f 441/495/496 438/494/495 439/496/497
f 441/495/496 439/496/497 440/497/498
f 440/497/498 439/496/497 419/498/499
f 440/497/498 419/498/499 432/499/500
f 447/500/501 448/501/502 462/502/503
f 462/502/503 448/501/502 461/503/504
f 461/503/504 448/501/502 449/504/505
f 461/503/504 449/504/505 460/505/506
f 460/505/506 449/504/505 450/506/507
f 460/505/506 450/506/507 459/507/508
f 459/507/508 450/506/507 451/508/509
f 459/507/508 451/508/509 458/509/510
f 458/509/510 451/508/509 452/510/511
f 458/509/510 452/510/511 457/511/512
f 457/511/512 452/510/511 453/512/513
f 457/511/512 453/512/513 456/513/514
f 456/513/514 453/512/513 454/514/515
f 456/513/514 454/514/515 455/515/516
f 455/515/516 454/514/515 433/516/517
f 455/515/516 433/516/517 446/517/518
f 185/518/519 463/519/520 186/520/521
f 186/520/521 463/519/520 470/521/522
f 470/521/522 463/519/520 464/522/523
f 470/521/522 464/522/523 469/523/524
f 469/523/524 464/522/523 465/524/525
f 469/523/524 465/524/525 468/525/526
f 468/525/526 465/524/525 466/526/527
f 468/525/526 466/526/527 467/527/528
f 467/527/528 466/526/527 447/528/529
f 467/527/528 447/528/529 462/529/530
f 198/530/531 294/531/532 166/532/533
f 166/532/533 294/531/532 129/533/534
f 166/532/533 129/533/534 158/534/535
f 198/530/531 197/535/536 294/531/532
f 294/531/532 197/535/536 462/536/537
f 294/531/532 462/536/537 295/537/538
f 295/537/538 462/536/537 432/538/539
f 295/537/538 432/538/539 296/539/540
f 296/539/540 432/538/539 382/540/541
f 296/539/540 382/540/541 381/541/542
f 197/535/536 196/542/543 462/536/537
f 462/536/537 196/542/543 195/543/544
f 462/536/537 195/543/544 467/544/545
f 467/544/545 195/543/544 194/545/546
f 467/544/545 194/545/546 193/546/547
f 193/546/547 192/547/548 467/544/545
f 467/544/545 192/547/548 191/548/549
f 467/544/545 191/548/549 468/549/550
f 468/549/550 191/548/549 190/550/551
f 468/549/550 190/550/551 189/551/552
f 189/551/552 188/552/553 468/549/550
f 468/549/550 188/552/553 469/553/554
f 469/553/554 188/552/553 187/554/555
f 469/553/554 187/554/555 470/555/556
f 470/555/556 187/554/555 186/556/557
f 462/536/537 461/557/558 432/538/539
f 432/538/539 461/557/558 460/558/559
f 432/538/539 460/558/559 440/559/560
f 440/559/560 460/558/559 459/560/561
f 440/559/560 459/560/561 458/561/562
f 458/561/562 457/562/563 440/559/560
f 440/559/560 457/562/563 456/563/564
f 440/559/560 456/563/564 455/564/565
f 446/565/566 442/566/567 455/564/565
f 455/564/565 442/566/567 441/567/568
f 455/564/565 441/567/568 440/559/560
f 445/568/569 444/569/570 446/565/566
f 446/565/566 444/569/570 443/570/571
f 446/565/566 443/570/571 442/566/567
f 431/571/572 402/572/573 432/538/539
f 432/538/539 402/572/573 401/573/574
f 432/538/539 401/573/574 382/540/541
f 402/572/573 431/571/572 403/574/575
f 403/574/575 431/571/572 430/575/576
f 403/574/575 430/575/576 429/576/577
f 429/576/577 428/577/578 403/574/575
f 403/574/575 428/577/578 427/578/579
f 403/574/575 427/578/579 404/579/580
f 404/579/580 427/578/579 426/580/581
f 404/579/580 426/580/581 405/581/582
f 405/581/582 426/580/581 418/582/583
f 405/581/582 418/582/583 406/583/584
f 406/583/584 418/582/583 417/584/585
f 406/583/584 417/584/585 407/585/586
f 407/585/586 417/584/585 416/586/587
f 407/585/586 416/586/587 408/587/588
f 408/587/588 416/586/587 415/588/589
f 408/587/588 415/588/589 409/589/590
f 409/589/590 415/588/589 414/590/591
f 409/589/590 414/590/591 413/591/592
f 413/591/592 412/592/593 409/589/590
f 409/589/590 412/592/593 411/593/594
f 409/589/590 411/593/594 410/594/595
f 381/541/542 380/595/596 296/539/540
f 296/539/540 380/595/596 297/596/597
f 297/596/597 380/595/596 354/597/598
f 297/596/597 354/597/598 353/598/599
f 354/597/598 380/595/596 355/599/600
f 355/599/600 380/595/596 379/600/601
f 355/599/600 379/600/601 356/601/602
f 356/601/602 379/600/601 378/602/603
f 356/601/602 378/602/603 377/603/604
f 377/603/604 376/604/605 356/601/602
f 356/601/602 376/604/605 375/605/606
f 356/601/602 375/605/606 366/606/607
f 356/601/602 366/606/607 357/607/608
f 357/607/608 366/606/607 365/608/609
f 357/607/608 365/608/609 364/609/610
f 364/609/610 363/610/611 357/607/608
f 357/607/608 363/610/611 358/611/612
f 353/598/599 352/612/613 297/596/597
f 297/596/597 352/612/613 351/613/614
f 297/596/597 351/613/614 350/614/615
f 297/596/597 350/614/615 320/615/616
f 320/615/616 350/614/615 349/616/617
f 320/615/616 349/616/617 321/617/618
f 321/617/618 349/616/617 348/618/619
f 321/617/618 348/618/619 347/619/620
f 347/619/620 346/620/621 321/617/618
f 321/617/618 346/620/621 345/621/622
f 321/617/618 345/621/622 322/622/623
f 322/622/623 345/621/622 344/623/624
f 322/622/623 344/623/624 343/624/625
f 343/624/625 342/625/626 322/622/623
f 322/622/623 342/625/626 323/626/627
f 323/626/627 342/625/626 324/627/628
f 320/615/616 319/628/629 297/596/597
f 297/596/597 319/628/629 298/629/630
f 298/629/630 319/628/629 318/630/631
f 298/629/630 318/630/631 317/631/632
f 317/631/632 316/632/633 298/629/630
f 298/629/630 316/632/633 315/633/634
f 298/629/630 315/633/634 299/634/635
f 299/634/635 315/633/634 314/635/636
f 299/634/635 314/635/636 313/636/637
f 313/636/637 300/637/638 299/634/635
f 294/531/532 286/638/639 129/533/534
f 129/533/534 286/638/639 117/639/640
f 129/533/534 117/639/640 130/640/641
f 130/640/641 117/639/640 131/641/642
f 131/641/642 117/639/640 122/642/643
f 131/641/642 122/642/643 132/643/644
f 132/643/644 122/642/643 133/644/645
f 133/644/645 122/642/643 134/645/646
f 134/645/646 122/642/643 121/646/647
f 285/647/648 80/648/649 286/638/639
f 286/638/639 80/648/649 79/649/650
f 286/638/639 79/649/650 78/650/651
f 284/651/652 38/652/653 285/647/648
f 285/647/648 38/652/653 58/653/654
f 285/647/648 58/653/654 80/648/649
f 38/652/653 284/651/652 23/654/655
f 23/654/655 284/651/652 283/655/656
f 23/654/655 283/655/656 7/656/657
f 7/656/657 283/655/656 204/657/658
f 7/656/657 204/657/658 203/658/659
f 283/655/656 282/659/660 204/657/658
f 204/657/658 282/659/660 243/660/661
f 204/657/658 243/660/661 242/661/662
f 243/660/661 282/659/660 244/662/663
f 244/662/663 282/659/660 281/663/664
f 244/662/663 281/663/664 245/664/665
f 245/664/665 281/663/664 269/665/666
f 245/664/665 269/665/666 246/666/667
f 246/666/667 269/665/666 268/667/668
f 246/666/667 268/667/668 247/668/669
f 247/668/669 268/667/668 248/669/670
f 248/669/670 268/667/668 249/670/671
f 249/670/671 268/667/668 250/671/672
f 250/671/672 268/667/668 267/672/673
f 250/671/672 267/672/673 251/673/674
f 251/673/674 267/672/673 252/674/675
f 252/674/675 267/672/673 253/675/676
f 253/675/676 267/672/673 254/676/677
f 254/676/677 267/672/673 255/677/678
f 255/677/678 267/672/673 256/678/679
f 256/678/679 267/672/673 257/679/680
f 257/679/680 267/672/673 258/680/681
f 274/681/682 273/682/683 281/663/664
f 281/663/664 273/682/683 272/683/684
f 281/663/664 272/683/684 271/684/685
f 271/684/685 270/685/686 281/663/664
f 281/663/664 270/685/686 269/665/666
f 242/661/662 241/686/687 204/657/658
f 204/657/658 241/686/687 212/687/688
f 212/687/688 241/686/687 213/688/689
f 213/688/689 241/686/687 214/689/690
f 214/689/690 241/686/687 215/690/691
f 215/690/691 241/686/687 240/691/692
f 215/690/691 240/691/692 216/692/693
f 216/692/693 240/691/692 217/693/694
f 217/693/694 240/691/692 239/694/695
f 217/693/694 239/694/695 218/695/696
f 202/696/697 10/697/698 203/658/659
f 203/658/659 10/697/698 9/698/699
f 203/658/659 9/698/699 8/699/700
f 12/700/701 11/701/702 202/696/697
f 202/696/697 11/701/702 10/697/698
f 8/699/700 7/656/657 203/658/659
f 7/656/657 16/702/703 23/654/655
f 23/654/655 16/702/703 24/703/704
f 24/703/704 16/702/703 25/704/705
f 25/704/705 16/702/703 26/705/706
f 26/705/706 16/702/703 27/706/707
f 27/706/707 16/702/703 28/707/708
f 28/707/708 16/702/703 15/708/709
f 23/654/655 34/709/710 38/652/653
f 38/652/653 34/709/710 33/710/711
f 38/652/653 33/710/711 39/711/712
f 39/711/712 33/710/711 40/712/713
f 40/712/713 33/710/711 32/713/714
f 38/652/653 50/714/715 58/653/654
f 58/653/654 50/714/715 59/715/716
f 59/715/716 50/714/715 49/716/717
f 59/715/716 49/716/717 60/717/718
f 60/717/718 49/716/717 61/718/719
f 61/718/719 49/716/717 48/719/720
f 61/718/719 48/719/720 62/720/721
f 62/720/721 48/719/720 47/721/722
f 62/720/721 47/721/722 63/722/723
f 63/722/723 47/721/722 64/723/724
f 64/723/724 47/721/722 46/724/725
f 78/650/651 77/725/726 286/638/639
f 286/638/639 77/725/726 105/726/727
f 286/638/639 105/726/727 104/727/728
f 76/728/729 107/729/730 77/725/726
f 77/725/726 107/729/730 106/730/731
f 77/725/726 106/730/731 105/726/727
f 75/731/732 110/732/733 76/728/729
f 76/728/729 110/732/733 109/733/734
f 76/728/729 109/733/734 108/734/735
f 74/735/736 113/736/737 75/731/732
f 75/731/732 113/736/737 112/737/738
f 75/731/732 112/737/738 111/738/739
f 73/739/740 114/740/741 74/735/736
f 74/735/736 114/740/741 113/736/737
f 111/738/739 110/732/733 75/731/732
f 108/734/735 107/729/730 76/728/729
f 104/727/728 103/741/742 286/638/639
f 286/638/639 103/741/742 102/742/743
f 286/638/639 102/742/743 101/743/744
f 286/638/639 101/743/744 117/639/640
f 117/639/640 101/743/744 100/744/745
f 117/639/640 100/744/745 118/745/746
f 118/745/746 100/744/745 99/746/747
f 118/745/746 99/746/747 98/747/748
f 158/534/535 157/748/749 166/532/533
f 166/532/533 157/748/749 167/749/750
f 167/749/750 157/748/749 156/750/751
f 167/749/750 156/750/751 155/751/752
f 155/751/752 154/752/753 167/749/750
f 167/749/750 154/752/753 153/753/754
f 167/749/750 153/753/754 168/754/755
f 168/754/755 153/753/754 152/755/756
f 168/754/755 152/755/756 151/756/757
f 151/756/757 150/757/758 168/754/755
f 168/754/755 150/757/758 149/758/759
f 168/754/755 149/758/759 148/759/760
f 147/760/761 171/761/762 148/759/760
f 148/759/760 171/761/762 170/762/763
f 148/759/760 170/762/763 169/763/764
f 147/760/761 172/764/765 171/761/762
f 169/763/764 168/754/755 148/759/760
f 471/765/766 472/766/767 512/767/768
f 512/767/768 472/766/767 511/768/769
f 511/768/769 472/766/767 473/769/770
f 511/768/769 473/769/770 510/770/771
f 510/770/771 473/769/770 474/771/772
f 510/770/771 474/771/772 509/772/773
f 509/772/773 474/771/772 475/773/774
f 509/772/773 475/773/774 508/774/775
f 508/774/775 475/773/774 476/775/776
f 508/774/775 476/775/776 507/776/777
f 507/776/777 476/775/776 477/777/778
f 507/776/777 477/777/778 506/778/779
f 506/778/779 477/777/778 478/779/780
f 506/778/779 478/779/780 505/780/781
f 505/780/781 478/779/780 479/781/782
f 505/780/781 479/781/782 504/782/783
f 504/782/783 479/781/782 480/783/784
f 504/782/783 480/783/784 503/784/785
f 503/784/785 480/783/784 481/785/786
f 503/784/785 481/785/786 502/786/787
f 502/786/787 481/785/786 482/787/788
f 502/786/787 482/787/788 501/788/789
f 501/788/789 482/787/788 483/789/790
f 501/788/789 483/789/790 500/790/791
f 500/790/791 483/789/790 484/791/792
f 500/790/791 484/791/792 499/792/793
f 499/792/793 484/791/792 485/793/794
f 499/792/793 485/793/794 498/794/795
f 498/794/795 485/793/794 486/795/796
f 498/794/795 486/795/796 497/796/797
f 497/796/797 486/795/796 487/797/798
f 497/796/797 487/797/798 496/798/799
f 496/798/799 487/797/798 488/799/800
f 496/798/799 488/799/800 495/800/801
f 495/800/801 488/799/800 489/801/802
f 495/800/801 489/801/802 494/802/803
f 494/802/803 489/801/802 490/803/804
f 494/802/803 490/803/804 493/804/805
f 493/804/805 490/803/804 491/805/806
f 493/804/805 491/805/806 492/806/807
f 491/807/808 513/808/809 492/809/810
f 492/809/810 513/808/809 528/810/811
f 528/810/811 513/808/809 514/811/812
f 528/810/811 514/811/812 527/812/813
f 527/812/813 514/811/812 515/813/814
f 527/812/813 515/813/814 526/814/815
f 526/814/815 515/813/814 516/815/816
f 526/814/815 516/815/816 525/816/817
f 525/816/817 516/815/816 517/817/818
f 525/816/817 517/817/818 524/818/819
f 524/818/819 517/817/818 518/819/820
f 524/818/819 518/819/820 523/820/821
f 523/820/821 518/819/820 519/821/822
f 523/820/821 519/821/822 522/822/823
f 522/822/823 519/821/822 520/823/824
f 522/822/823 520/823/824 521/824/825
f 520/825/826 529/826/827 521/827/828
f 521/827/828 529/826/827 540/828/829
f 540/828/829 529/826/827 530/829/830
f 540/828/829 530/829/830 539/830/831
f 539/830/831 530/829/830 531/831/832
f 539/830/831 531/831/832 538/832/833
f 538/832/833 531/831/832 532/833/834
f 538/832/833 532/833/834 537/834/835
f 537/834/835 532/833/834 533/835/836
f 537/834/835 533/835/836 536/836/837
f 536/836/837 533/835/836 534/837/838
f 536/836/837 534/837/838 535/838/839
f 534/839/840 541/840/841 535/841/842
f 535/841/842 541/840/841 554/842/843
f 554/842/843 541/840/841 542/843/844
f 554/842/843 542/843/844 553/844/845
f 553/844/845 542/843/844 543/845/846
f 553/844/845 543/845/846 552/846/847
f 552/846/847 543/845/846 544/847/848
f 552/846/847 544/847/848 551/848/849
f 551/848/849 544/847/848 545/849/850
f 551/848/849 545/849/850 550/850/851
f 550/850/851 545/849/850 546/851/852
f 550/850/851 546/851/852 549/852/853
f 549/852/853 546/851/852 547/853/854
f 549/852/853 547/853/854 548/854/855
f 547/855/856 555/856/857 548/857/858
f 548/857/858 555/856/857 578/858/859
f 578/858/859 555/856/857 556/859/860
f 578/858/859 556/859/860 577/860/861
f 577/860/861 556/859/860 557/861/862
f 577/860/861 557/861/862 576/862/863
f 576/862/863 557/861/862 558/863/864
f 576/862/863 558/863/864 575/864/865
f 575/864/865 558/863/864 559/865/866
f 575/864/865 559/865/866 574/866/867
f 574/866/867 559/865/866 560/867/868
f 574/866/867 560/867/868 573/868/869
f 573/868/869 560/867/868 561/869/870
f 573/868/869 561/869/870 572/870/871
f 572/870/871 561/869/870 562/871/872
f 572/870/871 562/871/872 571/872/873
f 571/872/873 562/871/872 563/873/874
f 571/872/873 563/873/874 570/874/875
f 570/874/875 563/873/874 564/875/876
f 570/874/875 564/875/876 569/876/877
f 569/876/877 564/875/876 565/877/878
f 569/876/877 565/877/878 568/878/879
f 568/878/879 565/877/878 566/879/880
f 568/878/879 566/879/880 567/880/881
f 566/881/882 579/882/883 567/883/884
f 567/883/884 579/882/883 612/884/885
f 612/884/885 579/882/883 580/885/886
f 612/884/885 580/885/886 611/886/887
f 611/886/887 580/885/886 581/887/888
f 611/886/887 581/887/888 610/888/889
f 610/888/889 581/887/888 582/889/890
f 610/888/889 582/889/890 609/890/891
f 609/890/891 582/889/890 583/891/892
f 609/890/891 583/891/892 608/892/893
f 608/892/893 583/891/892 584/893/894
f 608/892/893 584/893/894 607/894/895
f 607/894/895 584/893/894 585/895/896
f 607/894/895 585/895/896 606/896/897
f 606/896/897 585/895/896 586/897/898
f 606/896/897 586/897/898 605/898/899
f 605/898/899 586/897/898 587/899/900
f 605/898/899 587/899/900 604/900/901
f 604/900/901 587/899/900 588/901/902
f 604/900/901 588/901/902 603/902/903
f 603/902/903 588/901/902 589/903/904
f 603/902/903 589/903/904 602/904/905
f 602/904/905 589/903/904 590/905/906
f 602/904/905 590/905/906 601/906/907
f 601/906/907 590/905/906 591/907/908
f 601/906/907 591/907/908 600/908/909
f 600/908/909 591/907/908 592/909/910
f 600/908/909 592/909/910 599/910/911
f 599/910/911 592/909/910 593/911/912
f 599/910/911 593/911/912 598/912/913
f 598/912/913 593/911/912 594/913/914
f 598/912/913 594/913/914 597/914/915
f 597/914/915 594/913/914 595/915/916
f 597/914/915 595/915/916 596/916/917
f 595/917/918 613/918/919 596/919/920
f 596/919/920 613/918/919 620/920/921
f 620/920/921 613/918/919 614/921/922
f 620/920/921 614/921/922 619/922/923
f 619/922/923 614/921/922 615/923/924
f 619/922/923 615/923/924 618/924/925
f 618/924/925 615/923/924 616/925/926
f 618/924/925 616/925/926 617/926/927
f 616/927/928 621/928/929 617/929/930
f 617/929/930 621/928/929 636/930/931
f 636/930/931 621/928/929 622/931/932
f 636/930/931 622/931/932 635/932/933
f 635/932/933 622/931/932 623/933/934
f 635/932/933 623/933/934 634/934/935
f 634/934/935 623/933/934 624/935/936
f 634/934/935 624/935/936 633/936/937
f 633/936/937 624/935/936 625/937/938
f 633/936/937 625/937/938 632/938/939
f 632/938/939 625/937/938 626/939/940
f 632/938/939 626/939/940 631/940/941
f 631/940/941 626/939/940 627/941/942
f 631/940/941 627/941/942 630/942/943
f 630/942/943 627/941/942 628/943/944
f 630/942/943 628/943/944 629/944/945
f 628/945/946 637/946/947 629/947/948
f 629/947/948 637/946/947 672/948/949
f 672/948/949 637/946/947 638/949/950
f 672/948/949 638/949/950 671/950/951
f 671/950/951 638/949/950 639/951/952
f 671/950/951 639/951/952 670/952/953
f 670/952/953 639/951/952 640/953/954
f 670/952/953 640/953/954 669/954/955
f 669/954/955 640/953/954 641/955/956
f 669/954/955 641/955/956 668/956/957
f 668/956/957 641/955/956 642/957/958
f 668/956/957 642/957/958 667/958/959
f 667/958/959 642/957/958 643/959/960
f 667/958/959 643/959/960 666/960/961
f 666/960/961 643/959/960 644/961/962
f 666/960/961 644/961/962 665/962/963
f 665/962/963 644/961/962 645/963/964
f 665/962/963 645/963/964 664/964/965
f 664/964/965 645/963/964 646/965/966
f 664/964/965 646/965/966 663/966/967
f 663/966/967 646/965/966 647/967/968
f 663/966/967 647/967/968 662/968/969
f 662/968/969 647/967/968 648/969/970
f 662/968/969 648/969/970 661/970/971
f 661/970/971 648/969/970 649/971/972
f 661/970/971 649/971/972 660/972/973
f 660/972/973 649/971/972 650/973/974
f 660/972/973 650/973/974 659/974/975
f 659/974/975 650/973/974 651/975/976
f 659/974/975 651/975/976 658/976/977
f 658/976/977 651/975/976 652/977/978
f 658/976/977 652/977/978 657/978/979
f 657/978/979 652/977/978 653/979/980
f 657/978/979 653/979/980 656/980/981
f 656/980/981 653/979/980 654/981/982
f 656/980/981 654/981/982 655/982/983
f 654/983/984 673/984/985 655/985/986
f 655/985/986 673/984/985 686/986/987
f 686/986/987 673/984/985 674/987/988
f 686/986/987 674/987/988 685/988/989
f 685/988/989 674/987/988 675/989/990
f 685/988/989 675/989/990 684/990/991
f 684/990/991 675/989/990 676/991/992
f 684/990/991 676/991/992 683/992/993
f 683/992/993 676/991/992 677/993/994
f 683/992/993 677/993/994 682/994/995
f 682/994/995 677/993/994 678/995/996
f 682/994/995 678/995/996 681/996/997
f 681/996/997 678/995/996 679/997/998
f 681/996/997 679/997/998 680/998/999
f 679/999/1000 687/1000/1001 680/1001/1002
f 680/1001/1002 687/1000/1001 700/1002/1003
f 700/1002/1003 687/1000/1001 688/1003/1004
f 700/1002/1003 688/1003/1004 699/1004/1005
f 699/1004/1005 688/1003/1004 689/1005/1006
f 699/1004/1005 689/1005/1006 698/1006/1007
f 698/1006/1007 689/1005/1006 690/1007/1008
f 698/1006/1007 690/1007/1008 697/1008/1009
f 697/1008/1009 690/1007/1008 691/1009/1010
f 697/1008/1009 691/1009/1010 696/1010/1011
f 696/1010/1011 691/1009/1010 692/1011/1012
f 696/1010/1011 692/1011/1012 695/1012/1013
f 695/1012/1013 692/1011/1012 693/1013/1014
f 695/1012/1013 693/1013/1014 694/1014/1015
f 693/1015/1016 701/1016/1017 694/1017/1018
f 694/1017/1018 701/1016/1017 716/1018/1019
f 716/1018/1019 701/1016/1017 702/1019/1020
f 716/1018/1019 702/1019/1020 715/1020/1021
f 715/1020/1021 702/1019/1020 703/1021/1022
f 715/1020/1021 703/1021/1022 714/1022/1023
f 714/1022/1023 703/1021/1022 704/1023/1024
f 714/1022/1023 704/1023/1024 713/1024/1025
f 713/1024/1025 704/1023/1024 705/1025/1026
f 713/1024/1025 705/1025/1026 712/1026/1027
f 712/1026/1027 705/1025/1026 706/1027/1028
f 712/1026/1027 706/1027/1028 711/1028/1029
f 711/1028/1029 706/1027/1028 707/1029/1030
f 711/1028/1029 707/1029/1030 710/1030/1031
f 710/1030/1031 707/1029/1030 708/1031/1032
f 710/1030/1031 708/1031/1032 709/1032/1033
f 708/1033/1034 717/1034/1035 709/1035/1036
f 709/1035/1036 717/1034/1035 726/1036/1037
f 726/1036/1037 717/1034/1035 718/1037/1038
f 726/1036/1037 718/1037/1038 725/1038/1039
f 725/1038/1039 718/1037/1038 719/1039/1040
f 725/1038/1039 719/1039/1040 724/1040/1041
f 724/1040/1041 719/1039/1040 720/1041/1042
f 724/1040/1041 720/1041/1042 723/1042/1043
f 723/1042/1043 720/1041/1042 721/1043/1044
f 723/1042/1043 721/1043/1044 722/1044/1045
f 721/1045/1046 727/1046/1047 722/1047/1048
f 722/1047/1048 727/1046/1047 752/1048/1049
f 752/1048/1049 727/1046/1047 728/1049/1050
f 752/1048/1049 728/1049/1050 751/1050/1051
f 751/1050/1051 728/1049/1050 729/1051/1052
f 751/1050/1051 729/1051/1052 750/1052/1053
f 750/1052/1053 729/1051/1052 730/1053/1054
f 750/1052/1053 730/1053/1054 749/1054/1055
f 749/1054/1055 730/1053/1054 731/1055/1056
f 749/1054/1055 731/1055/1056 748/1056/1057
f 748/1056/1057 731/1055/1056 732/1057/1058
f 748/1056/1057 732/1057/1058 747/1058/1059
f 747/1058/1059 732/1057/1058 733/1059/1060
f 747/1058/1059 733/1059/1060 746/1060/1061
f 746/1060/1061 733/1059/1060 734/1061/1062
f 746/1060/1061 734/1061/1062 745/1062/1063
f 745/1062/1063 734/1061/1062 735/1063/1064
f 745/1062/1063 735/1063/1064 744/1064/1065
f 744/1064/1065 735/1063/1064 736/1065/1066
f 744/1064/1065 736/1065/1066 743/1066/1067
f 743/1066/1067 736/1065/1066 737/1067/1068
f 743/1066/1067 737/1067/1068 742/1068/1069
f 742/1068/1069 737/1067/1068 738/1069/1070
f 742/1068/1069 738/1069/1070 741/1070/1071
f 741/1070/1071 738/1069/1070 739/1071/1072
f 741/1070/1071 739/1071/1072 740/1072/1073
f 739/1071/1074 753/1073/1075 740/1074/1076
f 740/1074/1076 753/1073/1075 766/1075/1077
f 766/1075/1077 753/1073/1075 754/1076/1078
f 766/1075/1077 754/1076/1078 765/1077/1079
f 765/1077/1079 754/1076/1078 755/1078/1080
f 765/1077/1079 755/1078/1080 764/1079/1081
f 764/1079/1081 755/1078/1080 756/1080/1082
f 764/1079/1081 756/1080/1082 763/1081/1083
f 763/1081/1083 756/1080/1082 757/1082/1084
f 763/1081/1083 757/1082/1084 762/1083/1085
f 762/1083/1085 757/1082/1084 758/1084/1086
f 762/1083/1085 758/1084/1086 761/1085/1087
f 761/1085/1087 758/1084/1086 759/1086/1088
f 761/1085/1087 759/1086/1088 760/1087/1089
f 767/1088/1090 768/1089/1091 780/1090/1092
f 780/1090/1092 768/1089/1091 779/1091/1093
f 779/1091/1093 768/1089/1091 769/1092/1094
f 779/1091/1093 769/1092/1094 778/1093/1095
f 778/1093/1095 769/1092/1094 770/1094/1096
f 778/1093/1095 770/1094/1096 777/1095/1097
f 777/1095/1097 770/1094/1096 771/1096/1098
f 777/1095/1097 771/1096/1098 776/1097/1099
f 776/1097/1099 771/1096/1098 772/1098/1100
f 776/1097/1099 772/1098/1100 775/1099/1101
f 775/1099/1101 772/1098/1100 773/1100/1102
f 775/1099/1101 773/1100/1102 774/1101/1103
f 774/1101/1103 773/1100/1102 471/1102/1104
f 774/1101/1103 471/1102/1104 512/1103/1105
f 781/1104/1106 782/1105/1107 786/1106/1108
f 786/1106/1108 782/1105/1107 785/1107/1109
f 785/1107/1109 782/1105/1107 783/1108/1110
f 785/1107/1109 783/1108/1110 784/1109/1111
f 784/1109/1111 783/1108/1110 767/1110/1112
f 784/1109/1111 767/1110/1112 780/1111/1113
f 787/1112/1114 788/1113/1115 796/1114/1116
f 796/1114/1116 788/1113/1115 795/1115/1117
f 795/1115/1117 788/1113/1115 789/1116/1118
f 795/1115/1117 789/1116/1118 794/1117/1119
f 794/1117/1119 789/1116/1118 790/1118/1120
f 794/1117/1119 790/1118/1120 793/1119/1121
f 793/1119/1121 790/1118/1120 791/1120/1122
f 793/1119/1121 791/1120/1122 792/1121/1123
f 792/1121/1123 791/1120/1122 781/1122/1124
f 792/1121/1123 781/1122/1124 786/1123/1125
f 797/1124/1126 798/1125/1127 800/1126/1128
f 800/1126/1128 798/1125/1127 799/1127/1129
f 799/1127/1129 798/1125/1127 787/1128/1130
f 799/1127/1129 787/1128/1130 796/1129/1131
f 801/1130/1132 802/1131/1133 812/1132/1134
f 812/1132/1134 802/1131/1133 811/1133/1135
f 811/1133/1135 802/1131/1133 803/1134/1136
f 811/1133/1135 803/1134/1136 810/1135/1137
f 810/1135/1137 803/1134/1136 804/1136/1138
f 810/1135/1137 804/1136/1138 809/1137/1139
f 809/1137/1139 804/1136/1138 805/1138/1140
f 809/1137/1139 805/1138/1140 808/1139/1141
f 808/1139/1141 805/1138/1140 806/1140/1142
f 808/1139/1141 806/1140/1142 807/1141/1143
f 807/1141/1143 806/1140/1142 797/1142/1144
f 807/1141/1143 797/1142/1144 800/1143/1145
f 813/1144/1146 814/1145/1147 818/1146/1148
f 818/1146/1148 814/1145/1147 817/1147/1149
f 817/1147/1149 814/1145/1147 815/1148/1150
f 817/1147/1149 815/1148/1150 816/1149/1151
f 816/1149/1151 815/1148/1150 801/1150/1152
f 816/1149/1151 801/1150/1152 812/1151/1153
f 819/1152/1154 820/1153/1155 824/1154/1156
f 824/1154/1156 820/1153/1155 823/1155/1157
f 823/1155/1157 820/1153/1155 821/1156/1158
f 823/1155/1157 821/1156/1158 822/1157/1159
f 822/1157/1159 821/1156/1158 813/1158/1160
f 822/1157/1159 813/1158/1160 818/1159/1161
f 825/1160/1162 826/1161/1163 834/1162/1164
f 834/1162/1164 826/1161/1163 833/1163/1165
f 833/1163/1165 826/1161/1163 827/1164/1166
f 833/1163/1165 827/1164/1166 832/1165/1167
f 832/1165/1167 827/1164/1166 828/1166/1168
f 832/1165/1167 828/1166/1168 831/1167/1169
f 831/1167/1169 828/1166/1168 829/1168/1170
f 831/1167/1169 829/1168/1170 830/1169/1171
f 830/1169/1171 829/1168/1170 819/1170/1172
f 830/1169/1171 819/1170/1172 824/1171/1173
f 835/1172/1174 836/1173/1175 848/1174/1176
f 848/1174/1176 836/1173/1175 847/1175/1177
f 847/1175/1177 836/1173/1175 837/1176/1178
f 847/1175/1177 837/1176/1178 846/1177/1179
f 846/1177/1179 837/1176/1178 838/1178/1180
f 846/1177/1179 838/1178/1180 845/1179/1181
f 845/1179/1181 838/1178/1180 839/1180/1182
f 845/1179/1181 839/1180/1182 844/1181/1183
f 844/1181/1183 839/1180/1182 840/1182/1184
f 844/1181/1183 840/1182/1184 843/1183/1185
f 843/1183/1185 840/1182/1184 841/1184/1186
f 843/1183/1185 841/1184/1186 842/1185/1187
f 842/1185/1187 841/1184/1186 825/1186/1188
f 842/1185/1187 825/1186/1188 834/1187/1189
f 849/1188/1190 850/1189/1191 864/1190/1192
f 864/1190/1192 850/1189/1191 863/1191/1193
f 863/1191/1193 850/1189/1191 851/1192/1194
f 863/1191/1193 851/1192/1194 862/1193/1195
f 862/1193/1195 851/1192/1194 852/1194/1196
f 862/1193/1195 852/1194/1196 861/1195/1197
f 861/1195/1197 852/1194/1196 853/1196/1198
f 861/1195/1197 853/1196/1198 860/1197/1199
f 860/1197/1199 853/1196/1198 854/1198/1200
f 860/1197/1199 854/1198/1200 859/1199/1201
f 859/1199/1201 854/1198/1200 855/1200/1202
f 859/1199/1201 855/1200/1202 858/1201/1203
f 858/1201/1203 855/1200/1202 856/1202/1204
f 858/1201/1203 856/1202/1204 857/1203/1205
f 857/1203/1205 856/1202/1204 835/1204/1206
f 857/1203/1205 835/1204/1206 848/1205/1207
f 865/1206/1208 866/1207/1209 898/1208/1210
f 898/1208/1210 866/1207/1209 897/1209/1211
f 897/1209/1211 866/1207/1209 867/1210/1212
f 897/1209/1211 867/1210/1212 896/1211/1213
f 896/1211/1213 867/1210/1212 868/1212/1214
f 896/1211/1213 868/1212/1214 895/1213/1215
f 895/1213/1215 868/1212/1214 869/1214/1216
f 895/1213/1215 869/1214/1216 894/1215/1217
f 894/1215/1217 869/1214/1216 870/1216/1218
f 894/1215/1217 870/1216/1218 893/1217/1219
f 893/1217/1219 870/1216/1218 871/1218/1220
f 893/1217/1219 871/1218/1220 892/1219/1221
f 892/1219/1221 871/1218/1220 872/1220/1222
f 892/1219/1221 872/1220/1222 891/1221/1223
f 891/1221/1223 872/1220/1222 873/1222/1224
f 891/1221/1223 873/1222/1224 890/1223/1225
f 890/1223/1225 873/1222/1224 874/1224/1226
f 890/1223/1225 874/1224/1226 889/1225/1227
f 889/1225/1227 874/1224/1226 875/1226/1228
f 889/1225/1227 875/1226/1228 888/1227/1229
f 888/1227/1229 875/1226/1228 876/1228/1230
f 888/1227/1229 876/1228/1230 887/1229/1231
f 887/1229/1231 876/1228/1230 877/1230/1232
f 887/1229/1231 877/1230/1232 886/1231/1233
f 886/1231/1233 877/1230/1232 878/1232/1234
f 886/1231/1233 878/1232/1234 885/1233/1235
f 885/1233/1235 878/1232/1234 879/1234/1236
f 885/1233/1235 879/1234/1236 884/1235/1237
f 884/1235/1237 879/1234/1236 880/1236/1238
f 884/1235/1237 880/1236/1238 883/1237/1239
f 883/1237/1239 880/1236/1238 881/1238/1240
f 883/1237/1239 881/1238/1240 882/1239/1241
f 882/1239/1241 881/1238/1240 849/1240/1242
f 882/1239/1241 849/1240/1242 864/1241/1243
f 899/1242/1244 900/1243/1245 902/1244/1246
f 902/1244/1246 900/1243/1245 901/1245/1247
f 901/1245/1247 900/1243/1245 865/1246/1248
f 901/1245/1247 865/1246/1248 898/1247/1249
f 903/1248/1250 904/1249/1251 906/1250/1252
f 906/1250/1252 904/1249/1251 905/1251/1253
f 905/1251/1253 904/1249/1251 899/1252/1254
f 905/1251/1253 899/1252/1254 902/1253/1255
f 907/1254/1256 908/1255/1257 918/1256/1258
f 918/1256/1258 908/1255/1257 917/1257/1259
f 917/1257/1259 908/1255/1257 909/1258/1260
f 917/1257/1259 909/1258/1260 916/1259/1261
f 916/1259/1261 909/1258/1260 910/1260/1262
f 916/1259/1261 910/1260/1262 915/1261/1263
f 915/1261/1263 910/1260/1262 911/1262/1264
f 915/1261/1263 911/1262/1264 914/1263/1265
f 914/1263/1265 911/1262/1264 912/1264/1266
f 914/1263/1265 912/1264/1266 913/1265/1267
f 913/1265/1267 912/1264/1266 903/1266/1268
f 913/1265/1267 903/1266/1268 906/1267/1269
f 759/1268/1270 919/1269/1271 760/1270/1272
f 760/1270/1272 919/1269/1271 940/1271/1273
f 940/1271/1273 919/1269/1271 920/1272/1274
f 940/1271/1273 920/1272/1274 939/1273/1275
f 939/1273/1275 920/1272/1274 921/1274/1276
f 939/1273/1275 921/1274/1276 938/1275/1277
f 938/1275/1277 921/1274/1276 922/1276/1278
f 938/1275/1277 922/1276/1278 937/1277/1279
f 937/1277/1279 922/1276/1278 923/1278/1280
f 937/1277/1279 923/1278/1280 936/1279/1281
f 936/1279/1281 923/1278/1280 924/1280/1282
f 936/1279/1281 924/1280/1282 935/1281/1283
f 935/1281/1283 924/1280/1282 925/1282/1284
f 935/1281/1283 925/1282/1284 934/1283/1285
f 934/1283/1285 925/1282/1284 926/1284/1286
f 934/1283/1285 926/1284/1286 933/1285/1287
f 933/1285/1287 926/1284/1286 927/1286/1288
f 933/1285/1287 927/1286/1288 932/1287/1289
f 932/1287/1289 927/1286/1288 928/1288/1290
f 932/1287/1289 928/1288/1290 931/1289/1291
f 931/1289/1291 928/1288/1290 929/1290/1292
f 931/1289/1291 929/1290/1292 930/1291/1293
f 930/1291/1293 929/1290/1292 907/1292/1294
f 930/1291/1293 907/1292/1294 918/1293/1295
f 766/1294/1296 931/1295/1297 740/1296/1298
f 740/1296/1298 931/1295/1297 930/1297/1299
f 740/1296/1298 930/1297/1299 918/1298/1300
f 765/1299/1301 935/1300/1302 766/1294/1296
f 766/1294/1296 935/1300/1302 934/1301/1303
f 766/1294/1296 934/1301/1303 933/1302/1304
f 764/1303/1305 940/1304/1306 765/1299/1301
f 765/1299/1301 940/1304/1306 939/1305/1307
f 765/1299/1301 939/1305/1307 938/1306/1308
f 764/1303/1305 763/1307/1309 940/1304/1306
f 940/1304/1306 763/1307/1309 762/1308/1310
f 940/1304/1306 762/1308/1310 760/1309/1311
f 760/1309/1311 762/1308/1310 761/1310/1312
f 938/1306/1308 937/1311/1313 765/1299/1301
f 765/1299/1301 937/1311/1313 936/1312/1314
f 765/1299/1301 936/1312/1314 935/1300/1302
f 933/1302/1304 932/1313/1315 766/1294/1296
f 766/1294/1296 932/1313/1315 931/1295/1297
f 917/1314/1316 902/1315/1317 918/1298/1300
f 918/1298/1300 902/1315/1317 535/1316/1318
f 918/1298/1300 535/1316/1318 554/1317/1319
f 917/1314/1316 916/1318/1320 902/1315/1317
f 902/1315/1317 916/1318/1320 905/1319/1321
f 905/1319/1321 916/1318/1320 915/1320/1322
f 905/1319/1321 915/1320/1322 914/1321/1323
f 914/1321/1323 913/1322/1324 905/1319/1321
f 905/1319/1321 913/1322/1324 906/1323/1325
f 901/1324/1326 896/1325/1327 902/1315/1317
f 902/1315/1317 896/1325/1327 895/1326/1328
f 902/1315/1317 895/1326/1328 535/1316/1318
f 535/1316/1318 895/1326/1328 894/1327/1329
f 535/1316/1318 894/1327/1329 893/1328/1330
f 898/1329/1331 897/1330/1332 901/1324/1326
f 901/1324/1326 897/1330/1332 896/1325/1327
f 893/1328/1330 892/1331/1333 535/1316/1318
f 535/1316/1318 892/1331/1333 891/1332/1334
f 535/1316/1318 891/1332/1334 860/1333/1335
f 860/1333/1335 891/1332/1334 890/1334/1336
f 860/1333/1335 890/1334/1336 889/1335/1337
f 860/1333/1335 889/1335/1337 861/1336/1338
f 861/1336/1338 889/1335/1337 888/1337/1339
f 861/1336/1338 888/1337/1339 887/1338/1340
f 887/1338/1340 886/1339/1341 861/1336/1338
f 861/1336/1338 886/1339/1341 862/1340/1342
f 862/1340/1342 886/1339/1341 885/1341/1343
f 862/1340/1342 885/1341/1343 884/1342/1344
f 884/1342/1344 883/1343/1345 862/1340/1342
f 862/1340/1342 883/1343/1345 863/1344/1346
f 863/1344/1346 883/1343/1345 882/1345/1347
f 863/1344/1346 882/1345/1347 864/1346/1348
f 860/1333/1335 859/1347/1349 535/1316/1318
f 535/1316/1318 859/1347/1349 858/1348/1350
f 535/1316/1318 858/1348/1350 857/1349/1351
f 535/1316/1318 857/1349/1351 536/1350/1352
f 536/1350/1352 857/1349/1351 848/1351/1353
f 536/1350/1352 848/1351/1353 824/1352/1354
f 824/1352/1354 848/1351/1353 830/1353/1355
f 830/1353/1355 848/1351/1353 847/1354/1356
f 830/1353/1355 847/1354/1356 831/1355/1357
f 831/1355/1357 847/1354/1356 846/1356/1358
f 831/1355/1357 846/1356/1358 845/1357/1359
f 831/1355/1357 845/1357/1359 832/1358/1360
f 832/1358/1360 845/1357/1359 844/1359/1361
f 832/1358/1360 844/1359/1361 833/1360/1362
f 833/1360/1362 844/1359/1361 843/1361/1363
f 833/1360/1362 843/1361/1363 842/1362/1364
f 842/1362/1364 834/1363/1365 833/1360/1362
f 823/1364/1366 817/1365/1367 824/1352/1354
f 824/1352/1354 817/1365/1367 816/1366/1368
f 824/1352/1354 816/1366/1368 812/1367/1369
f 823/1364/1366 822/1368/1370 817/1365/1367
f 817/1365/1367 822/1368/1370 818/1369/1371
f 811/1370/1372 799/1371/1373 812/1367/1369
f 812/1367/1369 799/1371/1373 796/1372/1374
f 812/1367/1369 796/1372/1374 538/1373/1375
f 538/1373/1375 796/1372/1374 780/1374/1376
f 538/1373/1375 780/1374/1376 539/1375/1377
f 539/1375/1377 780/1374/1376 507/1376/1378
f 539/1375/1377 507/1376/1378 506/1377/1379
f 811/1370/1372 810/1378/1380 799/1371/1373
f 799/1371/1373 810/1378/1380 809/1379/1381
f 799/1371/1373 809/1379/1381 808/1380/1382
f 808/1380/1382 807/1381/1383 799/1371/1373
f 799/1371/1373 807/1381/1383 800/1382/1384
f 780/1374/1376 796/1372/1374 784/1383/1385
f 784/1383/1385 796/1372/1374 795/1384/1386
f 784/1383/1385 795/1384/1386 794/1385/1387
f 794/1385/1387 793/1386/1388 784/1383/1385
f 784/1383/1385 793/1386/1388 785/1387/1389
f 785/1387/1389 793/1386/1388 792/1388/1390
f 785/1387/1389 792/1388/1390 786/1389/1391
f 779/1390/1392 509/1391/1393 780/1374/1376
f 780/1374/1376 509/1391/1393 508/1392/1394
f 780/1374/1376 508/1392/1394 507/1376/1378
f 779/1390/1392 778/1393/1395 509/1391/1393
f 509/1391/1393 778/1393/1395 777/1394/1396
f 509/1391/1393 777/1394/1396 776/1395/1397
f 509/1391/1393 776/1395/1397 510/1396/1398
f 510/1396/1398 776/1395/1397 775/1397/1399
f 510/1396/1398 775/1397/1399 774/1398/1400
f 512/1399/1401 511/1400/1402 774/1398/1400
f 774/1398/1400 511/1400/1402 510/1396/1398
f 539/1375/1377 506/1377/1379 540/1401/1403
f 540/1401/1403 506/1377/1379 505/1402/1404
f 540/1401/1403 505/1402/1404 526/1403/1405
f 526/1403/1405 505/1402/1404 504/1404/1406
f 526/1403/1405 504/1404/1406 527/1405/1407
f 527/1405/1407 504/1404/1406 503/1406/1408
f 527/1405/1407 503/1406/1408 502/1407/1409
f 502/1407/1409 501/1408/1410 527/1405/1407
f 527/1405/1407 501/1408/1410 500/1409/1411
f 527/1405/1407 500/1409/1411 528/1410/1412
f 528/1410/1412 500/1409/1411 499/1411/1413
f 528/1410/1412 499/1411/1413 498/1412/1414
f 498/1412/1414 497/1413/1415 528/1410/1412
f 528/1410/1412 497/1413/1415 496/1414/1416
f 528/1410/1412 496/1414/1416 495/1415/1417
f 495/1415/1417 494/1416/1418 528/1410/1412
f 528/1410/1412 494/1416/1418 493/1417/1419
f 528/1410/1412 493/1417/1419 492/1418/1420
f 526/1403/1405 525/1419/1421 540/1401/1403
f 540/1401/1403 525/1419/1421 524/1420/1422
f 540/1401/1403 524/1420/1422 523/1421/1423
f 523/1421/1423 522/1422/1424 540/1401/1403
f 540/1401/1403 522/1422/1424 521/1423/1425
f 538/1373/1375 537/1424/1426 812/1367/1369
f 812/1367/1369 537/1424/1426 824/1352/1354
f 537/1424/1426 536/1350/1352 824/1352/1354
f 553/1425/1427 709/1426/1428 554/1317/1319
f 554/1317/1319 709/1426/1428 742/1427/1429
f 554/1317/1319 742/1427/1429 741/1428/1430
f 709/1426/1428 553/1425/1427 680/1429/1431
f 680/1429/1431 553/1425/1427 552/1430/1432
f 680/1429/1431 552/1430/1432 629/1431/1433
f 629/1431/1433 552/1430/1432 630/1432/1434
f 630/1432/1434 552/1430/1432 631/1433/1435
f 631/1433/1435 552/1430/1432 551/1434/1436
f 631/1433/1435 551/1434/1436 600/1435/1437
f 600/1435/1437 551/1434/1436 601/1436/1438
f 601/1436/1438 551/1434/1436 602/1437/1439
f 602/1437/1439 551/1434/1436 603/1438/1440
f 603/1438/1440 551/1434/1436 604/1439/1441
f 604/1439/1441 551/1434/1436 571/1440/1442
f 604/1439/1441 571/1440/1442 605/1441/1443
f 605/1441/1443 571/1440/1442 570/1442/1444
f 605/1441/1443 570/1442/1444 606/1443/1445
f 606/1443/1445 570/1442/1444 607/1444/1446
f 607/1444/1446 570/1442/1444 608/1445/1447
f 608/1445/1447 570/1442/1444 609/1446/1448
f 609/1446/1448 570/1442/1444 569/1447/1449
f 609/1446/1448 569/1447/1449 610/1448/1450
f 610/1448/1450 569/1447/1449 611/1449/1451
f 611/1449/1451 569/1447/1449 612/1450/1452
f 612/1450/1452 569/1447/1449 568/1451/1453
f 612/1450/1452 568/1451/1453 567/1452/1454
f 571/1440/1442 551/1434/1436 572/1453/1455
f 572/1453/1455 551/1434/1436 550/1454/1456
f 572/1453/1455 550/1454/1456 573/1455/1457
f 573/1455/1457 550/1454/1456 574/1456/1458
f 574/1456/1458 550/1454/1456 575/1457/1459
f 575/1457/1459 550/1454/1456 576/1458/1460
f 576/1458/1460 550/1454/1456 549/1459/1461
f 576/1458/1460 549/1459/1461 577/1460/1462
f 577/1460/1462 549/1459/1461 578/1461/1463
f 578/1461/1463 549/1459/1461 548/1462/1464
f 600/1435/1437 599/1463/1465 631/1433/1435
f 631/1433/1435 599/1463/1465 632/1464/1466
f 632/1464/1466 599/1463/1465 598/1465/1467
f 632/1464/1466 598/1465/1467 633/1466/1468
f 633/1466/1468 598/1465/1467 634/1467/1469
f 634/1467/1469 598/1465/1467 635/1468/1470
f 635/1468/1470 598/1465/1467 636/1469/1471
f 636/1469/1471 598/1465/1467 617/1470/1472
f 617/1470/1472 598/1465/1467 597/1471/1473
f 617/1470/1472 597/1471/1473 618/1472/1474
f 618/1472/1474 597/1471/1473 619/1473/1475
f 619/1473/1475 597/1471/1473 620/1474/1476
f 620/1474/1476 597/1471/1473 596/1475/1477
f 629/1431/1433 672/1476/1478 680/1429/1431
f 680/1429/1431 672/1476/1478 671/1477/1479
f 680/1429/1431 671/1477/1479 681/1478/1480
f 681/1478/1480 671/1477/1479 670/1479/1481
f 681/1478/1480 670/1479/1481 682/1480/1482
f 682/1480/1482 670/1479/1481 683/1481/1483
f 683/1481/1483 670/1479/1481 684/1482/1484
f 684/1482/1484 670/1479/1481 685/1483/1485
f 685/1483/1485 670/1479/1481 669/1484/1486
f 685/1483/1485 669/1484/1486 686/1485/1487
f 686/1485/1487 669/1484/1486 668/1486/1488
f 686/1485/1487 668/1486/1488 655/1487/1489
f 655/1487/1489 668/1486/1488 667/1488/1490
f 655/1487/1489 667/1488/1490 656/1489/1491
f 656/1489/1491 667/1488/1490 666/1490/1492
f 656/1489/1491 666/1490/1492 657/1491/1493
f 657/1491/1493 666/1490/1492 665/1492/1494
f 657/1491/1493 665/1492/1494 658/1493/1495
f 658/1493/1495 665/1492/1494 664/1494/1496
f 658/1493/1495 664/1494/1496 659/1495/1497
f 659/1495/1497 664/1494/1496 660/1496/1498
f 660/1496/1498 664/1494/1496 661/1497/1499
f 661/1497/1499 664/1494/1496 662/1498/1500
f 662/1498/1500 664/1494/1496 663/1499/1501
f 700/1500/1502 711/1501/1503 680/1429/1431
f 680/1429/1431 711/1501/1503 710/1502/1504
f 680/1429/1431 710/1502/1504 709/1426/1428
f 699/1503/1505 716/1504/1506 700/1500/1502
f 700/1500/1502 716/1504/1506 715/1505/1507
f 700/1500/1502 715/1505/1507 714/1506/1508
f 699/1503/1505 698/1507/1509 716/1504/1506
f 716/1504/1506 698/1507/1509 694/1508/1510
f 694/1508/1510 698/1507/1509 697/1509/1511
f 694/1508/1510 697/1509/1511 696/1510/1512
f 696/1510/1512 695/1511/1513 694/1508/1510
f 714/1506/1508 713/1512/1514 700/1500/1502
f 700/1500/1502 713/1512/1514 712/1513/1515
f 700/1500/1502 712/1513/1515 711/1501/1503
f 726/1514/1516 744/1515/1517 709/1426/1428
f 709/1426/1428 744/1515/1517 743/1516/1518
f 709/1426/1428 743/1516/1518 742/1427/1429
f 725/1517/1519 748/1518/1520 726/1514/1516
f 726/1514/1516 748/1518/1520 747/1519/1521
f 726/1514/1516 747/1519/1521 746/1520/1522
f 724/1521/1523 751/1522/1524 725/1517/1519
f 725/1517/1519 751/1522/1524 750/1523/1525
f 725/1517/1519 750/1523/1525 749/1524/1526
f 751/1522/1524 724/1521/1523 752/1525/1527
f 752/1525/1527 724/1521/1523 723/1526/1528
f 752/1525/1527 723/1526/1528 722/1527/1529
f 749/1524/1526 748/1518/1520 725/1517/1519
f 746/1520/1522 745/1528/1530 726/1514/1516
f 726/1514/1516 745/1528/1530 744/1515/1517
f 741/1428/1430 740/1296/1298 554/1317/1319
f 554/1317/1319 740/1296/1298 918/1298/1300
f 941/1529/1531 942/1530/1532 960/1531/1533
f 960/1531/1533 942/1530/1532 959/1532/1534
f 959/1532/1534 942/1530/1532 943/1533/1535
f 959/1532/1534 943/1533/1535 958/1534/1536
f 958/1534/1536 943/1533/1535 944/1535/1537
f 958/1534/1536 944/1535/1537 957/1536/1538
f 957/1536/1538 944/1535/1537 945/1537/1539
f 957/1536/1538 945/1537/1539 956/1538/1540
f 956/1538/1540 945/1537/1539 946/1539/1541
f 956/1538/1540 946/1539/1541 955/1540/1542
f 955/1540/1542 946/1539/1541 947/1541/1543
f 955/1540/1542 947/1541/1543 954/1542/1544
f 954/1542/1544 947/1541/1543 948/1543/1545
f 954/1542/1544 948/1543/1545 953/1544/1546
f 953/1544/1546 948/1543/1545 949/1545/1547
f 953/1544/1546 949/1545/1547 952/1546/1548
f 952/1546/1548 949/1545/1547 950/1547/1549
f 952/1546/1548 950/1547/1549 951/1548/1550
f 950/1547/1551 961/1549/1552 951/1550/1553
f 951/1550/1553 961/1549/1552 1016/1551/1554
f 1016/1551/1554 961/1549/1552 962/1552/1555
f 1016/1551/1554 962/1552/1555 1015/1553/1556
f 1015/1553/1556 962/1552/1555 963/1554/1557
f 1015/1553/1556 963/1554/1557 1014/1555/1558
f 1014/1555/1558 963/1554/1557 964/1556/1559
f 1014/1555/1558 964/1556/1559 1013/1557/1560
f 1013/1557/1560 964/1556/1559 965/1558/1561
f 1013/1557/1560 965/1558/1561 1012/1559/1562
f 1012/1559/1562 965/1558/1561 966/1560/1563
f 1012/1559/1562 966/1560/1563 1011/1561/1564
f 1011/1561/1564 966/1560/1563 967/1562/1565
f 1011/1561/1564 967/1562/1565 1010/1563/1566
f 1010/1563/1566 967/1562/1565 968/1564/1567
f 1010/1563/1566 968/1564/1567 1009/1565/1568
f 1009/1565/1568 968/1564/1567 969/1566/1569
f 1009/1565/1568 969/1566/1569 1008/1567/1570
f 1008/1567/1570 969/1566/1569 970/1568/1571
f 1008/1567/1570 970/1568/1571 1007/1569/1572
f 1007/1569/1572 970/1568/1571 971/1570/1573
f 1007/1569/1572 971/1570/1573 1006/1571/1574
f 1006/1571/1574 971/1570/1573 972/1572/1575
f 1006/1571/1574 972/1572/1575 1005/1573/1576
f 1005/1573/1576 972/1572/1575 973/1574/1577
f 1005/1573/1576 973/1574/1577 1004/1575/1578
f 1004/1575/1578 973/1574/1577 974/1576/1579
f 1004/1575/1578 974/1576/1579 1003/1577/1580
f 1003/1577/1580 974/1576/1579 975/1578/1581
f 1003/1577/1580 975/1578/1581 1002/1579/1582
f 1002/1579/1582 975/1578/1581 976/1580/1583
f 1002/1579/1582 976/1580/1583 1001/1581/1584
f 1001/1581/1584 976/1580/1583 977/1582/1585
f 1001/1581/1584 977/1582/1585 1000/1583/1586
f 1000/1583/1586 977/1582/1585 978/1584/1587
f 1000/1583/1586 978/1584/1587 999/1585/1588
f 999/1585/1588 978/1584/1587 979/1586/1589
f 999/1585/1588 979/1586/1589 998/1587/1590
f 998/1587/1590 979/1586/1589 980/1588/1591
f 998/1587/1590 980/1588/1591 997/1589/1592
f 997/1589/1592 980/1588/1591 981/1590/1593
f 997/1589/1592 981/1590/1593 996/1591/1594
f 996/1591/1594 981/1590/1593 982/1592/1595
f 996/1591/1594 982/1592/1595 995/1593/1596
f 995/1593/1596 982/1592/1595 983/1594/1597
f 995/1593/1596 983/1594/1597 994/1595/1598
f 994/1595/1598 983/1594/1597 984/1596/1599
f 994/1595/1598 984/1596/1599 993/1597/1600
f 993/1597/1600 984/1596/1599 985/1598/1601
f 993/1597/1600 985/1598/1601 992/1599/1602
f 992/1599/1602 985/1598/1601 986/1600/1603
f 992/1599/1602 986/1600/1603 991/1601/1604
f 991/1601/1604 986/1600/1603 987/1602/1605
f 991/1601/1604 987/1602/1605 990/1603/1606
f 990/1603/1606 987/1602/1605 988/1604/1607
f 990/1603/1606 988/1604/1607 989/1605/1608
f 989/1605/1608 988/1604/1607 941/1606/1609
f 989/1605/1608 941/1606/1609 960/1607/1610
f 1016/1608/1611 994/1609/1612 951/1610/1613
f 951/1610/1613 994/1609/1612 993/1611/1614
f 951/1610/1613 993/1611/1614 992/1612/1615
f 1016/1608/1611 1015/1613/1616 994/1609/1612
f 994/1609/1612 1015/1613/1616 995/1614/1617
f 995/1614/1617 1015/1613/1616 1014/1615/1618
f 995/1614/1617 1014/1615/1618 996/1616/1619
f 996/1616/1619 1014/1615/1618 997/1617/1620
f 997/1617/1620 1014/1615/1618 1013/1618/1621
f 997/1617/1620 1013/1618/1621 998/1619/1622
f 998/1619/1622 1013/1618/1621 1012/1620/1623
f 998/1619/1622 1012/1620/1623 999/1621/1624
f 999/1621/1624 1012/1620/1623 1011/1622/1625
f 999/1621/1624 1011/1622/1625 1000/1623/1626
f 1000/1623/1626 1011/1622/1625 1001/1624/1627
f 1001/1624/1627 1011/1622/1625 1010/1625/1628
f 1001/1624/1627 1010/1625/1628 1002/1626/1629
f 1002/1626/1629 1010/1625/1628 1009/1627/1630
f 1002/1626/1629 1009/1627/1630 1003/1628/1631
f 1003/1628/1631 1009/1627/1630 1004/1629/1632
f 1004/1629/1632 1009/1627/1630 1005/1630/1633
f 1005/1630/1633 1009/1627/1630 1006/1631/1634
f 1006/1631/1634 1009/1627/1630 1007/1632/1635
f 1007/1632/1635 1009/1627/1630 1008/1633/1636
f 951/1610/1613 992/1612/1615 952/1634/1637
f 952/1634/1637 992/1612/1615 991/1635/1638
f 952/1634/1637 991/1635/1638 990/1636/1639
f 990/1636/1639 989/1637/1640 952/1634/1637
f 952/1634/1637 989/1637/1640 953/1638/1641
f 953/1638/1641 989/1637/1640 954/1639/1642
f 954/1639/1642 989/1637/1640 955/1640/1643
f 955/1640/1643 989/1637/1640 956/1641/1644
f 956/1641/1644 989/1637/1640 957/1642/1645
f 957/1642/1645 989/1637/1640 958/1643/1646
f 958/1643/1646 989/1637/1640 959/1644/1647
f 959/1644/1647 989/1637/1640 960/1645/1648
f 1040/1646/1649 1017/1647/1650 1039/1648/1651
f 1039/1648/1651 1017/1647/1650 1018/1649/1652
f 1039/1648/1651 1018/1649/1652 1038/1650/1653
f 1038/1650/1653 1018/1649/1652 1019/1651/1654
f 1038/1650/1653 1019/1651/1654 1037/1652/1655
f 1037/1652/1655 1019/1651/1654 1020/1653/1656
f 1037/1652/1655 1020/1653/1656 1036/1654/1657
f 1036/1654/1657 1020/1653/1656 1021/1655/1658
f 1036/1654/1657 1021/1655/1658 1022/1656/1659
f 1036/1654/1657 1022/1656/1659 1035/1657/1660
f 1035/1657/1660 1022/1656/1659 1023/1658/1661
f 1035/1657/1660 1023/1658/1661 1024/1659/1662
f 1035/1657/1660 1024/1659/1662 1034/1660/1663
f 1034/1660/1663 1024/1659/1662 1025/1661/1664
f 1034/1660/1663 1025/1661/1664 1033/1662/1665
f 1033/1662/1665 1025/1661/1664 1026/1663/1666
f 1033/1662/1665 1026/1663/1666 1032/1664/1667
f 1032/1664/1667 1026/1663/1666 1027/1665/1668
f 1032/1664/1667 1027/1665/1668 1031/1666/1669
f 1031/1666/1669 1027/1665/1668 1028/1667/1670
f 1031/1666/1669 1028/1667/1670 1030/1668/1671
f 1030/1668/1671 1028/1667/1670 1029/1669/1672
f 1029/1670/1673 1041/1671/1674 1030/1672/1675
f 1030/1672/1675 1041/1671/1674 1090/1673/1676
f 1090/1673/1676 1041/1671/1674 1042/1674/1677
f 1090/1673/1676 1042/1674/1677 1089/1675/1678
f 1089/1675/1678 1042/1674/1677 1043/1676/1679
f 1089/1675/1678 1043/1676/1679 1088/1677/1680
f 1088/1677/1680 1043/1676/1679 1044/1678/1681
f 1088/1677/1680 1044/1678/1681 1087/1679/1682
f 1087/1679/1682 1044/1678/1681 1045/1680/1683
f 1087/1679/1682 1045/1680/1683 1086/1681/1684
f 1086/1681/1684 1045/1680/1683 1046/1682/1685
f 1086/1681/1684 1046/1682/1685 1085/1683/1686
f 1085/1683/1686 1046/1682/1685 1047/1684/1687
f 1085/1683/1686 1047/1684/1687 1084/1685/1688
f 1084/1685/1688 1047/1684/1687 1048/1686/1689
f 1084/1685/1688 1048/1686/1689 1083/1687/1690
f 1083/1687/1690 1048/1686/1689 1049/1688/1691
f 1083/1687/1690 1049/1688/1691 1082/1689/1692
f 1082/1689/1692 1049/1688/1691 1050/1690/1693
f 1082/1689/1692 1050/1690/1693 1081/1691/1694
f 1081/1691/1694 1050/1690/1693 1051/1692/1695
f 1081/1691/1694 1051/1692/1695 1080/1693/1696
f 1080/1693/1696 1051/1692/1695 1052/1694/1697
f 1080/1693/1696 1052/1694/1697 1053/1695/1698
f 1080/1693/1696 1053/1695/1698 1079/1696/1699
f 1079/1696/1699 1053/1695/1698 1054/1697/1700
f 1079/1696/1699 1054/1697/1700 1078/1698/1701
f 1078/1698/1701 1054/1697/1700 1055/1699/1702
f 1078/1698/1701 1055/1699/1702 1077/1700/1703
f 1077/1700/1703 1055/1699/1702 1056/1701/1704
f 1077/1700/1703 1056/1701/1704 1076/1702/1705
f 1076/1702/1705 1056/1701/1704 1057/1703/1706
f 1076/1702/1705 1057/1703/1706 1075/1704/1707
f 1075/1704/1707 1057/1703/1706 1058/1705/1708
f 1075/1704/1707 1058/1705/1708 1074/1706/1709
f 1074/1706/1709 1058/1705/1708 1059/1707/1710
f 1074/1706/1709 1059/1707/1710 1073/1708/1711
f 1073/1708/1711 1059/1707/1710 1060/1709/1712
f 1073/1708/1711 1060/1709/1712 1072/1710/1713
f 1072/1710/1713 1060/1709/1712 1061/1711/1714
f 1072/1710/1713 1061/1711/1714 1071/1712/1715
f 1071/1712/1715 1061/1711/1714 1062/1713/1716
f 1071/1712/1715 1062/1713/1716 1070/1714/1717
f 1070/1714/1717 1062/1713/1716 1063/1715/1718
f 1070/1714/1717 1063/1715/1718 1069/1716/1719
f 1069/1716/1719 1063/1715/1718 1064/1717/1720
f 1069/1716/1719 1064/1717/1720 1068/1718/1721
f 1068/1718/1721 1064/1717/1720 1065/1719/1722
f 1068/1718/1721 1065/1719/1722 1067/1720/1723
f 1067/1720/1723 1065/1719/1722 1066/1721/1724
f 1067/1720/1723 1066/1721/1724 1017/1722/1725
f 1017/1722/1725 1040/1723/1726 1067/1720/1723
f 1031/1724/1727 1030/1725/1728 1036/1726/1729
f 1036/1726/1729 1030/1725/1728 1090/1727/1730
f 1036/1726/1729 1090/1727/1730 1089/1728/1731
f 1036/1726/1729 1089/1728/1731 1037/1729/1732
f 1037/1729/1732 1089/1728/1731 1088/1730/1733
f 1037/1729/1732 1088/1730/1733 1081/1731/1734
f 1081/1731/1734 1088/1730/1733 1087/1732/1735
f 1081/1731/1734 1087/1732/1735 1086/1733/1736
f 1086/1733/1736 1085/1734/1737 1081/1731/1734
f 1081/1731/1734 1085/1734/1737 1084/1735/1738
f 1081/1731/1734 1084/1735/1738 1082/1736/1739
f 1082/1736/1739 1084/1735/1738 1083/1737/1740
f 1080/1738/1741 1039/1739/1742 1081/1731/1734
f 1081/1731/1734 1039/1739/1742 1038/1740/1743
f 1081/1731/1734 1038/1740/1743 1037/1729/1732
f 1079/1741/1744 1067/1742/1745 1080/1738/1741
f 1080/1738/1741 1067/1742/1745 1040/1743/1746
f 1080/1738/1741 1040/1743/1746 1039/1739/1742
f 1079/1741/1744 1078/1744/1747 1067/1742/1745
f 1067/1742/1745 1078/1744/1747 1068/1745/1748
f 1068/1745/1748 1078/1744/1747 1077/1746/1749
f 1068/1745/1748 1077/1746/1749 1076/1747/1750
f 1076/1747/1750 1075/1748/1751 1068/1745/1748
f 1068/1745/1748 1075/1748/1751 1074/1749/1752
f 1068/1745/1748 1074/1749/1752 1073/1750/1753
f 1068/1745/1748 1073/1750/1753 1069/1751/1754
f 1069/1751/1754 1073/1750/1753 1072/1752/1755
f 1069/1751/1754 1072/1752/1755 1071/1753/1756
f 1071/1753/1756 1070/1754/1757 1069/1751/1754
f 1035/1755/1758 1033/1756/1759 1036/1726/1729
f 1036/1726/1729 1033/1756/1759 1032/1757/1760
f 1036/1726/1729 1032/1757/1760 1031/1724/1727
f 1035/1755/1758 1034/1758/1761 1033/1756/1759
f 1091/1759/1762 1092/1760/1763 1130/1761/1764
f 1130/1761/1764 1092/1760/1763 1168/1762/1765
f 1168/1762/1765 1092/1760/1763 1093/1763/1766
f 1168/1762/1765 1093/1763/1766 1167/1764/1767
f 1167/1764/1767 1093/1763/1766 1094/1765/1768
f 1167/1764/1767 1094/1765/1768 1166/1766/1769
f 1166/1766/1769 1094/1765/1768 1095/1767/1770
f 1166/1766/1769 1095/1767/1770 1165/1768/1771
f 1165/1768/1771 1095/1767/1770 1096/1769/1772
f 1165/1768/1771 1096/1769/1772 1164/1770/1773
f 1164/1770/1773 1096/1769/1772 1097/1771/1774
f 1164/1770/1773 1097/1771/1774 1163/1772/1775
f 1163/1772/1775 1097/1771/1774 1098/1773/1776
f 1163/1772/1775 1098/1773/1776 1162/1774/1777
f 1162/1774/1777 1098/1773/1776 1099/1775/1778
f 1162/1774/1777 1099/1775/1778 1161/1776/1779
f 1161/1776/1779 1099/1775/1778 1100/1777/1780
f 1161/1776/1779 1100/1777/1780 1160/1778/1781
f 1160/1778/1781 1100/1777/1780 1101/1779/1782
f 1160/1778/1781 1101/1779/1782 1159/1780/1783
f 1159/1780/1783 1101/1779/1782 1102/1781/1784
f 1159/1780/1783 1102/1781/1784 1158/1782/1785
f 1158/1782/1785 1102/1781/1784 1103/1783/1786
f 1158/1782/1785 1103/1783/1786 1157/1784/1787
f 1157/1784/1787 1103/1783/1786 1104/1785/1788
f 1157/1784/1787 1104/1785/1788 1156/1786/1789
f 1156/1786/1789 1104/1785/1788 1105/1787/1790
f 1156/1786/1789 1105/1787/1790 1155/1788/1791
f 1155/1788/1791 1105/1787/1790 1106/1789/1792
f 1155/1788/1791 1106/1789/1792 1154/1790/1793
f 1154/1790/1793 1106/1789/1792 1107/1791/1794
f 1154/1790/1793 1107/1791/1794 1153/1792/1795
f 1153/1792/1795 1107/1791/1794 1108/1793/1796
f 1153/1792/1795 1108/1793/1796 1152/1794/1797
f 1152/1794/1797 1108/1793/1796 1109/1795/1798
f 1152/1794/1797 1109/1795/1798 1151/1796/1799
f 1151/1796/1799 1109/1795/1798 1110/1797/1800
f 1151/1796/1799 1110/1797/1800 1150/1798/1801
f 1150/1798/1801 1110/1797/1800 1111/1799/1802
f 1150/1798/1801 1111/1799/1802 1149/1800/1803
f 1149/1800/1803 1111/1799/1802 1112/1801/1804
f 1149/1800/1803 1112/1801/1804 1148/1802/1805
f 1148/1802/1805 1112/1801/1804 1113/1803/1806
f 1148/1802/1805 1113/1803/1806 1147/1804/1807
f 1147/1804/1807 1113/1803/1806 1114/1805/1808
f 1147/1804/1807 1114/1805/1808 1146/1806/1809
f 1146/1806/1809 1114/1805/1808 1115/1807/1810
f 1146/1806/1809 1115/1807/1810 1145/1808/1811
f 1145/1808/1811 1115/1807/1810 1116/1809/1812
f 1145/1808/1811 1116/1809/1812 1144/1810/1813
f 1144/1810/1813 1116/1809/1812 1117/1811/1814
f 1144/1810/1813 1117/1811/1814 1143/1812/1815
f 1143/1812/1815 1117/1811/1814 1118/1813/1816
f 1143/1812/1815 1118/1813/1816 1142/1814/1817
f 1142/1814/1817 1118/1813/1816 1119/1815/1818
f 1142/1814/1817 1119/1815/1818 1141/1816/1819
f 1141/1816/1819 1119/1815/1818 1120/1817/1820
f 1141/1816/1819 1120/1817/1820 1140/1818/1821
f 1140/1818/1821 1120/1817/1820 1121/1819/1822
f 1140/1818/1821 1121/1819/1822 1139/1820/1823
f 1139/1820/1823 1121/1819/1822 1122/1821/1824
f 1139/1820/1823 1122/1821/1824 1138/1822/1825
f 1138/1822/1825 1122/1821/1824 1123/1823/1826
f 1138/1822/1825 1123/1823/1826 1137/1824/1827
f 1137/1824/1827 1123/1823/1826 1124/1825/1828
f 1137/1824/1827 1124/1825/1828 1136/1826/1829
f 1136/1826/1829 1124/1825/1828 1125/1827/1830
f 1136/1826/1829 1125/1827/1830 1135/1828/1831
f 1135/1828/1831 1125/1827/1830 1126/1829/1832
f 1135/1828/1831 1126/1829/1832 1134/1830/1833
f 1134/1830/1833 1126/1829/1832 1127/1831/1834
f 1134/1830/1833 1127/1831/1834 1133/1832/1835
f 1133/1832/1835 1127/1831/1834 1128/1833/1836
f 1133/1832/1835 1128/1833/1836 1132/1834/1837
f 1132/1834/1837 1128/1833/1836 1129/1835/1838
f 1132/1834/1837 1129/1835/1838 1131/1836/1839
f 1131/1836/1839 1129/1835/1838 1091/1837/1762
f 1131/1836/1839 1091/1837/1762 1130/1838/1764
f 1131/1839/1840 1130/1840/1841 1135/1841/1842
f 1135/1841/1842 1130/1840/1841 1168/1842/1843
f 1135/1841/1842 1168/1842/1843 1167/1843/1844
f 1135/1841/1842 1167/1843/1844 1136/1844/1845
f 1136/1844/1845 1167/1843/1844 1166/1845/1846
f 1136/1844/1845 1166/1845/1846 1137/1846/1847
f 1137/1846/1847 1166/1845/1846 1165/1847/1848
f 1137/1846/1847 1165/1847/1848 1152/1848/1849
f 1152/1848/1849 1165/1847/1848 1153/1849/1850
f 1153/1849/1850 1165/1847/1848 1154/1850/1851
f 1154/1850/1851 1165/1847/1848 1155/1851/1852
f 1155/1851/1852 1165/1847/1848 1164/1852/1853
f 1155/1851/1852 1164/1852/1853 1156/1853/1854
f 1156/1853/1854 1164/1852/1853 1163/1854/1855
f 1156/1853/1854 1163/1854/1855 1157/1855/1856
f 1157/1855/1856 1163/1854/1855 1158/1856/1857
f 1158/1856/1857 1163/1854/1855 1159/1857/1858
f 1159/1857/1858 1163/1854/1855 1160/1858/1859
f 1160/1858/1859 1163/1854/1855 1161/1859/1860
f 1161/1859/1860 1163/1854/1855 1162/1860/1861
f 1152/1848/1849 1151/1861/1862 1137/1846/1847
f 1137/1846/1847 1151/1861/1862 1138/1862/1863
f 1138/1862/1863 1151/1861/1862 1139/1863/1864
f 1139/1863/1864 1151/1861/1862 1150/1864/1865
f 1139/1863/1864 1150/1864/1865 1149/1865/1866
f 1139/1863/1864 1149/1865/1866 1140/1866/1867
f 1140/1866/1867 1149/1865/1866 1148/1867/1868
f 1140/1866/1867 1148/1867/1868 1141/1868/1869
f 1141/1868/1869 1148/1867/1868 1142/1869/1870
f 1142/1869/1870 1148/1867/1868 1143/1870/1871
f 1143/1870/1871 1148/1867/1868 1144/1871/1872
f 1144/1871/1872 1148/1867/1868 1147/1872/1873
f 1144/1871/1872 1147/1872/1873 1145/1873/1874
f 1145/1873/1874 1147/1872/1873 1146/1874/1875
f 1131/1839/1840 1135/1841/1842 1132/1875/1876
f 1132/1875/1876 1135/1841/1842 1134/1876/1877
f 1132/1875/1876 1134/1876/1877 1133/1877/1878
f 1169/1878/1879 1170/1879/1880 1232/1880/1881
f 1232/1880/1881 1170/1879/1880 1231/1881/1882
f 1231/1881/1882 1170/1879/1880 1171/1882/1883
f 1231/1881/1882 1171/1882/1883 1230/1883/1884
f 1230/1883/1884 1171/1882/1883 1172/1884/1885
f 1230/1883/1884 1172/1884/1885 1229/1885/1886
f 1229/1885/1886 1172/1884/1885 1173/1886/1887
f 1229/1885/1886 1173/1886/1887 1228/1887/1888
f 1228/1887/1888 1173/1886/1887 1174/1888/1889
f 1228/1887/1888 1174/1888/1889 1227/1889/1890
f 1227/1889/1890 1174/1888/1889 1175/1890/1891
f 1227/1889/1890 1175/1890/1891 1226/1891/1892
f 1226/1891/1892 1175/1890/1891 1176/1892/1893
f 1226/1891/1892 1176/1892/1893 1225/1893/1894
f 1225/1893/1894 1176/1892/1893 1177/1894/1895
f 1225/1893/1894 1177/1894/1895 1224/1895/1896
f 1224/1895/1896 1177/1894/1895 1178/1896/1897
f 1224/1895/1896 1178/1896/1897 1223/1897/1898
f 1223/1897/1898 1178/1896/1897 1179/1898/1899
f 1223/1897/1898 1179/1898/1899 1222/1899/1900
f 1222/1899/1900 1179/1898/1899 1180/1900/1901
f 1222/1899/1900 1180/1900/1901 1221/1901/1902
f 1221/1901/1902 1180/1900/1901 1181/1902/1903
f 1221/1901/1902 1181/1902/1903 1220/1903/1904
f 1220/1903/1904 1181/1902/1903 1182/1904/1905
f 1220/1903/1904 1182/1904/1905 1219/1905/1906
f 1219/1905/1906 1182/1904/1905 1183/1906/1907
f 1219/1905/1906 1183/1906/1907 1218/1907/1908
f 1218/1907/1908 1183/1906/1907 1184/1908/1909
f 1218/1907/1908 1184/1908/1909 1217/1909/1910
f 1217/1909/1910 1184/1908/1909 1185/1910/1911
f 1217/1909/1910 1185/1910/1911 1216/1911/1912
f 1216/1911/1912 1185/1910/1911 1186/1912/1913
f 1216/1911/1912 1186/1912/1913 1215/1913/1914
f 1215/1913/1914 1186/1912/1913 1187/1914/1915
f 1215/1913/1914 1187/1914/1915 1214/1915/1916
f 1214/1915/1916 1187/1914/1915 1188/1916/1917
f 1214/1915/1916 1188/1916/1917 1213/1917/1918
f 1213/1917/1918 1188/1916/1917 1189/1918/1919
f 1213/1917/1918 1189/1918/1919 1212/1919/1920
f 1212/1919/1920 1189/1918/1919 1190/1920/1921
f 1212/1919/1920 1190/1920/1921 1211/1921/1922
f 1211/1921/1922 1190/1920/1921 1191/1922/1923
f 1211/1921/1922 1191/1922/1923 1210/1923/1924
f 1210/1923/1924 1191/1922/1923 1192/1924/1925
f 1210/1923/1924 1192/1924/1925 1209/1925/1926
f 1209/1925/1926 1192/1924/1925 1193/1926/1927
f 1209/1925/1926 1193/1926/1927 1208/1927/1928
f 1208/1927/1928 1193/1926/1927 1194/1928/1929
f 1208/1927/1928 1194/1928/1929 1207/1929/1930
f 1207/1929/1930 1194/1928/1929 1195/1930/1931
f 1207/1929/1930 1195/1930/1931 1206/1931/1932
f 1206/1931/1932 1195/1930/1931 1196/1932/1933
f 1206/1931/1932 1196/1932/1933 1205/1933/1934
f 1205/1933/1934 1196/1932/1933 1197/1934/1935
f 1205/1933/1934 1197/1934/1935 1204/1935/1936
f 1204/1935/1936 1197/1934/1935 1198/1936/1937
f 1204/1935/1936 1198/1936/1937 1203/1937/1938
f 1203/1937/1938 1198/1936/1937 1199/1938/1939
f 1203/1937/1938 1199/1938/1939 1202/1939/1940
f 1202/1939/1940 1199/1938/1939 1200/1940/1941
f 1202/1939/1940 1200/1940/1941 1201/1941/1942
f 1200/1942/1943 1233/1943/1944 1201/1944/1945
f 1201/1944/1945 1233/1943/1944 1260/1945/1946
f 1260/1945/1946 1233/1943/1944 1234/1946/1947
f 1260/1945/1946 1234/1946/1947 1259/1947/1948
f 1259/1947/1948 1234/1946/1947 1235/1948/1949
f 1259/1947/1948 1235/1948/1949 1258/1949/1950
f 1258/1949/1950 1235/1948/1949 1236/1950/1951
f 1258/1949/1950 1236/1950/1951 1257/1951/1952
f 1257/1951/1952 1236/1950/1951 1237/1952/1953
f 1257/1951/1952 1237/1952/1953 1256/1953/1954
f 1256/1953/1954 1237/1952/1953 1238/1954/1955
f 1256/1953/1954 1238/1954/1955 1255/1955/1956
f 1255/1955/1956 1238/1954/1955 1239/1956/1957
f 1255/1955/1956 1239/1956/1957 1254/1957/1958
f 1254/1957/1958 1239/1956/1957 1240/1958/1959
f 1254/1957/1958 1240/1958/1959 1253/1959/1960
f 1253/1959/1960 1240/1958/1959 1241/1960/1961
f 1253/1959/1960 1241/1960/1961 1252/1961/1962
f 1252/1961/1962 1241/1960/1961 1242/1962/1963
f 1252/1961/1962 1242/1962/1963 1251/1963/1964
f 1251/1963/1964 1242/1962/1963 1243/1964/1965
f 1251/1963/1964 1243/1964/1965 1250/1965/1966
f 1250/1965/1966 1243/1964/1965 1244/1966/1967
f 1250/1965/1966 1244/1966/1967 1249/1967/1968
f 1249/1967/1968 1244/1966/1967 1245/1968/1969
f 1249/1967/1968 1245/1968/1969 1248/1969/1970
f 1248/1969/1970 1245/1968/1969 1246/1970/1971
f 1248/1969/1970 1246/1970/1971 1247/1971/1972
f 1247/1971/1972 1246/1970/1971 1169/1972/1973
f 1247/1971/1972 1169/1972/1973 1232/1973/1974
f 1260/1974/1975 1256/1975/1976 1201/1976/1977
f 1201/1976/1977 1256/1975/1976 1255/1977/1978
f 1201/1976/1977 1255/1977/1978 1254/1978/1979
f 1260/1974/1975 1259/1979/1980 1256/1975/1976
f 1256/1975/1976 1259/1979/1980 1258/1980/1981
f 1256/1975/1976 1258/1980/1981 1257/1981/1982
f 1253/1982/1983 1207/1983/1984 1254/1978/1979
f 1254/1978/1979 1207/1983/1984 1206/1984/1985
f 1254/1978/1979 1206/1984/1985 1201/1976/1977
f 1201/1976/1977 1206/1984/1985 1205/1985/1986
f 1201/1976/1977 1205/1985/1986 1204/1986/1987
f 1207/1983/1984 1253/1982/1983 1208/1987/1988
f 1208/1987/1988 1253/1982/1983 1252/1988/1989
f 1208/1987/1988 1252/1988/1989 1209/1989/1990
f 1209/1989/1990 1252/1988/1989 1251/1990/1991
f 1209/1989/1990 1251/1990/1991 1210/1991/1992
f 1210/1991/1992 1251/1990/1991 1250/1992/1993
f 1210/1991/1992 1250/1992/1993 1211/1993/1994
f 1211/1993/1994 1250/1992/1993 1249/1994/1995
f 1211/1993/1994 1249/1994/1995 1248/1995/1996
f 1248/1995/1996 1247/1996/1997 1211/1993/1994
f 1211/1993/1994 1247/1996/1997 1212/1997/1998
f 1212/1997/1998 1247/1996/1997 1232/1998/1999
f 1212/1997/1998 1232/1998/1999 1231/1999/2000
f 1231/1999/2000 1230/2000/2001 1212/1997/1998
f 1212/1997/1998 1230/2000/2001 1213/2001/2002
f 1213/2001/2002 1230/2000/2001 1229/2002/2003
f 1213/2001/2002 1229/2002/2003 1214/2003/2004
f 1214/2003/2004 1229/2002/2003 1228/2004/2005
f 1214/2003/2004 1228/2004/2005 1215/2005/2006
f 1215/2005/2006 1228/2004/2005 1227/2006/2007
f 1215/2005/2006 1227/2006/2007 1216/2007/2008
f 1216/2007/2008 1227/2006/2007 1226/2008/2009
f 1216/2007/2008 1226/2008/2009 1217/2009/2010
f 1217/2009/2010 1226/2008/2009 1225/2010/2011
f 1217/2009/2010 1225/2010/2011 1218/2011/2012
f 1218/2011/2012 1225/2010/2011 1224/2012/2013
f 1218/2011/2012 1224/2012/2013 1219/2013/2014
f 1219/2013/2014 1224/2012/2013 1223/2014/2015
f 1219/2013/2014 1223/2014/2015 1220/2015/2016
f 1220/2015/2016 1223/2014/2015 1222/2016/2017
f 1220/2015/2016 1222/2016/2017 1221/2017/2018
f 1203/2018/2019 1202/2019/2020 1204/1986/1987
f 1204/1986/1987 1202/2019/2020 1201/1976/1977
f 1261/2020/2021 1262/2021/2022 1272/2022/2023
f 1272/2022/2023 1262/2021/2022 1271/2023/2024
f 1271/2023/2024 1262/2021/2022 1263/2024/2025
f 1271/2023/2024 1263/2024/2025 1270/2025/2026
f 1270/2025/2026 1263/2024/2025 1264/2026/2027
f 1270/2025/2026 1264/2026/2027 1269/2027/2028
f 1269/2027/2028 1264/2026/2027 1265/2028/2029
f 1269/2027/2028 1265/2028/2029 1268/2029/2030
f 1268/2029/2030 1265/2028/2029 1266/2030/2031
f 1268/2029/2030 1266/2030/2031 1267/2031/2032
f 1266/2030/2033 1273/2032/2034 1267/2033/2035
f 1267/2033/2035 1273/2032/2034 1338/2034/2036
f 1338/2034/2036 1273/2032/2034 1274/2035/2037
f 1338/2034/2036 1274/2035/2037 1337/2036/2038
f 1337/2036/2038 1274/2035/2037 1275/2037/2039
f 1337/2036/2038 1275/2037/2039 1336/2038/2040
f 1336/2038/2040 1275/2037/2039 1276/2039/2041
f 1336/2038/2040 1276/2039/2041 1335/2040/2042
f 1335/2040/2042 1276/2039/2041 1277/2041/2043
f 1335/2040/2042 1277/2041/2043 1334/2042/2044
f 1334/2042/2044 1277/2041/2043 1278/2043/2045
f 1334/2042/2044 1278/2043/2045 1333/2044/2046
f 1333/2044/2046 1278/2043/2045 1279/2045/2047
f 1333/2044/2046 1279/2045/2047 1332/2046/2048
f 1332/2046/2048 1279/2045/2047 1280/2047/2049
f 1332/2046/2048 1280/2047/2049 1331/2048/2050
f 1331/2048/2050 1280/2047/2049 1281/2049/2051
f 1331/2048/2050 1281/2049/2051 1330/2050/2052
f 1330/2050/2052 1281/2049/2051 1282/2051/2053
f 1330/2050/2052 1282/2051/2053 1329/2052/2054
f 1329/2052/2054 1282/2051/2053 1283/2053/2055
f 1329/2052/2054 1283/2053/2055 1328/2054/2056
f 1328/2054/2056 1283/2053/2055 1284/2055/2057
f 1328/2054/2056 1284/2055/2057 1327/2056/2058
f 1327/2056/2058 1284/2055/2057 1285/2057/2059
f 1327/2056/2058 1285/2057/2059 1326/2058/2060
f 1326/2058/2060 1285/2057/2059 1286/2059/2061
f 1326/2058/2060 1286/2059/2061 1325/2060/2062
f 1325/2060/2062 1286/2059/2061 1287/2061/2063
f 1325/2060/2062 1287/2061/2063 1324/2062/2064
f 1324/2062/2064 1287/2061/2063 1288/2063/2065
f 1324/2062/2064 1288/2063/2065 1323/2064/2066
f 1323/2064/2066 1288/2063/2065 1289/2065/2067
f 1323/2064/2066 1289/2065/2067 1322/2066/2068
f 1322/2066/2068 1289/2065/2067 1290/2067/2069
f 1322/2066/2068 1290/2067/2069 1321/2068/2070
f 1321/2068/2070 1290/2067/2069 1291/2069/2071
f 1321/2068/2070 1291/2069/2071 1320/2070/2072
f 1320/2070/2072 1291/2069/2071 1292/2071/2073
f 1320/2070/2072 1292/2071/2073 1319/2072/2074
f 1319/2072/2074 1292/2071/2073 1293/2073/2075
f 1319/2072/2074 1293/2073/2075 1318/2074/2076
f 1318/2074/2076 1293/2073/2075 1294/2075/2077
f 1318/2074/2076 1294/2075/2077 1317/2076/2078
f 1317/2076/2078 1294/2075/2077 1295/2077/2079
f 1317/2076/2078 1295/2077/2079 1316/2078/2080
f 1316/2078/2080 1295/2077/2079 1296/2079/2081
f 1316/2078/2080 1296/2079/2081 1315/2080/2082
f 1315/2080/2082 1296/2079/2081 1297/2081/2083
f 1315/2080/2082 1297/2081/2083 1314/2082/2084
f 1314/2082/2084 1297/2081/2083 1298/2083/2085
f 1314/2082/2084 1298/2083/2085 1313/2084/2086
f 1313/2084/2086 1298/2083/2085 1299/2085/2087
f 1313/2084/2086 1299/2085/2087 1312/2086/2088
f 1312/2086/2088 1299/2085/2087 1300/2087/2089
f 1312/2086/2088 1300/2087/2089 1311/2088/2090
f 1311/2088/2090 1300/2087/2089 1301/2089/2091
f 1311/2088/2090 1301/2089/2091 1310/2090/2092
f 1310/2090/2092 1301/2089/2091 1302/2091/2093
f 1310/2090/2092 1302/2091/2093 1309/2092/2094
f 1309/2092/2094 1302/2091/2093 1303/2093/2095
f 1309/2092/2094 1303/2093/2095 1308/2094/2096
f 1308/2094/2096 1303/2093/2095 1304/2095/2097
f 1308/2094/2096 1304/2095/2097 1307/2096/2098
f 1307/2096/2098 1304/2095/2097 1305/2097/2099
f 1307/2096/2098 1305/2097/2099 1306/2098/2100
f 1306/2098/2100 1305/2097/2099 1261/2099/2101
f 1306/2098/2100 1261/2099/2101 1272/2100/2102
f 1268/2101/2103 1267/2102/2104 1306/2103/2105
f 1306/2103/2105 1267/2102/2104 1338/2104/2106
f 1306/2103/2105 1338/2104/2106 1307/2105/2107
f 1307/2105/2107 1338/2104/2106 1337/2106/2108
f 1307/2105/2107 1337/2106/2108 1336/2107/2109
f 1307/2105/2107 1336/2107/2109 1308/2108/2110
f 1308/2108/2110 1336/2107/2109 1335/2109/2111
f 1308/2108/2110 1335/2109/2111 1334/2110/2112
f 1308/2108/2110 1334/2110/2112 1309/2111/2113
f 1309/2111/2113 1334/2110/2112 1333/2112/2114
f 1309/2111/2113 1333/2112/2114 1310/2113/2115
f 1310/2113/2115 1333/2112/2114 1332/2114/2116
f 1310/2113/2115 1332/2114/2116 1331/2115/2117
f 1310/2113/2115 1331/2115/2117 1311/2116/2118
f 1311/2116/2118 1331/2115/2117 1330/2117/2119
f 1311/2116/2118 1330/2117/2119 1329/2118/2120
f 1311/2116/2118 1329/2118/2120 1312/2119/2121
f 1312/2119/2121 1329/2118/2120 1328/2120/2122
f 1312/2119/2121 1328/2120/2122 1313/2121/2123
f 1313/2121/2123 1328/2120/2122 1327/2122/2124
f 1313/2121/2123 1327/2122/2124 1314/2123/2125
f 1314/2123/2125 1327/2122/2124 1326/2124/2126
f 1314/2123/2125 1326/2124/2126 1315/2125/2127
f 1315/2125/2127 1326/2124/2126 1325/2126/2128
f 1315/2125/2127 1325/2126/2128 1316/2127/2129
f 1316/2127/2129 1325/2126/2128 1324/2128/2130
f 1316/2127/2129 1324/2128/2130 1317/2129/2131
f 1317/2129/2131 1324/2128/2130 1323/2130/2132
f 1317/2129/2131 1323/2130/2132 1322/2131/2133
f 1322/2131/2133 1321/2132/2134 1317/2129/2131
f 1317/2129/2131 1321/2132/2134 1320/2133/2135
f 1317/2129/2131 1320/2133/2135 1319/2134/2136
f 1319/2134/2136 1318/2135/2137 1317/2129/2131
f 1272/2136/2138 1271/2137/2139 1306/2103/2105
f 1306/2103/2105 1271/2137/2139 1270/2138/2140
f 1306/2103/2105 1270/2138/2140 1269/2139/2141
f 1269/2139/2141 1268/2101/2103 1306/2103/2105
f 1339/2140/2142 1340/2141/2143 1379/2142/2144
f 1379/2142/2144 1340/2141/2143 1418/2143/2145
f 1418/2143/2145 1340/2141/2143 1341/2144/2146
f 1418/2143/2145 1341/2144/2146 1417/2145/2147
f 1417/2145/2147 1341/2144/2146 1342/2146/2148
f 1417/2145/2147 1342/2146/2148 1416/2147/2149
f 1416/2147/2149 1342/2146/2148 1343/2148/2150
f 1416/2147/2149 1343/2148/2150 1415/2149/2151
f 1415/2149/2151 1343/2148/2150 1344/2150/2152
f 1415/2149/2151 1344/2150/2152 1414/2151/2153
f 1414/2151/2153 1344/2150/2152 1345/2152/2154
f 1414/2151/2153 1345/2152/2154 1413/2153/2155
f 1413/2153/2155 1345/2152/2154 1346/2154/2156
f 1413/2153/2155 1346/2154/2156 1412/2155/2157
f 1412/2155/2157 1346/2154/2156 1347/2156/2158
f 1412/2155/2157 1347/2156/2158 1411/2157/2159
f 1411/2157/2159 1347/2156/2158 1348/2158/2160
f 1411/2157/2159 1348/2158/2160 1410/2159/2161
f 1410/2159/2161 1348/2158/2160 1349/2160/2162
f 1410/2159/2161 1349/2160/2162 1409/2161/2163
f 1409/2161/2163 1349/2160/2162 1350/2162/2164
f 1409/2161/2163 1350/2162/2164 1408/2163/2165
f 1408/2163/2165 1350/2162/2164 1351/2164/2166
f 1408/2163/2165 1351/2164/2166 1407/2165/2167
f 1407/2165/2167 1351/2164/2166 1352/2166/2168
f 1407/2165/2167 1352/2166/2168 1406/2167/2169
f 1406/2167/2169 1352/2166/2168 1353/2168/2170
f 1406/2167/2169 1353/2168/2170 1405/2169/2171
f 1405/2169/2171 1353/2168/2170 1354/2170/2172
f 1405/2169/2171 1354/2170/2172 1404/2171/2173
f 1404/2171/2173 1354/2170/2172 1355/2172/2174
f 1404/2171/2173 1355/2172/2174 1403/2173/2175
f 1403/2173/2175 1355/2172/2174 1356/2174/2176
f 1403/2173/2175 1356/2174/2176 1402/2175/2177
f 1402/2175/2177 1356/2174/2176 1357/2176/2178
f 1402/2175/2177 1357/2176/2178 1401/2177/2179
f 1401/2177/2179 1357/2176/2178 1358/2178/2180
f 1401/2177/2179 1358/2178/2180 1400/2179/2181
f 1400/2179/2181 1358/2178/2180 1359/2180/2182
f 1400/2179/2181 1359/2180/2182 1399/2181/2183
f 1399/2181/2183 1359/2180/2182 1360/2182/2184
f 1399/2181/2183 1360/2182/2184 1398/2183/2185
f 1398/2183/2185 1360/2182/2184 1361/2184/2186
f 1398/2183/2185 1361/2184/2186 1397/2185/2187
f 1397/2185/2187 1361/2184/2186 1362/2186/2188
f 1397/2185/2187 1362/2186/2188 1396/2187/2189
f 1396/2187/2189 1362/2186/2188 1363/2188/2190
f 1396/2187/2189 1363/2188/2190 1395/2189/2191
f 1395/2189/2191 1363/2188/2190 1364/2190/2192
f 1395/2189/2191 1364/2190/2192 1394/2191/2193
f 1394/2191/2193 1364/2190/2192 1365/2192/2194
f 1394/2191/2193 1365/2192/2194 1393/2193/2195
f 1393/2193/2195 1365/2192/2194 1366/2194/2196
f 1393/2193/2195 1366/2194/2196 1392/2195/2197
f 1392/2195/2197 1366/2194/2196 1367/2196/2198
f 1392/2195/2197 1367/2196/2198 1391/2197/2199
f 1391/2197/2199 1367/2196/2198 1368/2198/2200
f 1391/2197/2199 1368/2198/2200 1390/2199/2201
f 1390/2199/2201 1368/2198/2200 1369/2200/2202
f 1390/2199/2201 1369/2200/2202 1389/2201/2203
f 1389/2201/2203 1369/2200/2202 1370/2202/2204
f 1389/2201/2203 1370/2202/2204 1388/2203/2205
f 1388/2203/2205 1370/2202/2204 1371/2204/2206
f 1388/2203/2205 1371/2204/2206 1387/2205/2207
f 1387/2205/2207 1371/2204/2206 1372/2206/2208
f 1387/2205/2207 1372/2206/2208 1386/2207/2209
f 1386/2207/2209 1372/2206/2208 1373/2208/2210
f 1386/2207/2209 1373/2208/2210 1385/2209/2211
f 1385/2209/2211 1373/2208/2210 1374/2210/2212
f 1385/2209/2211 1374/2210/2212 1384/2211/2213
f 1384/2211/2213 1374/2210/2212 1375/2212/2214
f 1384/2211/2213 1375/2212/2214 1383/2213/2215
f 1383/2213/2215 1375/2212/2214 1376/2214/2216
f 1383/2213/2215 1376/2214/2216 1382/2215/2217
f 1382/2215/2217 1376/2214/2216 1377/2216/2218
f 1382/2215/2217 1377/2216/2218 1381/2217/2219
f 1381/2217/2219 1377/2216/2218 1378/2218/2220
f 1381/2217/2219 1378/2218/2220 1380/2219/2221
f 1380/2219/2221 1378/2218/2220 1339/2220/2142
f 1380/2219/2221 1339/2220/2142 1379/2221/2144
f 1380/2222/2222 1379/2223/2223 1394/2224/2224
f 1394/2224/2224 1379/2223/2223 1418/2225/2225
f 1394/2224/2224 1418/2225/2225 1403/2226/2226
f 1403/2226/2226 1418/2225/2225 1417/2227/2227
f 1403/2226/2226 1417/2227/2227 1404/2228/2228
f 1404/2228/2228 1417/2227/2227 1416/2229/2229
f 1404/2228/2228 1416/2229/2229 1405/2230/2230
f 1405/2230/2230 1416/2229/2229 1415/2231/2231
f 1405/2230/2230 1415/2231/2231 1406/2232/2232
f 1406/2232/2232 1415/2231/2231 1407/2233/2233
f 1407/2233/2233 1415/2231/2231 1414/2234/2234
f 1407/2233/2233 1414/2234/2234 1408/2235/2235
f 1408/2235/2235 1414/2234/2234 1409/2236/2236
f 1409/2236/2236 1414/2234/2234 1410/2237/2237
f 1410/2237/2237 1414/2234/2234 1411/2238/2238
f 1411/2238/2238 1414/2234/2234 1412/2239/2239
f 1412/2239/2239 1414/2234/2234 1413/2240/2240
f 1403/2226/2226 1402/2241/2241 1394/2224/2224
f 1394/2224/2224 1402/2241/2241 1395/2242/2242
f 1395/2242/2242 1402/2241/2241 1401/2243/2243
f 1395/2242/2242 1401/2243/2243 1396/2244/2244
f 1396/2244/2244 1401/2243/2243 1400/2245/2245
f 1396/2244/2244 1400/2245/2245 1397/2246/2246
f 1397/2246/2246 1400/2245/2245 1399/2247/2247
f 1397/2246/2246 1399/2247/2247 1398/2248/2248
f 1394/2224/2224 1393/2249/2249 1380/2222/2222
f 1380/2222/2222 1393/2249/2249 1381/2250/2250
f 1381/2250/2250 1393/2249/2249 1382/2251/2251
f 1382/2251/2251 1393/2249/2249 1392/2252/2252
f 1382/2251/2251 1392/2252/2252 1391/2253/2253
f 1382/2251/2251 1391/2253/2253 1383/2254/2254
f 1383/2254/2254 1391/2253/2253 1390/2255/2255
f 1383/2254/2254 1390/2255/2255 1389/2256/2256
f 1389/2256/2256 1388/2257/2257 1383/2254/2254
f 1383/2254/2254 1388/2257/2257 1387/2258/2258
f 1383/2254/2254 1387/2258/2258 1386/2259/2259
f 1386/2259/2259 1385/2260/2260 1383/2254/2254
f 1383/2254/2254 1385/2260/2260 1384/2261/2261
f 1419/2262/2262 1420/2263/2263 1460/2264/2264
f 1460/2264/2264 1420/2263/2263 1459/2265/2265
f 1459/2265/2265 1420/2263/2263 1421/2266/2266
f 1459/2265/2265 1421/2266/2266 1458/2267/2267
f 1458/2267/2267 1421/2266/2266 1422/2268/2268
f 1458/2267/2267 1422/2268/2268 1457/2269/2269
f 1457/2269/2269 1422/2268/2268 1423/2270/2270
f 1457/2269/2269 1423/2270/2270 1456/2271/2271
f 1456/2271/2271 1423/2270/2270 1424/2272/2272
f 1456/2271/2271 1424/2272/2272 1455/2273/2273
f 1455/2273/2273 1424/2272/2272 1425/2274/2274
f 1455/2273/2273 1425/2274/2274 1454/2275/2275
f 1454/2275/2275 1425/2274/2274 1426/2276/2276
f 1454/2275/2275 1426/2276/2276 1453/2277/2277
f 1453/2277/2277 1426/2276/2276 1427/2278/2278
f 1453/2277/2277 1427/2278/2278 1452/2279/2279
f 1452/2279/2279 1427/2278/2278 1428/2280/2280
f 1452/2279/2279 1428/2280/2280 1451/2281/2281
f 1451/2281/2281 1428/2280/2280 1429/2282/2282
f 1451/2281/2281 1429/2282/2282 1450/2283/2283
f 1450/2283/2283 1429/2282/2282 1430/2284/2284
f 1450/2283/2283 1430/2284/2284 1449/2285/2285
f 1449/2285/2285 1430/2284/2284 1431/2286/2286
f 1449/2285/2285 1431/2286/2286 1448/2287/2287
f 1448/2287/2287 1431/2286/2286 1432/2288/2288
f 1448/2287/2287 1432/2288/2288 1447/2289/2289
f 1447/2289/2289 1432/2288/2288 1433/2290/2290
f 1447/2289/2289 1433/2290/2290 1446/2291/2291
f 1446/2291/2291 1433/2290/2290 1434/2292/2292
f 1446/2291/2291 1434/2292/2292 1445/2293/2293
f 1445/2293/2293 1434/2292/2292 1435/2294/2294
f 1445/2293/2293 1435/2294/2294 1444/2295/2295
f 1444/2295/2295 1435/2294/2294 1436/2296/2296
f 1444/2295/2295 1436/2296/2296 1443/2297/2297
f 1443/2297/2297 1436/2296/2296 1437/2298/2298
f 1443/2297/2297 1437/2298/2298 1442/2299/2299
f 1442/2299/2299 1437/2298/2298 1438/2300/2300
f 1442/2299/2299 1438/2300/2300 1441/2301/2301
f 1441/2301/2301 1438/2300/2300 1439/2302/2302
f 1441/2301/2301 1439/2302/2302 1440/2303/2303
f 1439/2302/2304 1461/2304/2305 1440/2305/2306
f 1440/2305/2306 1461/2304/2305 1496/2306/2307
f 1496/2306/2307 1461/2304/2305 1462/2307/2308
f 1496/2306/2307 1462/2307/2308 1495/2308/2309
f 1495/2308/2309 1462/2307/2308 1463/2309/2310
f 1495/2308/2309 1463/2309/2310 1494/2310/2311
f 1494/2310/2311 1463/2309/2310 1464/2311/2312
f 1494/2310/2311 1464/2311/2312 1493/2312/2313
f 1493/2312/2313 1464/2311/2312 1465/2313/2314
f 1493/2312/2313 1465/2313/2314 1492/2314/2315
f 1492/2314/2315 1465/2313/2314 1466/2315/2316
f 1492/2314/2315 1466/2315/2316 1491/2316/2317
f 1491/2316/2317 1466/2315/2316 1467/2317/2318
f 1491/2316/2317 1467/2317/2318 1490/2318/2319
f 1490/2318/2319 1467/2317/2318 1468/2319/2320
f 1490/2318/2319 1468/2319/2320 1489/2320/2321
f 1489/2320/2321 1468/2319/2320 1469/2321/2322
f 1489/2320/2321 1469/2321/2322 1488/2322/2323
f 1488/2322/2323 1469/2321/2322 1470/2323/2324
f 1488/2322/2323 1470/2323/2324 1487/2324/2325
f 1487/2324/2325 1470/2323/2324 1471/2325/2326
f 1487/2324/2325 1471/2325/2326 1486/2326/2327
f 1486/2326/2327 1471/2325/2326 1472/2327/2328
f 1486/2326/2327 1472/2327/2328 1485/2328/2329
f 1485/2328/2329 1472/2327/2328 1473/2329/2330
f 1485/2328/2329 1473/2329/2330 1484/2330/2331
f 1484/2330/2331 1473/2329/2330 1474/2331/2332
f 1484/2330/2331 1474/2331/2332 1483/2332/2333
f 1483/2332/2333 1474/2331/2332 1475/2333/2334
f 1483/2332/2333 1475/2333/2334 1482/2334/2335
f 1482/2334/2335 1475/2333/2334 1476/2335/2336
f 1482/2334/2335 1476/2335/2336 1481/2336/2337
f 1481/2336/2337 1476/2335/2336 1477/2337/2338
f 1481/2336/2337 1477/2337/2338 1480/2338/2339
f 1480/2338/2339 1477/2337/2338 1478/2339/2340
f 1480/2338/2339 1478/2339/2340 1479/2340/2341
f 1479/2340/2341 1478/2339/2340 1419/2341/2342
f 1479/2340/2341 1419/2341/2342 1460/2342/2343
f 1496/2343/2344 1456/2344/2345 1440/2345/2346
f 1440/2345/2346 1456/2344/2345 1455/2346/2347
f 1440/2345/2346 1455/2346/2347 1441/2347/2348
f 1441/2347/2348 1455/2346/2347 1454/2348/2349
f 1441/2347/2348 1454/2348/2349 1453/2349/2350
f 1495/2350/2351 1488/2351/2352 1496/2343/2344
f 1496/2343/2344 1488/2351/2352 1458/2352/2353
f 1496/2343/2344 1458/2352/2353 1457/2353/2354
f 1495/2350/2351 1494/2354/2355 1488/2351/2352
f 1488/2351/2352 1494/2354/2355 1489/2355/2356
f 1489/2355/2356 1494/2354/2355 1490/2356/2357
f 1490/2356/2357 1494/2354/2355 1491/2357/2358
f 1491/2357/2358 1494/2354/2355 1493/2358/2359
f 1491/2357/2358 1493/2358/2359 1492/2359/2360
f 1458/2352/2353 1488/2351/2352 1459/2360/2361
f 1459/2360/2361 1488/2351/2352 1487/2361/2362
f 1459/2360/2361 1487/2361/2362 1479/2362/2363
f 1479/2362/2363 1487/2361/2362 1480/2363/2364
f 1480/2363/2364 1487/2361/2362 1486/2364/2365
f 1480/2363/2364 1486/2364/2365 1481/2365/2366
f 1481/2365/2366 1486/2364/2365 1485/2366/2367
f 1481/2365/2366 1485/2366/2367 1482/2367/2368
f 1482/2367/2368 1485/2366/2367 1483/2368/2369
f 1483/2368/2369 1485/2366/2367 1484/2369/2370
f 1479/2362/2363 1460/2370/2371 1459/2360/2361
f 1457/2353/2354 1456/2344/2345 1496/2343/2344
f 1441/2347/2348 1453/2349/2350 1442/2371/2372
f 1442/2371/2372 1453/2349/2350 1452/2372/2373
f 1442/2371/2372 1452/2372/2373 1451/2373/2374
f 1451/2373/2374 1450/2374/2375 1442/2371/2372
f 1442/2371/2372 1450/2374/2375 1449/2375/2376
f 1442/2371/2372 1449/2375/2376 1448/2376/2377
f 1448/2376/2377 1447/2377/2378 1442/2371/2372
f 1442/2371/2372 1447/2377/2378 1446/2378/2379
f 1442/2371/2372 1446/2378/2379 1445/2379/2380
f 1445/2379/2380 1444/2380/2381 1442/2371/2372
f 1442/2371/2372 1444/2380/2381 1443/2381/2382
f 1497/2382/2383 1498/2383/2384 1534/2384/2385
f 1534/2384/2385 1498/2383/2384 1570/2385/2386
f 1570/2385/2386 1498/2383/2384 1499/2386/2387
f 1570/2385/2386 1499/2386/2387 1569/2387/2388
f 1569/2387/2388 1499/2386/2387 1500/2388/2389
f 1569/2387/2388 1500/2388/2389 1568/2389/2390
f 1568/2389/2390 1500/2388/2389 1501/2390/2391
f 1568/2389/2390 1501/2390/2391 1567/2391/2392
f 1567/2391/2392 1501/2390/2391 1502/2392/2393
f 1567/2391/2392 1502/2392/2393 1566/2393/2394
f 1566/2393/2394 1502/2392/2393 1503/2394/2395
f 1566/2393/2394 1503/2394/2395 1565/2395/2396
f 1565/2395/2396 1503/2394/2395 1504/2396/2397
f 1565/2395/2396 1504/2396/2397 1564/2397/2398
f 1564/2397/2398 1504/2396/2397 1505/2398/2399
f 1564/2397/2398 1505/2398/2399 1563/2399/2400
f 1563/2399/2400 1505/2398/2399 1506/2400/2401
f 1563/2399/2400 1506/2400/2401 1562/2401/2402
f 1562/2401/2402 1506/2400/2401 1507/2402/2403
f 1562/2401/2402 1507/2402/2403 1561/2403/2404
f 1561/2403/2404 1507/2402/2403 1508/2404/2405
f 1561/2403/2404 1508/2404/2405 1560/2405/2406
f 1560/2405/2406 1508/2404/2405 1509/2406/2407
f 1560/2405/2406 1509/2406/2407 1559/2407/2408
f 1559/2407/2408 1509/2406/2407 1510/2408/2409
f 1559/2407/2408 1510/2408/2409 1558/2409/2410
f 1558/2409/2410 1510/2408/2409 1511/2410/2411
f 1558/2409/2410 1511/2410/2411 1557/2411/2412
f 1557/2411/2412 1511/2410/2411 1512/2412/2413
f 1557/2411/2412 1512/2412/2413 1556/2413/2414
f 1556/2413/2414 1512/2412/2413 1513/2414/2415
f 1556/2413/2414 1513/2414/2415 1555/2415/2416
f 1555/2415/2416 1513/2414/2415 1514/2416/2417
f 1555/2415/2416 1514/2416/2417 1554/2417/2418
f 1554/2417/2418 1514/2416/2417 1515/2418/2419
f 1554/2417/2418 1515/2418/2419 1553/2419/2420
f 1553/2419/2420 1515/2418/2419 1516/2420/2421
f 1553/2419/2420 1516/2420/2421 1552/2421/2422
f 1552/2421/2422 1516/2420/2421 1517/2422/2423
f 1552/2421/2422 1517/2422/2423 1551/2423/2424
f 1551/2423/2424 1517/2422/2423 1518/2424/2425
f 1551/2423/2424 1518/2424/2425 1550/2425/2426
f 1550/2425/2426 1518/2424/2425 1519/2426/2427
f 1550/2425/2426 1519/2426/2427 1549/2427/2428
f 1549/2427/2428 1519/2426/2427 1520/2428/2429
f 1549/2427/2428 1520/2428/2429 1548/2429/2430
f 1548/2429/2430 1520/2428/2429 1521/2430/2431
f 1548/2429/2430 1521/2430/2431 1547/2431/2432
f 1547/2431/2432 1521/2430/2431 1522/2432/2433
f 1547/2431/2432 1522/2432/2433 1546/2433/2434
f 1546/2433/2434 1522/2432/2433 1523/2434/2435
f 1546/2433/2434 1523/2434/2435 1545/2435/2436
f 1545/2435/2436 1523/2434/2435 1524/2436/2437
f 1545/2435/2436 1524/2436/2437 1544/2437/2438
f 1544/2437/2438 1524/2436/2437 1525/2438/2439
f 1544/2437/2438 1525/2438/2439 1543/2439/2440
f 1543/2439/2440 1525/2438/2439 1526/2440/2441
f 1543/2439/2440 1526/2440/2441 1542/2441/2442
f 1542/2441/2442 1526/2440/2441 1527/2442/2443
f 1542/2441/2442 1527/2442/2443 1541/2443/2444
f 1541/2443/2444 1527/2442/2443 1528/2444/2445
f 1541/2443/2444 1528/2444/2445 1540/2445/2446
f 1540/2445/2446 1528/2444/2445 1529/2446/2447
f 1540/2445/2446 1529/2446/2447 1539/2447/2448
f 1539/2447/2448 1529/2446/2447 1530/2448/2449
f 1539/2447/2448 1530/2448/2449 1538/2449/2450
f 1538/2449/2450 1530/2448/2449 1531/2450/2451
f 1538/2449/2450 1531/2450/2451 1537/2451/2452
f 1537/2451/2452 1531/2450/2451 1532/2452/2453
f 1537/2451/2452 1532/2452/2453 1536/2453/2454
f 1536/2453/2454 1532/2452/2453 1533/2454/2455
f 1536/2453/2454 1533/2454/2455 1535/2455/2456
f 1535/2455/2456 1533/2454/2455 1497/2456/2383
f 1535/2455/2456 1497/2456/2383 1534/2457/2385
f 1534/2458/2457 1570/2459/2458 1535/2460/2459
f 1535/2460/2459 1570/2459/2458 1557/2461/2460
f 1535/2460/2459 1557/2461/2460 1556/2462/2461
f 1570/2459/2458 1569/2463/2462 1557/2461/2460
f 1557/2461/2460 1569/2463/2462 1568/2464/2463
f 1557/2461/2460 1568/2464/2463 1567/2465/2464
f 1567/2465/2464 1566/2466/2465 1557/2461/2460
f 1557/2461/2460 1566/2466/2465 1565/2467/2466
f 1557/2461/2460 1565/2467/2466 1564/2468/2467
f 1564/2468/2467 1563/2469/2468 1557/2461/2460
f 1557/2461/2460 1563/2469/2468 1562/2470/2469
f 1557/2461/2460 1562/2470/2469 1561/2471/2470
f 1561/2471/2470 1560/2472/2471 1557/2461/2460
f 1557/2461/2460 1560/2472/2471 1559/2473/2472
f 1557/2461/2460 1559/2473/2472 1558/2474/2473
f 1535/2460/2459 1556/2462/2461 1536/2475/2474
f 1536/2475/2474 1556/2462/2461 1555/2476/2475
f 1536/2475/2474 1555/2476/2475 1537/2477/2476
f 1537/2477/2476 1555/2476/2475 1554/2478/2477
f 1537/2477/2476 1554/2478/2477 1553/2479/2478
f 1553/2479/2478 1552/2480/2479 1537/2477/2476
f 1537/2477/2476 1552/2480/2479 1551/2481/2480
f 1537/2477/2476 1551/2481/2480 1550/2482/2481
f 1550/2482/2481 1549/2483/2482 1537/2477/2476
f 1537/2477/2476 1549/2483/2482 1548/2484/2483
f 1537/2477/2476 1548/2484/2483 1547/2485/2484
f 1547/2485/2484 1546/2486/2485 1537/2477/2476
f 1537/2477/2476 1546/2486/2485 1545/2487/2486
f 1537/2477/2476 1545/2487/2486 1544/2488/2487
f 1537/2477/2476 1544/2488/2487 1538/2489/2488
f 1538/2489/2488 1544/2488/2487 1543/2490/2489
f 1538/2489/2488 1543/2490/2489 1542/2491/2490
f 1542/2491/2490 1541/2492/2491 1538/2489/2488
f 1538/2489/2488 1541/2492/2491 1539/2493/2492
f 1539/2493/2492 1541/2492/2491 1540/2494/2493
f 1571/2495/2494 1572/2496/2495 1607/2497/2496
f 1607/2497/2496 1572/2496/2495 1642/2498/2497
f 1642/2498/2497 1572/2496/2495 1573/2499/2498
f 1642/2498/2497 1573/2499/2498 1641/2500/2499
f 1641/2500/2499 1573/2499/2498 1574/2501/2500
f 1641/2500/2499 1574/2501/2500 1640/2502/2501
f 1640/2502/2501 1574/2501/2500 1575/2503/2502
f 1640/2502/2501 1575/2503/2502 1639/2504/2503
f 1639/2504/2503 1575/2503/2502 1576/2505/2504
f 1639/2504/2503 1576/2505/2504 1638/2506/2505
f 1638/2506/2505 1576/2505/2504 1577/2507/2506
f 1638/2506/2505 1577/2507/2506 1637/2508/2507
f 1637/2508/2507 1577/2507/2506 1578/2509/2508
f 1637/2508/2507 1578/2509/2508 1636/2510/2509
f 1636/2510/2509 1578/2509/2508 1579/2511/2510
f 1636/2510/2509 1579/2511/2510 1635/2512/2511
f 1635/2512/2511 1579/2511/2510 1580/2513/2512
f 1635/2512/2511 1580/2513/2512 1634/2514/2513
f 1634/2514/2513 1580/2513/2512 1581/2515/2514
f 1634/2514/2513 1581/2515/2514 1633/2516/2515
f 1633/2516/2515 1581/2515/2514 1582/2517/2516
f 1633/2516/2515 1582/2517/2516 1632/2518/2517
f 1632/2518/2517 1582/2517/2516 1583/2519/2518
f 1632/2518/2517 1583/2519/2518 1631/2520/2519
f 1631/2520/2519 1583/2519/2518 1584/2521/2520
f 1631/2520/2519 1584/2521/2520 1630/2522/2521
f 1630/2522/2521 1584/2521/2520 1585/2523/2522
f 1630/2522/2521 1585/2523/2522 1629/2524/2523
f 1629/2524/2523 1585/2523/2522 1586/2525/2524
f 1629/2524/2523 1586/2525/2524 1628/2526/2525
f 1628/2526/2525 1586/2525/2524 1587/2527/2526
f 1628/2526/2525 1587/2527/2526 1627/2528/2527
f 1627/2528/2527 1587/2527/2526 1588/2529/2528
f 1627/2528/2527 1588/2529/2528 1626/2530/2529
f 1626/2530/2529 1588/2529/2528 1589/2531/2530
f 1626/2530/2529 1589/2531/2530 1625/2532/2531
f 1625/2532/2531 1589/2531/2530 1590/2533/2532
f 1625/2532/2531 1590/2533/2532 1624/2534/2533
f 1624/2534/2533 1590/2533/2532 1591/2535/2534
f 1624/2534/2533 1591/2535/2534 1623/2536/2535
f 1623/2536/2535 1591/2535/2534 1592/2537/2536
f 1623/2536/2535 1592/2537/2536 1622/2538/2537
f 1622/2538/2537 1592/2537/2536 1593/2539/2538
f 1622/2538/2537 1593/2539/2538 1621/2540/2539
f 1621/2540/2539 1593/2539/2538 1594/2541/2540
f 1621/2540/2539 1594/2541/2540 1620/2542/2541
f 1620/2542/2541 1594/2541/2540 1595/2543/2542
f 1620/2542/2541 1595/2543/2542 1619/2544/2543
f 1619/2544/2543 1595/2543/2542 1596/2545/2544
f 1619/2544/2543 1596/2545/2544 1618/2546/2545
f 1618/2546/2545 1596/2545/2544 1597/2547/2546
f 1618/2546/2545 1597/2547/2546 1617/2548/2547
f 1617/2548/2547 1597/2547/2546 1598/2549/2548
f 1617/2548/2547 1598/2549/2548 1616/2550/2549
f 1616/2550/2549 1598/2549/2548 1599/2551/2550
f 1616/2550/2549 1599/2551/2550 1615/2552/2551
f 1615/2552/2551 1599/2551/2550 1600/2553/2552
f 1615/2552/2551 1600/2553/2552 1614/2554/2553
f 1614/2554/2553 1600/2553/2552 1601/2555/2554
f 1614/2554/2553 1601/2555/2554 1613/2556/2555
f 1613/2556/2555 1601/2555/2554 1602/2557/2556
f 1613/2556/2555 1602/2557/2556 1612/2558/2557
f 1612/2558/2557 1602/2557/2556 1603/2559/2558
f 1612/2558/2557 1603/2559/2558 1611/2560/2559
f 1611/2560/2559 1603/2559/2558 1604/2561/2560
f 1611/2560/2559 1604/2561/2560 1610/2562/2561
f 1610/2562/2561 1604/2561/2560 1605/2563/2562
f 1610/2562/2561 1605/2563/2562 1609/2564/2563
f 1609/2564/2563 1605/2563/2562 1606/2565/2564
f 1609/2564/2563 1606/2565/2564 1608/2566/2565
f 1608/2566/2565 1606/2565/2564 1571/2567/2494
f 1608/2566/2565 1571/2567/2494 1607/2568/2496
f 1608/2569/2566 1607/2570/2567 1619/2571/2568
f 1619/2571/2568 1607/2570/2567 1642/2572/2569
f 1619/2571/2568 1642/2572/2569 1641/2573/2570
f 1641/2573/2570 1640/2574/2571 1619/2571/2568
f 1619/2571/2568 1640/2574/2571 1620/2575/2572
f 1620/2575/2572 1640/2574/2571 1639/2576/2573
f 1620/2575/2572 1639/2576/2573 1621/2577/2574
f 1621/2577/2574 1639/2576/2573 1638/2578/2575
f 1621/2577/2574 1638/2578/2575 1622/2579/2576
f 1622/2579/2576 1638/2578/2575 1623/2580/2577
f 1623/2580/2577 1638/2578/2575 1624/2581/2578
f 1624/2581/2578 1638/2578/2575 1637/2582/2579
f 1624/2581/2578 1637/2582/2579 1625/2583/2580
f 1625/2583/2580 1637/2582/2579 1636/2584/2581
f 1625/2583/2580 1636/2584/2581 1626/2585/2582
f 1626/2585/2582 1636/2584/2581 1635/2586/2583
f 1626/2585/2582 1635/2586/2583 1627/2587/2584
f 1627/2587/2584 1635/2586/2583 1634/2588/2585
f 1627/2587/2584 1634/2588/2585 1633/2589/2586
f 1633/2589/2586 1632/2590/2587 1627/2587/2584
f 1627/2587/2584 1632/2590/2587 1628/2591/2588
f 1628/2591/2588 1632/2590/2587 1631/2592/2589
f 1628/2591/2588 1631/2592/2589 1630/2593/2590
f 1630/2593/2590 1629/2594/2591 1628/2591/2588
f 1618/2595/2592 1615/2596/2593 1619/2571/2568
f 1619/2571/2568 1615/2596/2593 1614/2597/2594
f 1619/2571/2568 1614/2597/2594 1613/2598/2595
f 1618/2595/2592 1617/2599/2596 1615/2596/2593
f 1615/2596/2593 1617/2599/2596 1616/2600/2597
f 1613/2598/2595 1612/2601/2598 1619/2571/2568
f 1619/2571/2568 1612/2601/2598 1611/2602/2599
f 1619/2571/2568 1611/2602/2599 1610/2603/2600
f 1610/2603/2600 1609/2604/2601 1619/2571/2568
f 1619/2571/2568 1609/2604/2601 1608/2569/2566
f 1643/2605/2602 1644/2606/2603 1688/2607/2604
f 1688/2607/2604 1644/2606/2603 1687/2608/2605
f 1687/2608/2605 1644/2606/2603 1645/2609/2606
f 1687/2608/2605 1645/2609/2606 1686/2610/2607
f 1686/2610/2607 1645/2609/2606 1646/2611/2608
f 1686/2610/2607 1646/2611/2608 1685/2612/2609
f 1685/2612/2609 1646/2611/2608 1647/2613/2610
f 1685/2612/2609 1647/2613/2610 1684/2614/2611
f 1684/2614/2611 1647/2613/2610 1648/2615/2612
f 1684/2614/2611 1648/2615/2612 1683/2616/2613
f 1683/2616/2613 1648/2615/2612 1649/2617/2614
f 1683/2616/2613 1649/2617/2614 1682/2618/2615
f 1682/2618/2615 1649/2617/2614 1650/2619/2616
f 1682/2618/2615 1650/2619/2616 1681/2620/2617
f 1681/2620/2617 1650/2619/2616 1651/2621/2618
f 1681/2620/2617 1651/2621/2618 1680/2622/2619
f 1680/2622/2619 1651/2621/2618 1652/2623/2620
f 1680/2622/2619 1652/2623/2620 1679/2624/2621
f 1679/2624/2621 1652/2623/2620 1653/2625/2622
f 1679/2624/2621 1653/2625/2622 1678/2626/2623
f 1678/2626/2623 1653/2625/2622 1654/2627/2624
f 1678/2626/2623 1654/2627/2624 1677/2628/2625
f 1677/2628/2625 1654/2627/2624 1655/2629/2626
f 1677/2628/2625 1655/2629/2626 1676/2630/2627
f 1676/2630/2627 1655/2629/2626 1656/2631/2628
f 1676/2630/2627 1656/2631/2628 1675/2632/2629
f 1675/2632/2629 1656/2631/2628 1657/2633/2630
f 1675/2632/2629 1657/2633/2630 1674/2634/2631
f 1674/2634/2631 1657/2633/2630 1658/2635/2632
f 1674/2634/2631 1658/2635/2632 1673/2636/2633
f 1673/2636/2633 1658/2635/2632 1659/2637/2634
f 1673/2636/2633 1659/2637/2634 1672/2638/2635
f 1672/2638/2635 1659/2637/2634 1660/2639/2636
f 1672/2638/2635 1660/2639/2636 1671/2640/2637
f 1671/2640/2637 1660/2639/2636 1661/2641/2638
f 1671/2640/2637 1661/2641/2638 1670/2642/2639
f 1670/2642/2639 1661/2641/2638 1662/2643/2640
f 1670/2642/2639 1662/2643/2640 1669/2644/2641
f 1669/2644/2641 1662/2643/2640 1663/2645/2642
f 1669/2644/2641 1663/2645/2642 1668/2646/2643
f 1668/2646/2643 1663/2645/2642 1664/2647/2644
f 1668/2646/2643 1664/2647/2644 1667/2648/2645
f 1667/2648/2645 1664/2647/2644 1665/2649/2646
f 1667/2648/2645 1665/2649/2646 1666/2650/2647
f 1689/2651/2648 1690/2652/2649 1720/2653/2650
f 1720/2653/2650 1690/2652/2649 1719/2654/2651
f 1719/2654/2651 1690/2652/2649 1691/2655/2652
f 1719/2654/2651 1691/2655/2652 1718/2656/2653
f 1718/2656/2653 1691/2655/2652 1692/2657/2654
f 1718/2656/2653 1692/2657/2654 1717/2658/2655
f 1717/2658/2655 1692/2657/2654 1693/2659/2656
f 1717/2658/2655 1693/2659/2656 1694/2660/2657
f 1694/2660/2657 1695/2661/2658 1717/2658/2655
f 1717/2658/2655 1695/2661/2658 1696/2662/2659
f 1717/2658/2655 1696/2662/2659 1697/2663/2660
f 1697/2663/2660 1698/2664/2661 1717/2658/2655
f 1717/2658/2655 1698/2664/2661 1699/2665/2662
f 1717/2658/2655 1699/2665/2662 1700/2666/2663
f 1701/2667/2664 1709/2668/2665 1700/2666/2663
f 1700/2666/2663 1709/2668/2665 1710/2669/2666
f 1700/2666/2663 1710/2669/2666 1711/2670/2667
f 1709/2668/2665 1701/2667/2664 1708/2671/2668
f 1708/2671/2668 1701/2667/2664 1702/2672/2669
f 1708/2671/2668 1702/2672/2669 1707/2673/2670
f 1707/2673/2670 1702/2672/2669 1703/2674/2671
f 1707/2673/2670 1703/2674/2671 1706/2675/2672
f 1706/2675/2672 1703/2674/2671 1704/2676/2673
f 1706/2675/2672 1704/2676/2673 1705/2677/2674
f 1705/2677/2674 1704/2676/2673 1643/2678/2675
f 1705/2677/2674 1643/2678/2675 1688/2679/2676
f 1711/2670/2667 1712/2680/2677 1700/2666/2663
f 1700/2666/2663 1712/2680/2677 1713/2681/2678
f 1700/2666/2663 1713/2681/2678 1714/2682/2679
f 1714/2682/2679 1715/2683/2680 1700/2666/2663
f 1700/2666/2663 1715/2683/2680 1716/2684/2681
f 1700/2666/2663 1716/2684/2681 1717/2658/2655
f 1665/2685/2682 1721/2686/2683 1666/2687/2684
f 1666/2687/2684 1721/2686/2683 1736/2688/2685
f 1736/2688/2685 1721/2686/2683 1722/2689/2686
f 1736/2688/2685 1722/2689/2686 1735/2690/2687
f 1735/2690/2687 1722/2689/2686 1723/2691/2688
f 1735/2690/2687 1723/2691/2688 1734/2692/2689
f 1734/2692/2689 1723/2691/2688 1724/2693/2690
f 1734/2692/2689 1724/2693/2690 1733/2694/2691
f 1733/2694/2691 1724/2693/2690 1725/2695/2692
f 1733/2694/2691 1725/2695/2692 1732/2696/2693
f 1732/2696/2693 1725/2695/2692 1726/2697/2694
f 1732/2696/2693 1726/2697/2694 1731/2698/2695
f 1731/2698/2695 1726/2697/2694 1727/2699/2696
f 1731/2698/2695 1727/2699/2696 1730/2700/2697
f 1730/2700/2697 1727/2699/2696 1728/2701/2698
f 1730/2700/2697 1728/2701/2698 1729/2702/2699
f 1729/2702/2699 1728/2701/2698 1689/2703/2700
f 1729/2702/2699 1689/2703/2700 1720/2704/2701
f 1687/2705/2702 1716/2706/2703 1688/2707/2704
f 1688/2707/2704 1716/2706/2703 1715/2708/2705
f 1688/2707/2704 1715/2708/2705 1714/2709/2706
f 1687/2705/2702 1686/2710/2707 1716/2706/2703
f 1716/2706/2703 1686/2710/2707 1685/2711/2708
f 1716/2706/2703 1685/2711/2708 1684/2712/2709
f 1716/2706/2703 1684/2712/2709 1717/2713/2710
f 1717/2713/2710 1684/2712/2709 1683/2714/2711
f 1717/2713/2710 1683/2714/2711 1682/2715/2712
f 1682/2715/2712 1681/2716/2713 1717/2713/2710
f 1717/2713/2710 1681/2716/2713 1718/2717/2714
f 1718/2717/2714 1681/2716/2713 1680/2718/2715
f 1718/2717/2714 1680/2718/2715 1679/2719/2716
f 1718/2717/2714 1679/2719/2716 1719/2720/2717
f 1719/2720/2717 1679/2719/2716 1678/2721/2718
f 1719/2720/2717 1678/2721/2718 1720/2722/2719
f 1720/2722/2719 1678/2721/2718 1729/2723/2720
f 1729/2723/2720 1678/2721/2718 1730/2724/2721
f 1730/2724/2721 1678/2721/2718 1731/2725/2722
f 1731/2725/2722 1678/2721/2718 1732/2726/2723
f 1732/2726/2723 1678/2721/2718 1677/2727/2724
f 1732/2726/2723 1677/2727/2724 1733/2728/2725
f 1733/2728/2725 1677/2727/2724 1734/2729/2726
f 1734/2729/2726 1677/2727/2724 1676/2730/2727
f 1734/2729/2726 1676/2730/2727 1735/2731/2728
f 1735/2731/2728 1676/2730/2727 1736/2732/2729
f 1736/2732/2729 1676/2730/2727 1675/2733/2730
f 1736/2732/2729 1675/2733/2730 1674/2734/2731
f 1736/2732/2729 1674/2734/2731 1666/2735/2732
f 1666/2735/2732 1674/2734/2731 1673/2736/2733
f 1666/2735/2732 1673/2736/2733 1672/2737/2734
f 1666/2735/2732 1672/2737/2734 1667/2738/2735
f 1667/2738/2735 1672/2737/2734 1671/2739/2736
f 1667/2738/2735 1671/2739/2736 1670/2740/2737
f 1669/2741/2738 1668/2742/2739 1670/2740/2737
f 1670/2740/2737 1668/2742/2739 1667/2738/2735
f 1714/2709/2706 1713/2743/2740 1688/2707/2704
f 1688/2707/2704 1713/2743/2740 1705/2744/2741
f 1705/2744/2741 1713/2743/2740 1706/2745/2742
f 1706/2745/2742 1713/2743/2740 1707/2746/2743
f 1707/2746/2743 1713/2743/2740 1708/2747/2744
f 1708/2747/2744 1713/2743/2740 1709/2748/2745
f 1709/2748/2745 1713/2743/2740 1710/2749/2746
f 1710/2749/2746 1713/2743/2740 1711/2750/2747
f 1711/2750/2747 1713/2743/2740 1712/2751/2748
f 1737/2752/2749 1738/2753/2750 1774/2754/2751
f 1774/2754/2751 1738/2753/2750 1810/2755/2752
f 1810/2755/2752 1738/2753/2750 1739/2756/2753
f 1810/2755/2752 1739/2756/2753 1809/2757/2754
f 1809/2757/2754 1739/2756/2753 1740/2758/2755
f 1809/2757/2754 1740/2758/2755 1808/2759/2756
f 1808/2759/2756 1740/2758/2755 1741/2760/2757
f 1808/2759/2756 1741/2760/2757 1807/2761/2758
f 1807/2761/2758 1741/2760/2757 1742/2762/2759
f 1807/2761/2758 1742/2762/2759 1806/2763/2760
f 1806/2763/2760 1742/2762/2759 1743/2764/2761
f 1806/2763/2760 1743/2764/2761 1805/2765/2762
f 1805/2765/2762 1743/2764/2761 1744/2766/2763
f 1805/2765/2762 1744/2766/2763 1804/2767/2764
f 1804/2767/2764 1744/2766/2763 1745/2768/2765
f 1804/2767/2764 1745/2768/2765 1803/2769/2766
f 1803/2769/2766 1745/2768/2765 1746/2770/2767
f 1803/2769/2766 1746/2770/2767 1802/2771/2768
f 1802/2771/2768 1746/2770/2767 1747/2772/2769
f 1802/2771/2768 1747/2772/2769 1801/2773/2770
f 1801/2773/2770 1747/2772/2769 1748/2774/2771
f 1801/2773/2770 1748/2774/2771 1800/2775/2772
f 1800/2775/2772 1748/2774/2771 1749/2776/2773
f 1800/2775/2772 1749/2776/2773 1799/2777/2774
f 1799/2777/2774 1749/2776/2773 1750/2778/2775
f 1799/2777/2774 1750/2778/2775 1798/2779/2776
f 1798/2779/2776 1750/2778/2775 1751/2780/2777
f 1798/2779/2776 1751/2780/2777 1797/2781/2778
f 1797/2781/2778 1751/2780/2777 1752/2782/2779
f 1797/2781/2778 1752/2782/2779 1796/2783/2780
f 1796/2783/2780 1752/2782/2779 1753/2784/2781
f 1796/2783/2780 1753/2784/2781 1795/2785/2782
f 1795/2785/2782 1753/2784/2781 1754/2786/2783
f 1795/2785/2782 1754/2786/2783 1794/2787/2784
f 1794/2787/2784 1754/2786/2783 1755/2788/2785
f 1794/2787/2784 1755/2788/2785 1793/2789/2786
f 1793/2789/2786 1755/2788/2785 1756/2790/2787
f 1793/2789/2786 1756/2790/2787 1792/2791/2788
f 1792/2791/2788 1756/2790/2787 1757/2792/2789
f 1792/2791/2788 1757/2792/2789 1791/2793/2790
f 1791/2793/2790 1757/2792/2789 1758/2794/2791
f 1791/2793/2790 1758/2794/2791 1790/2795/2792
f 1790/2795/2792 1758/2794/2791 1759/2796/2793
f 1790/2795/2792 1759/2796/2793 1789/2797/2794
f 1789/2797/2794 1759/2796/2793 1760/2798/2795
f 1789/2797/2794 1760/2798/2795 1788/2799/2796
f 1788/2799/2796 1760/2798/2795 1761/2800/2797
f 1788/2799/2796 1761/2800/2797 1787/2801/2798
f 1787/2801/2798 1761/2800/2797 1762/2802/2799
f 1787/2801/2798 1762/2802/2799 1786/2803/2800
f 1786/2803/2800 1762/2802/2799 1763/2804/2801
f 1786/2803/2800 1763/2804/2801 1785/2805/2802
f 1785/2805/2802 1763/2804/2801 1764/2806/2803
f 1785/2805/2802 1764/2806/2803 1784/2807/2804
f 1784/2807/2804 1764/2806/2803 1765/2808/2805
f 1784/2807/2804 1765/2808/2805 1783/2809/2806
f 1783/2809/2806 1765/2808/2805 1766/2810/2807
f 1783/2809/2806 1766/2810/2807 1782/2811/2808
f 1782/2811/2808 1766/2810/2807 1767/2812/2809
f 1782/2811/2808 1767/2812/2809 1781/2813/2810
f 1781/2813/2810 1767/2812/2809 1768/2814/2811
f 1781/2813/2810 1768/2814/2811 1780/2815/2812
f 1780/2815/2812 1768/2814/2811 1769/2816/2813
f 1780/2815/2812 1769/2816/2813 1779/2817/2814
f 1779/2817/2814 1769/2816/2813 1770/2818/2815
f 1779/2817/2814 1770/2818/2815 1778/2819/2816
f 1778/2819/2816 1770/2818/2815 1771/2820/2817
f 1778/2819/2816 1771/2820/2817 1777/2821/2818
f 1777/2821/2818 1771/2820/2817 1772/2822/2819
f 1777/2821/2818 1772/2822/2819 1776/2823/2820
f 1776/2823/2820 1772/2822/2819 1773/2824/2821
f 1776/2823/2820 1773/2824/2821 1775/2825/2822
f 1775/2825/2822 1773/2824/2821 1737/2826/2749
f 1775/2825/2822 1737/2826/2749 1774/2827/2751
f 1775/2828/2823 1774/2829/2824 1782/2830/2825
f 1782/2830/2825 1774/2829/2824 1810/2831/2826
f 1782/2830/2825 1810/2831/2826 1783/2832/2827
f 1783/2832/2827 1810/2831/2826 1784/2833/2828
f 1784/2833/2828 1810/2831/2826 1785/2834/2829
f 1785/2834/2829 1810/2831/2826 1786/2835/2830
f 1786/2835/2830 1810/2831/2826 1809/2836/2831
f 1786/2835/2830 1809/2836/2831 1808/2837/2832
f 1808/2837/2832 1807/2838/2833 1786/2835/2830
f 1786/2835/2830 1807/2838/2833 1806/2839/2834
f 1786/2835/2830 1806/2839/2834 1805/2840/2835
f 1805/2840/2835 1804/2841/2836 1786/2835/2830
f 1786/2835/2830 1804/2841/2836 1803/2842/2837
f 1786/2835/2830 1803/2842/2837 1787/2843/2838
f 1787/2843/2838 1803/2842/2837 1788/2844/2839
f 1788/2844/2839 1803/2842/2837 1789/2845/2840
f 1789/2845/2840 1803/2842/2837 1790/2846/2841
f 1790/2846/2841 1803/2842/2837 1791/2847/2842
f 1791/2847/2842 1803/2842/2837 1792/2848/2843
f 1792/2848/2843 1803/2842/2837 1793/2849/2844
f 1793/2849/2844 1803/2842/2837 1794/2850/2845
f 1794/2850/2845 1803/2842/2837 1795/2851/2846
f 1795/2851/2846 1803/2842/2837 1796/2852/2847
f 1796/2852/2847 1803/2842/2837 1802/2853/2848
f 1796/2852/2847 1802/2853/2848 1797/2854/2849
f 1797/2854/2849 1802/2853/2848 1801/2855/2850
f 1797/2854/2849 1801/2855/2850 1800/2856/2851
f 1800/2856/2851 1799/2857/2852 1797/2854/2849
f 1797/2854/2849 1799/2857/2852 1798/2858/2853
f 1781/2859/2854 1777/2860/2855 1782/2830/2825
f 1782/2830/2825 1777/2860/2855 1776/2861/2856
f 1782/2830/2825 1776/2861/2856 1775/2828/2823
f 1777/2860/2855 1781/2859/2854 1778/2862/2857
f 1778/2862/2857 1781/2859/2854 1780/2863/2858
f 1778/2862/2857 1780/2863/2858 1779/2864/2859
f 758/2865/2860 1962/2866/2861 759/2867/2862
f 759/2867/2862 1962/2866/2861 1963/2868/2863
f 759/2867/2862 1963/2868/2863 1964/2869/2864
f 758/2865/2860 757/2870/2865 1962/2866/2861
f 1962/2866/2861 757/2870/2865 756/2871/2866
f 1962/2866/2861 756/2871/2866 1961/2872/2867
f 1961/2872/2867 756/2871/2866 755/2873/2868
f 1961/2872/2867 755/2873/2868 754/2874/2869
f 753/2875/2870 721/2876/2871 754/2874/2869
f 754/2874/2869 721/2876/2871 1960/2877/2872
f 754/2874/2869 1960/2877/2872 1961/2872/2867
f 739/2878/2873 728/2879/2874 753/2875/2870
f 753/2875/2870 728/2879/2874 727/2880/2875
f 753/2875/2870 727/2880/2875 721/2876/2871
f 728/2879/2874 739/2878/2873 729/2881/2876
f 729/2881/2876 739/2878/2873 738/2882/2877
f 729/2881/2876 738/2882/2877 730/2883/2878
f 730/2883/2878 738/2882/2877 737/2884/2879
f 730/2883/2878 737/2884/2879 736/2885/2880
f 730/2883/2878 736/2885/2880 731/2886/2881
f 731/2886/2881 736/2885/2880 735/2887/2882
f 731/2886/2881 735/2887/2882 732/2888/2883
f 732/2888/2883 735/2887/2882 734/2889/2884
f 732/2888/2883 734/2889/2884 733/2890/2885
f 720/2891/2886 1956/2892/2887 721/2876/2871
f 721/2876/2871 1956/2892/2887 1957/2893/2888
f 721/2876/2871 1957/2893/2888 1958/2894/2889
f 1956/2892/2887 720/2891/2886 1955/2895/2890
f 1955/2895/2890 720/2891/2886 719/2896/2891
f 1955/2895/2890 719/2896/2891 1954/2897/2892
f 1954/2897/2892 719/2896/2891 718/2898/2893
f 1954/2897/2892 718/2898/2893 693/2899/2894
f 693/2899/2894 718/2898/2893 717/2900/2895
f 693/2899/2894 717/2900/2895 701/2901/2896
f 701/2901/2896 717/2900/2895 708/2902/2897
f 701/2901/2896 708/2902/2897 707/2903/2898
f 701/2901/2896 707/2903/2898 702/2904/2899
f 702/2904/2899 707/2903/2898 706/2905/2900
f 702/2904/2899 706/2905/2900 705/2906/2901
f 704/2907/2902 703/2908/2903 705/2906/2901
f 705/2906/2901 703/2908/2903 702/2904/2899
f 692/2909/2904 1950/2910/2905 693/2899/2894
f 693/2899/2894 1950/2910/2905 1951/2911/2906
f 693/2899/2894 1951/2911/2906 1952/2912/2907
f 692/2909/2904 691/2913/2908 1950/2910/2905
f 1950/2910/2905 691/2913/2908 1949/2914/2909
f 1949/2914/2909 691/2913/2908 690/2915/2910
f 1949/2914/2909 690/2915/2910 1948/2916/2911
f 1948/2916/2911 690/2915/2910 689/2917/2912
f 1948/2916/2911 689/2917/2912 688/2918/2913
f 1948/2916/2911 688/2918/2913 1947/2919/2914
f 1947/2919/2914 688/2918/2913 687/2920/2915
f 1947/2919/2914 687/2920/2915 651/2921/2916
f 651/2921/2916 687/2920/2915 652/2922/2917
f 652/2922/2917 687/2920/2915 653/2923/2918
f 653/2923/2918 687/2920/2915 654/2924/2919
f 654/2924/2919 687/2920/2915 679/2925/2920
f 654/2924/2919 679/2925/2920 673/2926/2921
f 673/2926/2921 679/2925/2920 674/2927/2922
f 674/2927/2922 679/2925/2920 678/2928/2923
f 674/2927/2922 678/2928/2923 675/2929/2924
f 675/2929/2924 678/2928/2923 676/2930/2925
f 676/2930/2925 678/2928/2923 677/2931/2926
f 1947/2919/2914 651/2921/2916 1946/2932/2927
f 1946/2932/2927 651/2921/2916 650/2933/2928
f 1946/2932/2927 650/2933/2928 649/2934/2929
f 649/2934/2929 648/2935/2930 1946/2932/2927
f 1946/2932/2927 648/2935/2930 1945/2936/2931
f 1945/2936/2931 648/2935/2930 647/2937/2932
f 1945/2936/2931 647/2937/2932 646/2938/2933
f 646/2938/2933 645/2939/2934 1945/2936/2931
f 1945/2936/2931 645/2939/2934 1944/2940/2935
f 1944/2940/2935 645/2939/2934 644/2941/2936
f 1944/2940/2935 644/2941/2936 643/2942/2937
f 1944/2940/2935 643/2942/2937 1943/2943/2938
f 1943/2943/2938 643/2942/2937 642/2944/2939
f 1943/2943/2938 642/2944/2939 641/2945/2940
f 1943/2943/2938 641/2945/2940 1942/2946/2941
f 1942/2946/2941 641/2945/2940 640/2947/2942
f 1942/2946/2941 640/2947/2942 1941/2948/2943
f 1941/2948/2943 640/2947/2942 639/2949/2944
f 1941/2948/2943 639/2949/2944 595/2950/2945
f 595/2950/2945 639/2949/2944 638/2951/2946
f 595/2950/2945 638/2951/2946 613/2952/2947
f 613/2952/2947 638/2951/2946 614/2953/2948
f 614/2953/2948 638/2951/2946 637/2954/2949
f 614/2953/2948 637/2954/2949 615/2955/2950
f 615/2955/2950 637/2954/2949 616/2956/2951
f 616/2956/2951 637/2954/2949 621/2957/2952
f 621/2957/2952 637/2954/2949 622/2958/2953
f 622/2958/2953 637/2954/2949 623/2959/2954
f 623/2959/2954 637/2954/2949 628/2960/2955
f 623/2959/2954 628/2960/2955 624/2961/2956
f 624/2961/2956 628/2960/2955 625/2962/2957
f 625/2962/2957 628/2960/2955 627/2963/2958
f 625/2962/2957 627/2963/2958 626/2964/2959
f 594/2965/2960 1935/2966/2961 595/2950/2945
f 595/2950/2945 1935/2966/2961 1936/2967/2962
f 595/2950/2945 1936/2967/2962 1937/2968/2963
f 593/2969/2964 1933/2970/2965 594/2965/2960
f 594/2965/2960 1933/2970/2965 1934/2971/2966
f 594/2965/2960 1934/2971/2966 1935/2966/2961
f 592/2972/2967 579/2973/2968 593/2969/2964
f 593/2969/2964 579/2973/2968 566/2974/2969
f 593/2969/2964 566/2974/2969 1933/2970/2965
f 1933/2970/2965 566/2974/2969 1932/2975/2970
f 1932/2975/2970 566/2974/2969 1931/2976/2971
f 1931/2976/2971 566/2974/2969 565/2977/2972
f 1931/2976/2971 565/2977/2972 1930/2978/2973
f 1930/2978/2973 565/2977/2972 564/2979/2974
f 1930/2978/2973 564/2979/2974 1929/2980/2975
f 1929/2980/2975 564/2979/2974 563/2981/2976
f 1929/2980/2975 563/2981/2976 562/2982/2977
f 592/2972/2967 591/2983/2978 579/2973/2968
f 579/2973/2968 591/2983/2978 580/2984/2979
f 580/2984/2979 591/2983/2978 590/2985/2980
f 580/2984/2979 590/2985/2980 581/2986/2981
f 581/2986/2981 590/2985/2980 589/2987/2982
f 581/2986/2981 589/2987/2982 582/2988/2983
f 582/2988/2983 589/2987/2982 588/2989/2984
f 582/2988/2983 588/2989/2984 587/2990/2985
f 587/2990/2985 586/2991/2986 582/2988/2983
f 582/2988/2983 586/2991/2986 583/2992/2987
f 583/2992/2987 586/2991/2986 584/2993/2988
f 584/2993/2988 586/2991/2986 585/2994/2989
f 1929/2980/2975 562/2982/2977 1928/2995/2990
f 1928/2995/2990 562/2982/2977 561/2996/2991
f 1928/2995/2990 561/2996/2991 1927/2997/2992
f 1927/2997/2992 561/2996/2991 1926/2998/2993
f 1926/2998/2993 561/2996/2991 560/2999/2994
f 1926/2998/2993 560/2999/2994 307/3000/2995
f 307/3000/2995 560/2999/2994 308/3001/2996
f 308/3001/2996 560/2999/2994 559/3002/2997
f 308/3001/2996 559/3002/2997 309/3003/2998
f 309/3003/2998 559/3002/2997 558/3004/2999
f 309/3003/2998 558/3004/2999 310/3005/3000
f 310/3005/3000 558/3004/2999 557/3006/3001
f 310/3005/3000 557/3006/3001 311/3007/3002
f 311/3007/3002 557/3006/3001 556/3008/3003
f 311/3007/3002 556/3008/3003 1128/3009/3004
f 1128/3009/3004 556/3008/3003 555/3010/3005
f 1128/3009/3004 555/3010/3005 1129/3011/3006
f 1129/3011/3006 555/3010/3005 547/3012/3007
f 1129/3011/3006 547/3012/3007 519/3013/3008
f 519/3013/3008 547/3012/3007 520/3014/3009
f 520/3014/3009 547/3012/3007 546/3015/3010
f 520/3014/3009 546/3015/3010 545/3016/3011
f 544/3017/3012 530/3018/3013 545/3016/3011
f 545/3016/3011 530/3018/3013 529/3019/3014
f 545/3016/3011 529/3019/3014 520/3014/3009
f 530/3018/3013 544/3017/3012 531/3020/3015
f 531/3020/3015 544/3017/3012 543/3021/3016
f 531/3020/3015 543/3021/3016 542/3022/3017
f 531/3020/3015 542/3022/3017 532/3023/3018
f 532/3023/3018 542/3022/3017 541/3024/3019
f 532/3023/3018 541/3024/3019 533/3025/3020
f 533/3025/3020 541/3024/3019 534/3026/3021
f 518/3027/3022 1092/3028/3023 519/3013/3008
f 519/3013/3008 1092/3028/3023 1091/3029/3024
f 519/3013/3008 1091/3029/3024 1129/3011/3006
f 1092/3028/3023 518/3027/3022 1093/3030/3025
f 1093/3030/3025 518/3027/3022 517/3031/3026
f 1093/3030/3025 517/3031/3026 1094/3032/3027
f 1094/3032/3027 517/3031/3026 516/3033/3028
f 1094/3032/3027 516/3033/3028 1095/3034/3029
f 1095/3034/3029 516/3033/3028 1234/3035/3030
f 1095/3034/3029 1234/3035/3030 1198/3036/3031
f 1198/3036/3031 1234/3035/3030 1233/3037/3032
f 1198/3036/3031 1233/3037/3032 1199/3038/3033
f 1199/3038/3033 1233/3037/3032 1200/3039/3034
f 515/3040/3035 1236/3041/3036 516/3033/3028
f 516/3033/3028 1236/3041/3036 1235/3042/3037
f 516/3033/3028 1235/3042/3037 1234/3035/3030
f 514/3043/3038 1240/3044/3039 515/3040/3035
f 515/3040/3035 1240/3044/3039 1239/3045/3040
f 515/3040/3035 1239/3045/3040 1238/3046/3041
f 1240/3044/3039 514/3043/3038 1241/3047/3042
f 1241/3047/3042 514/3043/3038 513/3048/3043
f 1241/3047/3042 513/3048/3043 1242/3049/3044
f 1242/3049/3044 513/3048/3043 491/3050/3045
f 1242/3049/3044 491/3050/3045 1243/3051/3046
f 1243/3051/3046 491/3050/3045 2038/3052/3047
f 1243/3051/3046 2038/3052/3047 1244/3053/3048
f 1244/3053/3048 2038/3052/3047 1245/3054/3049
f 1245/3054/3049 2038/3052/3047 2039/3055/3050
f 1245/3054/3049 2039/3055/3050 1246/3056/3051
f 1246/3056/3051 2039/3055/3050 2040/3057/3052
f 1246/3056/3051 2040/3057/3052 1169/3058/3053
f 1169/3058/3053 2040/3057/3052 2041/3059/3054
f 1169/3058/3053 2041/3059/3054 1170/3060/3055
f 1170/3060/3055 2041/3059/3054 1171/3061/3056
f 1171/3061/3056 2041/3059/3054 2042/3062/3057
f 1171/3061/3056 2042/3062/3057 2043/3063/3058
f 490/3064/3059 475/3065/3060 491/3050/3045
f 491/3050/3045 475/3065/3060 474/3066/3061
f 491/3050/3045 474/3066/3061 2038/3052/3047
f 2038/3052/3047 474/3066/3061 473/3067/3062
f 2038/3052/3047 473/3067/3062 2037/3068/3063
f 2037/3068/3063 473/3067/3062 472/3069/3064
f 2037/3068/3063 472/3069/3064 471/3070/3065
f 475/3065/3060 490/3064/3059 476/3071/3066
f 476/3071/3066 490/3064/3059 489/3072/3067
f 476/3071/3066 489/3072/3067 477/3073/3068
f 477/3073/3068 489/3072/3067 478/3074/3069
f 478/3074/3069 489/3072/3067 488/3075/3070
f 478/3074/3069 488/3075/3070 479/3076/3071
f 479/3076/3071 488/3075/3070 487/3077/3072
f 479/3076/3071 487/3077/3072 480/3078/3073
f 480/3078/3073 487/3077/3072 486/3079/3074
f 480/3078/3073 486/3079/3074 485/3080/3075
f 484/3081/3076 482/3082/3077 485/3080/3075
f 485/3080/3075 482/3082/3077 481/3083/3078
f 485/3080/3075 481/3083/3078 480/3078/3073
f 484/3081/3076 483/3084/3079 482/3082/3077
f 773/3085/3080 783/3086/3081 471/3070/3065
f 471/3070/3065 783/3086/3081 2032/3087/3082
f 471/3070/3065 2032/3087/3082 2033/3088/3083
f 773/3085/3080 772/3089/3084 783/3086/3081
f 783/3086/3081 772/3089/3084 767/3090/3085
f 767/3090/3085 772/3089/3084 771/3091/3086
f 767/3090/3085 771/3091/3086 770/3092/3087
f 769/3093/3088 768/3094/3089 770/3092/3087
f 770/3092/3087 768/3094/3089 767/3090/3085
f 783/3086/3081 782/3095/3090 2032/3087/3082
f 2032/3087/3082 782/3095/3090 2031/3096/3091
f 2031/3096/3091 782/3095/3090 781/3097/3092
f 2031/3096/3091 781/3097/3092 2030/3098/3093
f 2030/3098/3093 781/3097/3092 2029/3099/3094
f 2029/3099/3094 781/3097/3092 2028/3100/3095
f 2028/3100/3095 781/3097/3092 2027/3101/3096
f 2027/3101/3096 781/3097/3092 2026/3102/3097
f 2026/3102/3097 781/3097/3092 798/3103/3098
f 2026/3102/3097 798/3103/3098 797/3104/3099
f 781/3097/3092 791/3105/3100 798/3103/3098
f 798/3103/3098 791/3105/3100 790/3106/3101
f 798/3103/3098 790/3106/3101 789/3107/3102
f 789/3107/3102 788/3108/3103 798/3103/3098
f 798/3103/3098 788/3108/3103 787/3109/3104
f 806/3110/3105 814/3111/3106 797/3104/3099
f 797/3104/3099 814/3111/3106 2020/3112/3107
f 797/3104/3099 2020/3112/3107 2021/3113/3108
f 806/3110/3105 805/3114/3109 814/3111/3106
f 814/3111/3106 805/3114/3109 815/3115/3110
f 815/3115/3110 805/3114/3109 804/3116/3111
f 815/3115/3110 804/3116/3111 803/3117/3112
f 803/3117/3112 802/3118/3113 815/3115/3110
f 815/3115/3110 802/3118/3113 801/3119/3114
f 814/3111/3106 813/3120/3115 2020/3112/3107
f 2020/3112/3107 813/3120/3115 2019/3121/3116
f 2019/3121/3116 813/3120/3115 2018/3122/3117
f 2018/3122/3117 813/3120/3115 2017/3123/3118
f 2017/3123/3118 813/3120/3115 2016/3124/3119
f 2016/3124/3119 813/3120/3115 2015/3125/3120
f 2015/3125/3120 813/3120/3115 2011/3126/3121
f 2015/3125/3120 2011/3126/3121 2014/3127/3122
f 2014/3127/3122 2011/3126/3121 2013/3128/3123
f 2013/3128/3123 2011/3126/3121 2012/3129/3124
f 2011/3126/3121 813/3120/3115 828/3130/3125
f 828/3130/3125 813/3120/3115 821/3131/3126
f 828/3130/3125 821/3131/3126 829/3132/3127
f 829/3132/3127 821/3131/3126 820/3133/3128
f 829/3132/3127 820/3133/3128 819/3134/3129
f 828/3130/3125 827/3135/3130 2011/3126/3121
f 2011/3126/3121 827/3135/3130 826/3136/3131
f 2011/3126/3121 826/3136/3131 2010/3137/3132
f 2010/3137/3132 826/3136/3131 825/3138/3133
f 2010/3137/3132 825/3138/3133 2009/3139/3134
f 2009/3139/3134 825/3138/3133 2008/3140/3135
f 2008/3140/3135 825/3138/3133 2007/3141/3136
f 2007/3141/3136 825/3138/3133 2006/3142/3137
f 2006/3142/3137 825/3138/3133 2002/3143/3138
f 2006/3142/3137 2002/3143/3138 2005/3144/3139
f 2005/3144/3139 2002/3143/3138 2004/3145/3140
f 2004/3145/3140 2002/3143/3138 2003/3146/3141
f 841/3147/3142 852/3148/3143 825/3138/3133
f 825/3138/3133 852/3148/3143 851/3149/3144
f 825/3138/3133 851/3149/3144 2002/3143/3138
f 2002/3143/3138 851/3149/3144 850/3150/3145
f 2002/3143/3138 850/3150/3145 849/3151/3146
f 841/3147/3142 840/3152/3147 852/3148/3143
f 852/3148/3143 840/3152/3147 839/3153/3148
f 852/3148/3143 839/3153/3148 853/3154/3149
f 853/3154/3149 839/3153/3148 838/3155/3150
f 853/3154/3149 838/3155/3150 837/3156/3151
f 853/3154/3149 837/3156/3151 854/3157/3152
f 854/3157/3152 837/3156/3151 836/3158/3153
f 854/3157/3152 836/3158/3153 855/3159/3154
f 855/3159/3154 836/3158/3153 856/3160/3155
f 856/3160/3155 836/3158/3153 835/3161/3156
f 881/3162/3157 866/3163/3158 849/3151/3146
f 849/3151/3146 866/3163/3158 1989/3164/3159
f 849/3151/3146 1989/3164/3159 1994/3165/3160
f 1994/3165/3160 1989/3164/3159 1993/3166/3161
f 1993/3166/3161 1989/3164/3159 1992/3167/3162
f 1992/3167/3162 1989/3164/3159 1991/3168/3163
f 1991/3168/3163 1989/3164/3159 1990/3169/3164
f 881/3162/3157 880/3170/3165 866/3163/3158
f 866/3163/3158 880/3170/3165 867/3171/3166
f 867/3171/3166 880/3170/3165 879/3172/3167
f 867/3171/3166 879/3172/3167 868/3173/3168
f 868/3173/3168 879/3172/3167 878/3174/3169
f 868/3173/3168 878/3174/3169 877/3175/3170
f 868/3173/3168 877/3175/3170 869/3176/3171
f 869/3176/3171 877/3175/3170 876/3177/3172
f 869/3176/3171 876/3177/3172 875/3178/3173
f 869/3176/3171 875/3178/3173 870/3179/3174
f 870/3179/3174 875/3178/3173 874/3180/3175
f 870/3179/3174 874/3180/3175 871/3181/3176
f 871/3181/3176 874/3180/3175 873/3182/3177
f 871/3181/3176 873/3182/3177 872/3183/3178
f 866/3163/3158 865/3184/3179 1989/3164/3159
f 1989/3164/3159 865/3184/3179 1988/3185/3180
f 1988/3185/3180 865/3184/3179 1987/3186/3181
f 1987/3186/3181 865/3184/3179 1986/3187/3182
f 1986/3187/3182 865/3184/3179 1985/3188/3183
f 1985/3188/3183 865/3184/3179 1984/3189/3184
f 1984/3189/3184 865/3184/3179 1983/3190/3185
f 1983/3190/3185 865/3184/3179 1982/3191/3186
f 1982/3191/3186 865/3184/3179 1981/3192/3187
f 1981/3192/3187 865/3184/3179 1980/3193/3188
f 1980/3193/3188 865/3184/3179 1979/3194/3189
f 1979/3194/3189 865/3184/3179 1978/3195/3190
f 1978/3195/3190 865/3184/3179 1977/3196/3191
f 1977/3196/3191 865/3184/3179 1976/3197/3192
f 1976/3197/3192 865/3184/3179 1975/3198/3193
f 1975/3198/3193 865/3184/3179 1974/3199/3194
f 1974/3199/3194 865/3184/3179 1973/3200/3195
f 1973/3200/3195 865/3184/3179 900/3201/3196
f 1973/3200/3195 900/3201/3196 1971/3202/3197
f 1971/3202/3197 900/3201/3196 1970/3203/3198
f 1970/3203/3198 900/3201/3196 903/3204/3199
f 1970/3203/3198 903/3204/3199 1969/3205/3200
f 1969/3205/3200 903/3204/3199 1968/3206/3201
f 1968/3206/3201 903/3204/3199 912/3207/3202
f 1968/3206/3201 912/3207/3202 1967/3208/3203
f 1967/3208/3203 912/3207/3202 911/3209/3204
f 1967/3208/3203 911/3209/3204 1966/3210/3205
f 1966/3210/3205 911/3209/3204 910/3211/3206
f 1966/3210/3205 910/3211/3206 1965/3212/3207
f 1965/3212/3207 910/3211/3206 909/3213/3208
f 1965/3212/3207 909/3213/3208 908/3214/3209
f 899/3215/3210 904/3216/3211 900/3201/3196
f 900/3201/3196 904/3216/3211 903/3204/3199
f 907/3217/3212 919/3218/3213 908/3214/3209
f 908/3214/3209 919/3218/3213 759/2867/2862
f 908/3214/3209 759/2867/2862 1965/3212/3207
f 1965/3212/3207 759/2867/2862 1964/2869/2864
f 929/3219/3214 921/3220/3215 907/3217/3212
f 907/3217/3212 921/3220/3215 920/3221/3216
f 907/3217/3212 920/3221/3216 919/3218/3213
f 929/3219/3214 928/3222/3217 921/3220/3215
f 921/3220/3215 928/3222/3217 922/3223/3218
f 922/3223/3218 928/3222/3217 927/3224/3219
f 922/3223/3218 927/3224/3219 926/3225/3220
f 926/3225/3220 925/3226/3221 922/3223/3218
f 922/3223/3218 925/3226/3221 923/3227/3222
f 923/3227/3222 925/3226/3221 924/3228/3223
f 1066/3229/3224 1587/3230/3225 1017/3231/3226
f 1017/3231/3226 1587/3230/3225 1586/3232/3227
f 1017/3231/3226 1586/3232/3227 1585/3233/3228
f 1587/3230/3225 1066/3229/3224 1588/3234/3229
f 1588/3234/3229 1066/3229/3224 1065/3235/3230
f 1588/3234/3229 1065/3235/3230 1589/3236/3231
f 1589/3236/3231 1065/3235/3230 1064/3237/3232
f 1589/3236/3231 1064/3237/3232 1590/3238/3233
f 1590/3238/3233 1064/3237/3232 1063/3239/3234
f 1590/3238/3233 1063/3239/3234 1657/3240/3235
f 1657/3240/3235 1063/3239/3234 1062/3241/3236
f 1657/3240/3235 1062/3241/3236 1061/3242/3237
f 1657/3240/3235 1061/3242/3237 1658/3243/3238
f 1658/3243/3238 1061/3242/3237 1060/3244/3239
f 1658/3243/3238 1060/3244/3239 1659/3245/3240
f 1659/3245/3240 1060/3244/3239 1660/3246/3241
f 1660/3246/3241 1060/3244/3239 1059/3247/3242
f 1660/3246/3241 1059/3247/3242 1661/3248/3243
f 1661/3248/3243 1059/3247/3242 1662/3249/3244
f 1662/3249/3244 1059/3247/3242 1058/3250/3245
f 1662/3249/3244 1058/3250/3245 1663/3251/3246
f 1663/3251/3246 1058/3250/3245 1057/3252/3247
f 1663/3251/3246 1057/3252/3247 1664/3253/3248
f 1664/3253/3248 1057/3252/3247 1665/3254/3249
f 1665/3254/3249 1057/3252/3247 1056/3255/3250
f 1665/3254/3249 1056/3255/3250 1055/3256/3251
f 1665/3254/3249 1055/3256/3251 2121/3257/3252
f 2121/3257/3252 1055/3256/3251 1054/3258/3253
f 2121/3257/3252 1054/3258/3253 2120/3259/3254
f 2120/3259/3254 1054/3258/3253 1053/3260/3255
f 2120/3259/3254 1053/3260/3255 1052/3261/3256
f 2120/3259/3254 1052/3261/3256 2119/3262/3257
f 2119/3262/3257 1052/3261/3256 1051/3263/3258
f 2119/3262/3257 1051/3263/3258 2118/3264/3259
f 2118/3264/3259 1051/3263/3258 1050/3265/3260
f 2118/3264/3259 1050/3265/3260 2117/3266/3261
f 2117/3266/3261 1050/3265/3260 1049/3267/3262
f 2117/3266/3261 1049/3267/3262 2116/3268/3263
f 2116/3268/3263 1049/3267/3262 1048/3269/3264
f 2116/3268/3263 1048/3269/3264 2115/3270/3265
f 2115/3270/3265 1048/3269/3264 2114/3271/3266
f 2114/3271/3266 1048/3269/3264 1047/3272/3267
f 2114/3271/3266 1047/3272/3267 2113/3273/3268
f 2113/3273/3268 1047/3272/3267 2112/3274/3269
f 2112/3274/3269 1047/3272/3267 1046/3275/3270
f 2112/3274/3269 1046/3275/3270 2111/3276/3271
f 2111/3276/3271 1046/3275/3270 1045/3277/3272
f 2111/3276/3271 1045/3277/3272 2110/3278/3273
f 2110/3278/3273 1045/3277/3272 1044/3279/3274
f 2110/3278/3273 1044/3279/3274 2109/3280/3275
f 2109/3280/3275 1044/3279/3274 1043/3281/3276
f 2109/3280/3275 1043/3281/3276 1042/3282/3277
f 2109/3280/3275 1042/3282/3277 2108/3283/3278
f 2108/3283/3278 1042/3282/3277 1041/3284/3279
f 2108/3283/3278 1041/3284/3279 2107/3285/3280
f 2107/3285/3280 1041/3284/3279 1029/3286/3281
f 2107/3285/3280 1029/3286/3281 988/3287/3282
f 988/3287/3282 1029/3286/3281 1028/3288/3283
f 988/3287/3282 1028/3288/3283 1027/3289/3284
f 1027/3289/3284 1026/3290/3285 988/3287/3282
f 988/3287/3282 1026/3290/3285 1025/3291/3286
f 988/3287/3282 1025/3291/3286 1024/3292/3287
f 1024/3292/3287 1023/3293/3288 988/3287/3282
f 988/3287/3282 1023/3293/3288 941/3294/3289
f 941/3294/3289 1023/3293/3288 1022/3295/3290
f 941/3294/3289 1022/3295/3290 1021/3296/3291
f 1021/3296/3291 1020/3297/3292 941/3294/3289
f 941/3294/3289 1020/3297/3292 942/3298/3293
f 942/3298/3293 1020/3297/3292 1019/3299/3294
f 942/3298/3293 1019/3299/3294 943/3300/3295
f 943/3300/3295 1019/3299/3294 944/3301/3296
f 944/3301/3296 1019/3299/3294 1018/3302/3297
f 944/3301/3296 1018/3302/3297 945/3303/3298
f 945/3303/3298 1018/3302/3297 946/3304/3299
f 946/3304/3299 1018/3302/3297 947/3305/3300
f 947/3305/3300 1018/3302/3297 1585/3233/3228
f 947/3305/3300 1585/3233/3228 1584/3306/3301
f 1018/3302/3297 1017/3231/3226 1585/3233/3228
f 1128/3009/3004 1127/3307/3302 311/3007/3002
f 311/3007/3002 1127/3307/3302 312/3308/3303
f 312/3308/3303 1127/3307/3302 1126/3309/3304
f 312/3308/3303 1126/3309/3304 287/3310/3305
f 287/3310/3305 1126/3309/3304 260/3311/3306
f 287/3310/3305 260/3311/3306 259/3312/3307
f 1126/3309/3304 1125/3313/3308 260/3311/3306
f 260/3311/3306 1125/3313/3308 261/3314/3309
f 261/3314/3309 1125/3313/3308 1124/3315/3310
f 261/3314/3309 1124/3315/3310 262/3316/3311
f 262/3316/3311 1124/3315/3310 1123/3317/3312
f 262/3316/3311 1123/3317/3312 263/3318/3313
f 263/3318/3313 1123/3317/3312 1697/3319/3314
f 263/3318/3313 1697/3319/3314 1696/3320/3315
f 1122/3321/3316 1645/3322/3317 1123/3317/3312
f 1123/3317/3312 1645/3322/3317 1644/3323/3318
f 1123/3317/3312 1644/3323/3318 1699/3324/3319
f 1699/3324/3319 1644/3323/3318 1700/3325/3320
f 1700/3325/3320 1644/3323/3318 1701/3326/3321
f 1701/3326/3321 1644/3323/3318 1702/3327/3322
f 1702/3327/3322 1644/3323/3318 1703/3328/3323
f 1703/3328/3323 1644/3323/3318 1704/3329/3324
f 1704/3329/3324 1644/3323/3318 1643/3330/3325
f 1121/3331/3326 1648/3332/3327 1122/3321/3316
f 1122/3321/3316 1648/3332/3327 1647/3333/3328
f 1122/3321/3316 1647/3333/3328 1646/3334/3329
f 1648/3332/3327 1121/3331/3326 1649/3335/3330
f 1649/3335/3330 1121/3331/3326 1120/3336/3331
f 1649/3335/3330 1120/3336/3331 1650/3337/3332
f 1650/3337/3332 1120/3336/3331 1119/3338/3333
f 1650/3337/3332 1119/3338/3333 1651/3339/3334
f 1651/3339/3334 1119/3338/3333 1118/3340/3335
f 1651/3339/3334 1118/3340/3335 1117/3341/3336
f 1116/3342/3337 1597/3343/3338 1117/3341/3336
f 1117/3341/3336 1597/3343/3338 1652/3344/3339
f 1117/3341/3336 1652/3344/3339 1651/3339/3334
f 1597/3343/3338 1116/3342/3337 1598/3345/3340
f 1598/3345/3340 1116/3342/3337 1115/3346/3341
f 1598/3345/3340 1115/3346/3341 1114/3347/3342
f 1114/3347/3342 1113/3348/3343 1598/3345/3340
f 1598/3345/3340 1113/3348/3343 1599/3349/3344
f 1599/3349/3344 1113/3348/3343 1112/3350/3345
f 1599/3349/3344 1112/3350/3345 1600/3351/3346
f 1600/3351/3346 1112/3350/3345 1601/3352/3347
f 1601/3352/3347 1112/3350/3345 1111/3353/3348
f 1601/3352/3347 1111/3353/3348 1602/3354/3349
f 1602/3354/3349 1111/3353/3348 1603/3355/3350
f 1603/3355/3350 1111/3353/3348 1110/3356/3351
f 1603/3355/3350 1110/3356/3351 1604/3357/3352
f 1604/3357/3352 1110/3356/3351 1109/3358/3353
f 1604/3357/3352 1109/3358/3353 1605/3359/3354
f 1605/3359/3354 1109/3358/3353 1519/3360/3355
f 1605/3359/3354 1519/3360/3355 1606/3361/3356
f 1606/3361/3356 1519/3360/3355 1518/3362/3357
f 1606/3361/3356 1518/3362/3357 1571/3363/3358
f 1571/3363/3358 1518/3362/3357 1517/3364/3359
f 1571/3363/3358 1517/3364/3359 1572/3365/3360
f 1572/3365/3360 1517/3364/3359 1516/3366/3361
f 1572/3365/3360 1516/3366/3361 1573/3367/3362
f 1573/3367/3362 1516/3366/3361 1515/3368/3363
f 1573/3367/3362 1515/3368/3363 1574/3369/3364
f 1574/3369/3364 1515/3368/3363 1769/3370/3365
f 1574/3369/3364 1769/3370/3365 1768/3371/3366
f 1108/3372/3367 1521/3373/3368 1109/3358/3353
f 1109/3358/3353 1521/3373/3368 1520/3374/3369
f 1109/3358/3353 1520/3374/3369 1519/3360/3355
f 1107/3375/3370 1523/3376/3371 1108/3372/3367
f 1108/3372/3367 1523/3376/3371 1522/3377/3372
f 1108/3372/3367 1522/3377/3372 1521/3373/3368
f 1523/3376/3371 1107/3375/3370 1524/3378/3373
f 1524/3378/3373 1107/3375/3370 1106/3379/3374
f 1524/3378/3373 1106/3379/3374 1525/3380/3375
f 1525/3380/3375 1106/3379/3374 1105/3381/3376
f 1525/3380/3375 1105/3381/3376 1526/3382/3377
f 1526/3382/3377 1105/3381/3376 1104/3383/3378
f 1526/3382/3377 1104/3383/3378 1527/3384/3379
f 1527/3384/3379 1104/3383/3378 1103/3385/3380
f 1527/3384/3379 1103/3385/3380 1102/3386/3381
f 1101/3387/3382 1192/3388/3383 1102/3386/3381
f 1102/3386/3381 1192/3388/3383 1191/3389/3384
f 1102/3386/3381 1191/3389/3384 1528/3390/3385
f 1528/3390/3385 1191/3389/3384 1529/3391/3386
f 1529/3391/3386 1191/3389/3384 1190/3392/3387
f 1529/3391/3386 1190/3392/3387 1530/3393/3388
f 1530/3393/3388 1190/3392/3387 1531/3394/3389
f 1531/3394/3389 1190/3392/3387 1189/3395/3390
f 1531/3394/3389 1189/3395/3390 1532/3396/3391
f 1532/3396/3391 1189/3395/3390 1188/3397/3392
f 1532/3396/3391 1188/3397/3392 1533/3398/3393
f 1533/3398/3393 1188/3397/3392 1497/3399/3394
f 1497/3399/3394 1188/3397/3392 1187/3400/3395
f 1497/3399/3394 1187/3400/3395 1186/3401/3396
f 1101/3387/3382 1100/3402/3397 1192/3388/3383
f 1192/3388/3383 1100/3402/3397 1099/3403/3398
f 1192/3388/3383 1099/3403/3398 1098/3404/3399
f 1192/3388/3383 1098/3404/3399 1193/3405/3400
f 1193/3405/3400 1098/3404/3399 1097/3406/3401
f 1193/3405/3400 1097/3406/3401 1194/3407/3402
f 1194/3407/3402 1097/3406/3401 1096/3408/3403
f 1194/3407/3402 1096/3408/3403 1195/3409/3404
f 1195/3409/3404 1096/3408/3403 1196/3410/3405
f 1196/3410/3405 1096/3408/3403 1197/3411/3406
f 1197/3411/3406 1096/3408/3403 1095/3034/3029
f 1197/3411/3406 1095/3034/3029 1198/3036/3031
f 184/3412/3407 164/3413/3408 185/3414/3409
f 185/3414/3409 164/3413/3408 163/3415/3410
f 185/3414/3409 163/3415/3410 1887/3416/3411
f 1887/3416/3411 163/3415/3410 162/3417/3412
f 1887/3416/3411 162/3417/3412 1886/3418/3413
f 1886/3418/3413 162/3417/3412 1885/3419/3414
f 1885/3419/3414 162/3417/3412 161/3420/3415
f 1885/3419/3414 161/3420/3415 1884/3421/3416
f 1884/3421/3416 161/3420/3415 160/3422/3417
f 1884/3421/3416 160/3422/3417 159/3423/3418
f 184/3412/3407 183/3424/3419 164/3413/3408
f 164/3413/3408 183/3424/3419 165/3425/3420
f 165/3425/3420 183/3424/3419 182/3426/3421
f 165/3425/3420 182/3426/3421 173/3427/3422
f 173/3427/3422 182/3426/3421 181/3428/3423
f 173/3427/3422 181/3428/3423 174/3429/3424
f 174/3429/3424 181/3428/3423 175/3430/3425
f 175/3430/3425 181/3428/3423 180/3431/3426
f 175/3430/3425 180/3431/3426 176/3432/3427
f 176/3432/3427 180/3431/3426 179/3433/3428
f 176/3432/3427 179/3433/3428 177/3434/3429
f 177/3434/3429 179/3433/3428 178/3435/3430
f 1884/3421/3416 159/3423/3418 1883/3436/3431
f 1883/3436/3431 159/3423/3418 146/3437/3432
f 1883/3436/3431 146/3437/3432 1882/3438/3433
f 1882/3438/3433 146/3437/3432 1881/3439/3434
f 1881/3439/3434 146/3437/3432 1876/3440/3435
f 1881/3439/3434 1876/3440/3435 1880/3441/3436
f 1880/3441/3436 1876/3440/3435 1879/3442/3437
f 1879/3442/3437 1876/3440/3435 1877/3443/3438
f 1879/3442/3437 1877/3443/3438 1878/3444/3439
f 1876/3440/3435 146/3437/3432 127/3445/3440
f 127/3445/3440 146/3437/3432 145/3446/3441
f 127/3445/3440 145/3446/3441 128/3447/3442
f 128/3447/3442 145/3446/3441 144/3448/3443
f 128/3447/3442 144/3448/3443 143/3449/3444
f 142/3450/3445 136/3451/3446 143/3449/3444
f 143/3449/3444 136/3451/3446 135/3452/3447
f 143/3449/3444 135/3452/3447 128/3447/3442
f 141/3453/3448 139/3454/3449 142/3450/3445
f 142/3450/3445 139/3454/3449 138/3455/3450
f 142/3450/3445 138/3455/3450 137/3456/3451
f 141/3453/3448 140/3457/3452 139/3454/3449
f 137/3456/3451 136/3451/3446 142/3450/3445
f 127/3445/3440 126/3458/3453 1876/3440/3435
f 1876/3440/3435 126/3458/3453 1875/3459/3454
f 1875/3459/3454 126/3458/3453 125/3460/3455
f 1875/3459/3454 125/3460/3455 1874/3461/3456
f 1874/3461/3456 125/3460/3455 124/3462/3457
f 1874/3461/3456 124/3462/3457 1873/3463/3458
f 1873/3463/3458 124/3462/3457 123/3464/3459
f 1873/3463/3458 123/3464/3459 1872/3465/3460
f 1872/3465/3460 123/3464/3459 120/3466/3461
f 1872/3465/3460 120/3466/3461 1871/3467/3462
f 1871/3467/3462 120/3466/3461 1870/3468/3463
f 1870/3468/3463 120/3466/3461 1869/3469/3464
f 1869/3469/3464 120/3466/3461 1863/3470/3465
f 1869/3469/3464 1863/3470/3465 1868/3471/3466
f 1868/3471/3466 1863/3470/3465 1867/3472/3467
f 1867/3472/3467 1863/3470/3465 1866/3473/3468
f 1866/3473/3468 1863/3470/3465 1865/3474/3469
f 1865/3474/3469 1863/3470/3465 1864/3475/3470
f 1863/3470/3465 120/3466/3461 115/3476/3471
f 115/3476/3471 120/3466/3461 119/3477/3472
f 115/3476/3471 119/3477/3472 116/3478/3473
f 115/3476/3471 97/3479/3474 1863/3470/3465
f 1863/3470/3465 97/3479/3474 1862/3480/3475
f 1862/3480/3475 97/3479/3474 1861/3481/3476
f 1861/3481/3476 97/3479/3474 1860/3482/3477
f 1860/3482/3477 97/3479/3474 1859/3483/3478
f 1859/3483/3478 97/3479/3474 1858/3484/3479
f 1858/3484/3479 97/3479/3474 1857/3485/3480
f 1857/3485/3480 97/3479/3474 1856/3486/3481
f 1856/3486/3481 97/3479/3474 1855/3487/3482
f 1855/3487/3482 97/3479/3474 1854/3488/3483
f 1854/3488/3483 97/3479/3474 1853/3489/3484
f 1853/3489/3484 97/3479/3474 1852/3490/3485
f 1852/3490/3485 97/3479/3474 96/3491/3486
f 1852/3490/3485 96/3491/3486 72/3492/3487
f 72/3492/3487 96/3491/3486 81/3493/3488
f 81/3493/3488 96/3491/3486 82/3494/3489
f 82/3494/3489 96/3491/3486 95/3495/3490
f 82/3494/3489 95/3495/3490 83/3496/3491
f 83/3496/3491 95/3495/3490 94/3497/3492
f 83/3496/3491 94/3497/3492 84/3498/3493
f 84/3498/3493 94/3497/3492 85/3499/3494
f 85/3499/3494 94/3497/3492 93/3500/3495
f 85/3499/3494 93/3500/3495 86/3501/3496
f 86/3501/3496 93/3500/3495 87/3502/3497
f 87/3502/3497 93/3500/3495 92/3503/3498
f 87/3502/3497 92/3503/3498 88/3504/3499
f 88/3504/3499 92/3503/3498 91/3505/3500
f 88/3504/3499 91/3505/3500 89/3506/3501
f 89/3506/3501 91/3505/3500 90/3507/3502
f 71/3508/3503 1844/3509/3504 72/3492/3487
f 72/3492/3487 1844/3509/3504 1845/3510/3505
f 72/3492/3487 1845/3510/3505 1846/3511/3506
f 71/3508/3503 70/3512/3507 1844/3509/3504
f 1844/3509/3504 70/3512/3507 45/3513/3508
f 1844/3509/3504 45/3513/3508 1840/3514/3509
f 1840/3514/3509 45/3513/3508 1839/3515/3510
f 1839/3515/3510 45/3513/3508 1838/3516/3511
f 1838/3516/3511 45/3513/3508 1837/3517/3512
f 1837/3517/3512 45/3513/3508 1836/3518/3513
f 1836/3518/3513 45/3513/3508 44/3519/3514
f 1836/3518/3513 44/3519/3514 1835/3520/3515
f 1835/3520/3515 44/3519/3514 43/3521/3516
f 1835/3520/3515 43/3521/3516 42/3522/3517
f 70/3512/3507 69/3523/3518 45/3513/3508
f 45/3513/3508 69/3523/3518 51/3524/3519
f 51/3524/3519 69/3523/3518 52/3525/3520
f 52/3525/3520 69/3523/3518 53/3526/3521
f 53/3526/3521 69/3523/3518 68/3527/3522
f 53/3526/3521 68/3527/3522 54/3528/3523
f 54/3528/3523 68/3527/3522 55/3529/3524
f 55/3529/3524 68/3527/3522 67/3530/3525
f 55/3529/3524 67/3530/3525 56/3531/3526
f 56/3531/3526 67/3530/3525 66/3532/3527
f 56/3531/3526 66/3532/3527 65/3533/3528
f 65/3533/3528 57/3534/3529 56/3531/3526
f 41/3535/3530 35/3536/3531 42/3522/3517
f 42/3522/3517 35/3536/3531 31/3537/3532
f 42/3522/3517 31/3537/3532 1835/3520/3515
f 1835/3520/3515 31/3537/3532 1833/3538/3533
f 1835/3520/3515 1833/3538/3533 1834/3539/3534
f 37/3540/3535 36/3541/3536 41/3535/3530
f 41/3535/3530 36/3541/3536 35/3536/3531
f 30/3542/3537 1826/3543/3538 31/3537/3532
f 31/3537/3532 1826/3543/3538 1827/3544/3539
f 31/3537/3532 1827/3544/3539 1828/3545/3540
f 29/3546/3541 18/3547/3542 30/3542/3537
f 30/3542/3537 18/3547/3542 17/3548/3543
f 30/3542/3537 17/3548/3543 14/3549/3544
f 22/3550/3545 21/3551/3546 29/3546/3541
f 29/3546/3541 21/3551/3546 20/3552/3547
f 29/3546/3541 20/3552/3547 19/3553/3548
f 19/3553/3548 18/3547/3542 29/3546/3541
f 13/3554/3549 1818/3555/3550 14/3549/3544
f 14/3549/3544 1818/3555/3550 1819/3556/3551
f 14/3549/3544 1819/3556/3551 1820/3557/3552
f 6/3558/3553 5/3559/3554 13/3554/3549
f 13/3554/3549 5/3559/3554 4/3560/3555
f 13/3554/3549 4/3560/3555 3/3561/3556
f 3/3561/3556 2/3562/3557 13/3554/3549
f 13/3554/3549 2/3562/3557 1/3563/3558
f 13/3554/3549 1/3563/3558 1817/3564/3559
f 1817/3564/3559 1/3563/3558 1816/3565/3560
f 1816/3565/3560 1/3563/3558 1815/3566/3561
f 1815/3566/3561 1/3563/3558 1814/3567/3562
f 1814/3567/3562 1/3563/3558 1813/3568/3563
f 1813/3568/3563 1/3563/3558 201/3569/3564
f 1813/3568/3563 201/3569/3564 1812/3570/3565
f 1812/3570/3565 201/3569/3564 1811/3571/3566
f 1811/3571/3566 201/3569/3564 200/3572/3567
f 1811/3571/3566 200/3572/3567 205/3573/3568
f 205/3573/3568 200/3572/3567 206/3574/3569
f 206/3574/3569 200/3572/3567 207/3575/3570
f 207/3575/3570 200/3572/3567 199/3576/3571
f 207/3575/3570 199/3576/3571 208/3577/3572
f 208/3577/3572 199/3576/3571 209/3578/3573
f 209/3578/3573 199/3576/3571 211/3579/3574
f 209/3578/3573 211/3579/3574 210/3580/3575
f 238/3581/3576 2131/3582/3577 205/3573/3568
f 205/3573/3568 2131/3582/3577 2132/3583/3578
f 205/3573/3568 2132/3583/3578 2133/3584/3579
f 2131/3582/3577 238/3581/3576 2130/3585/3580
f 2130/3585/3580 238/3581/3576 237/3586/3581
f 2130/3585/3580 237/3586/3581 2129/3587/3582
f 2129/3587/3582 237/3586/3581 236/3588/3583
f 2129/3587/3582 236/3588/3583 219/3589/3584
f 219/3589/3584 236/3588/3583 235/3590/3585
f 219/3589/3584 235/3590/3585 220/3591/3586
f 220/3591/3586 235/3590/3585 234/3592/3587
f 220/3591/3586 234/3592/3587 221/3593/3588
f 221/3593/3588 234/3592/3587 233/3594/3589
f 221/3593/3588 233/3594/3589 232/3595/3590
f 221/3593/3588 232/3595/3590 222/3596/3591
f 222/3596/3591 232/3595/3590 231/3597/3592
f 222/3596/3591 231/3597/3592 223/3598/3593
f 223/3598/3593 231/3597/3592 230/3599/3594
f 223/3598/3593 230/3599/3594 224/3600/3595
f 224/3600/3595 230/3599/3594 225/3601/3596
f 225/3601/3596 230/3599/3594 229/3602/3597
f 225/3601/3596 229/3602/3597 228/3603/3598
f 227/3604/3599 226/3605/3600 228/3603/3598
f 228/3603/3598 226/3605/3600 225/3601/3596
f 266/3606/3601 1690/3607/3602 219/3589/3584
f 219/3589/3584 1690/3607/3602 1689/3608/3603
f 219/3589/3584 1689/3608/3603 2129/3587/3582
f 2129/3587/3582 1689/3608/3603 1728/3609/3604
f 2129/3587/3582 1728/3609/3604 1727/3610/3605
f 1690/3607/3602 266/3606/3601 1691/3611/3606
f 1691/3611/3606 266/3606/3601 265/3612/3607
f 1691/3611/3606 265/3612/3607 264/3613/3608
f 263/3318/3313 1693/3614/3609 264/3613/3608
f 264/3613/3608 1693/3614/3609 1692/3615/3610
f 264/3613/3608 1692/3615/3610 1691/3611/3606
f 280/3616/3611 289/3617/3612 259/3312/3307
f 259/3312/3307 289/3617/3612 288/3618/3613
f 259/3312/3307 288/3618/3613 287/3310/3305
f 280/3616/3611 279/3619/3614 289/3617/3612
f 289/3617/3612 279/3619/3614 290/3620/3615
f 290/3620/3615 279/3619/3614 278/3621/3616
f 290/3620/3615 278/3621/3616 291/3622/3617
f 291/3622/3617 278/3621/3616 292/3623/3618
f 292/3623/3618 278/3621/3616 277/3624/3619
f 292/3623/3618 277/3624/3619 293/3625/3620
f 293/3625/3620 277/3624/3619 276/3626/3621
f 293/3625/3620 276/3626/3621 275/3627/3622
f 307/3000/2995 306/3628/3623 1926/2998/2993
f 1926/2998/2993 306/3628/3623 1925/3629/3624
f 1925/3629/3624 306/3628/3623 1924/3630/3625
f 1924/3630/3625 306/3628/3623 305/3631/3626
f 1924/3630/3625 305/3631/3626 1923/3632/3627
f 1923/3632/3627 305/3631/3626 304/3633/3628
f 1923/3632/3627 304/3633/3628 1922/3634/3629
f 1922/3634/3629 304/3633/3628 303/3635/3630
f 1922/3634/3629 303/3635/3630 1921/3636/3631
f 1921/3636/3631 303/3635/3630 302/3637/3632
f 1921/3636/3631 302/3637/3632 1920/3638/3633
f 1920/3638/3633 302/3637/3632 301/3639/3634
f 1920/3638/3633 301/3639/3634 1919/3640/3635
f 1919/3640/3635 301/3639/3634 1918/3641/3636
f 1918/3641/3636 301/3639/3634 327/3642/3637
f 1918/3641/3636 327/3642/3637 326/3643/3638
f 301/3639/3634 341/3644/3639 327/3642/3637
f 327/3642/3637 341/3644/3639 328/3645/3640
f 328/3645/3640 341/3644/3639 329/3646/3641
f 329/3646/3641 341/3644/3639 340/3647/3642
f 329/3646/3641 340/3647/3642 330/3648/3643
f 330/3648/3643 340/3647/3642 339/3649/3644
f 330/3648/3643 339/3649/3644 331/3650/3645
f 331/3650/3645 339/3649/3644 338/3651/3646
f 331/3650/3645 338/3651/3646 332/3652/3647
f 332/3652/3647 338/3651/3646 333/3653/3648
f 333/3653/3648 338/3651/3646 334/3654/3649
f 334/3654/3649 338/3651/3646 337/3655/3650
f 334/3654/3649 337/3655/3650 336/3656/3651
f 336/3656/3651 335/3657/3652 334/3654/3649
f 325/3658/3653 1916/3659/3654 326/3643/3638
f 326/3643/3638 1916/3659/3654 1917/3660/3655
f 326/3643/3638 1917/3660/3655 1918/3641/3636
f 362/3661/3656 399/3662/3657 325/3658/3653
f 325/3658/3653 399/3662/3657 398/3663/3658
f 325/3658/3653 398/3663/3658 1912/3664/3659
f 1912/3664/3659 398/3663/3658 1911/3665/3660
f 1911/3665/3660 398/3663/3658 397/3666/3661
f 1911/3665/3660 397/3666/3661 1910/3667/3662
f 1910/3667/3662 397/3666/3661 1909/3668/3663
f 1909/3668/3663 397/3666/3661 396/3669/3664
f 1909/3668/3663 396/3669/3664 1908/3670/3665
f 1908/3670/3665 396/3669/3664 395/3671/3666
f 1908/3670/3665 395/3671/3666 394/3672/3667
f 362/3661/3656 361/3673/3668 399/3662/3657
f 399/3662/3657 361/3673/3668 400/3674/3669
f 400/3674/3669 361/3673/3668 360/3675/3670
f 400/3674/3669 360/3675/3670 359/3676/3671
f 359/3676/3671 374/3677/3672 400/3674/3669
f 400/3674/3669 374/3677/3672 373/3678/3673
f 400/3674/3669 373/3678/3673 372/3679/3674
f 400/3674/3669 372/3679/3674 367/3680/3675
f 367/3680/3675 372/3679/3674 371/3681/3676
f 367/3680/3675 371/3681/3676 370/3682/3677
f 369/3683/3678 368/3684/3679 370/3682/3677
f 370/3682/3677 368/3684/3679 367/3680/3675
f 394/3672/3667 393/3685/3680 1908/3670/3665
f 1908/3670/3665 393/3685/3680 1907/3686/3681
f 1907/3686/3681 393/3685/3680 392/3687/3682
f 1907/3686/3681 392/3687/3682 391/3688/3683
f 391/3688/3683 390/3689/3684 1907/3686/3681
f 1907/3686/3681 390/3689/3684 389/3690/3685
f 1907/3686/3681 389/3690/3685 1906/3691/3686
f 1906/3691/3686 389/3690/3685 388/3692/3687
f 1906/3691/3686 388/3692/3687 1905/3693/3688
f 1905/3693/3688 388/3692/3687 387/3694/3689
f 1905/3693/3688 387/3694/3689 386/3695/3690
f 1905/3693/3688 386/3695/3690 439/3696/3691
f 439/3696/3691 386/3695/3690 385/3697/3692
f 439/3696/3691 385/3697/3692 384/3698/3693
f 384/3698/3693 383/3699/3694 439/3696/3691
f 439/3696/3691 383/3699/3694 419/3700/3695
f 419/3700/3695 383/3699/3694 425/3701/3696
f 419/3700/3695 425/3701/3696 424/3702/3697
f 419/3700/3695 424/3702/3697 420/3703/3698
f 420/3703/3698 424/3702/3697 423/3704/3699
f 420/3703/3698 423/3704/3699 422/3705/3700
f 422/3705/3700 421/3706/3701 420/3703/3698
f 1905/3693/3688 439/3696/3691 1904/3707/3702
f 1904/3707/3702 439/3696/3691 438/3708/3703
f 1904/3707/3702 438/3708/3703 1903/3709/3704
f 1903/3709/3704 438/3708/3703 1902/3710/3705
f 1902/3710/3705 438/3708/3703 437/3711/3706
f 1902/3710/3705 437/3711/3706 1901/3712/3707
f 1901/3712/3707 437/3711/3706 436/3713/3708
f 1901/3712/3707 436/3713/3708 435/3714/3709
f 1901/3712/3707 435/3714/3709 1900/3715/3710
f 1900/3715/3710 435/3714/3709 434/3716/3711
f 1900/3715/3710 434/3716/3711 433/3717/3712
f 454/3718/3713 466/3719/3714 433/3717/3712
f 433/3717/3712 466/3719/3714 465/3720/3715
f 433/3717/3712 465/3720/3715 1895/3721/3716
f 1895/3721/3716 465/3720/3715 464/3722/3717
f 1895/3721/3716 464/3722/3717 1894/3723/3718
f 1894/3723/3718 464/3722/3717 1893/3724/3719
f 1893/3724/3719 464/3722/3717 463/3725/3720
f 1893/3724/3719 463/3725/3720 1892/3726/3721
f 1892/3726/3721 463/3725/3720 185/3414/3409
f 1892/3726/3721 185/3414/3409 1891/3727/3722
f 1891/3727/3722 185/3414/3409 1890/3728/3723
f 1890/3728/3723 185/3414/3409 1889/3729/3724
f 1889/3729/3724 185/3414/3409 1887/3416/3411
f 1889/3729/3724 1887/3416/3411 1888/3730/3725
f 453/3731/3726 448/3732/3727 454/3718/3713
f 454/3718/3713 448/3732/3727 447/3733/3728
f 454/3718/3713 447/3733/3728 466/3719/3714
f 452/3734/3729 450/3735/3730 453/3731/3726
f 453/3731/3726 450/3735/3730 449/3736/3731
f 453/3731/3726 449/3736/3731 448/3732/3727
f 452/3734/3729 451/3737/3732 450/3735/3730
f 1657/3240/3235 1656/3738/3733 1590/3238/3233
f 1590/3238/3233 1656/3738/3733 1591/3739/3734
f 1591/3739/3734 1656/3738/3733 1592/3740/3735
f 1592/3740/3735 1656/3738/3733 1655/3741/3736
f 1592/3740/3735 1655/3741/3736 1593/3742/3737
f 1593/3742/3737 1655/3741/3736 1654/3743/3738
f 1593/3742/3737 1654/3743/3738 1594/3744/3739
f 1594/3744/3739 1654/3743/3738 1595/3745/3740
f 1595/3745/3740 1654/3743/3738 1653/3746/3741
f 1595/3745/3740 1653/3746/3741 1596/3747/3742
f 1596/3747/3742 1653/3746/3741 1652/3344/3339
f 1596/3747/3742 1652/3344/3339 1597/3343/3338
f 1646/3334/3329 1645/3322/3317 1122/3321/3316
f 1699/3324/3319 1698/3748/3743 1123/3317/3312
f 1123/3317/3312 1698/3748/3743 1697/3319/3314
f 1696/3320/3315 1695/3749/3744 263/3318/3313
f 263/3318/3313 1695/3749/3744 1694/3750/3745
f 263/3318/3313 1694/3750/3745 1693/3614/3609
f 2129/3587/3582 1727/3610/3605 2128/3751/3746
f 2128/3751/3746 1727/3610/3605 1726/3752/3747
f 2128/3751/3746 1726/3752/3747 2127/3753/3748
f 2127/3753/3748 1726/3752/3747 1725/3754/3749
f 2127/3753/3748 1725/3754/3749 2126/3755/3750
f 2126/3755/3750 1725/3754/3749 1724/3756/3751
f 2126/3755/3750 1724/3756/3751 2125/3757/3752
f 2125/3757/3752 1724/3756/3751 1723/3758/3753
f 2125/3757/3752 1723/3758/3753 2124/3759/3754
f 2124/3759/3754 1723/3758/3753 1722/3760/3755
f 2124/3759/3754 1722/3760/3755 2123/3761/3756
f 2123/3761/3756 1722/3760/3755 1721/3762/3757
f 2123/3761/3756 1721/3762/3757 2122/3763/3758
f 2122/3763/3758 1721/3762/3757 1665/3254/3249
f 2122/3763/3758 1665/3254/3249 2121/3257/3252
f 1773/3764/3759 1512/3765/3760 1737/3766/3761
f 1737/3766/3761 1512/3765/3760 1511/3767/3762
f 1737/3766/3761 1511/3767/3762 1738/3768/3763
f 1738/3768/3763 1511/3767/3762 1510/3769/3764
f 1738/3768/3763 1510/3769/3764 1739/3770/3765
f 1739/3770/3765 1510/3769/3764 1740/3771/3766
f 1740/3771/3766 1510/3769/3764 1509/3772/3767
f 1740/3771/3766 1509/3772/3767 1741/3773/3768
f 1741/3773/3768 1509/3772/3767 1300/3774/3769
f 1741/3773/3768 1300/3774/3769 1742/3775/3770
f 1742/3775/3770 1300/3774/3769 1299/3776/3771
f 1742/3775/3770 1299/3776/3771 1743/3777/3772
f 1743/3777/3772 1299/3776/3771 1298/3778/3773
f 1743/3777/3772 1298/3778/3773 1744/3779/3774
f 1744/3779/3774 1298/3778/3773 1297/3780/3775
f 1744/3779/3774 1297/3780/3775 1745/3781/3776
f 1745/3781/3776 1297/3780/3775 1296/3782/3777
f 1745/3781/3776 1296/3782/3777 1746/3783/3778
f 1746/3783/3778 1296/3782/3777 1747/3784/3779
f 1747/3784/3779 1296/3782/3777 1295/3785/3780
f 1747/3784/3779 1295/3785/3780 1748/3786/3781
f 1748/3786/3781 1295/3785/3780 1294/3787/3782
f 1748/3786/3781 1294/3787/3782 1749/3788/3783
f 1749/3788/3783 1294/3787/3782 1343/3789/3784
f 1749/3788/3783 1343/3789/3784 1342/3790/3785
f 1512/3765/3760 1773/3764/3759 1513/3791/3786
f 1513/3791/3786 1773/3764/3759 1772/3792/3787
f 1513/3791/3786 1772/3792/3787 1771/3793/3788
f 1513/3791/3786 1771/3793/3788 1514/3794/3789
f 1514/3794/3789 1771/3793/3788 1770/3795/3790
f 1514/3794/3789 1770/3795/3790 1515/3368/3363
f 1515/3368/3363 1770/3795/3790 1769/3370/3365
f 1574/3369/3364 1768/3371/3366 1575/3796/3791
f 1575/3796/3791 1768/3371/3366 1767/3797/3792
f 1575/3796/3791 1767/3797/3792 1576/3798/3793
f 1576/3798/3793 1767/3797/3792 1766/3799/3794
f 1576/3798/3793 1766/3799/3794 1577/3800/3795
f 1577/3800/3795 1766/3799/3794 1765/3801/3796
f 1577/3800/3795 1765/3801/3796 1578/3802/3797
f 1578/3802/3797 1765/3801/3796 1764/3803/3798
f 1578/3802/3797 1764/3803/3798 1763/3804/3799
f 1578/3802/3797 1763/3804/3799 1579/3805/3800
f 1579/3805/3800 1763/3804/3799 1762/3806/3801
f 1579/3805/3800 1762/3806/3801 963/3807/3802
f 963/3807/3802 1762/3806/3801 964/3808/3803
f 964/3808/3803 1762/3806/3801 1761/3809/3804
f 964/3808/3803 1761/3809/3804 965/3810/3805
f 965/3810/3805 1761/3809/3804 1760/3811/3806
f 965/3810/3805 1760/3811/3806 1759/3812/3807
f 965/3810/3805 1759/3812/3807 966/3813/3808
f 966/3813/3808 1759/3812/3807 1758/3814/3809
f 966/3813/3808 1758/3814/3809 967/3815/3810
f 967/3815/3810 1758/3814/3809 1757/3816/3811
f 967/3815/3810 1757/3816/3811 968/3817/3812
f 968/3817/3812 1757/3816/3811 1756/3818/3813
f 968/3817/3812 1756/3818/3813 1375/3819/3814
f 1375/3819/3814 1756/3818/3813 1376/3820/3815
f 1376/3820/3815 1756/3818/3813 1755/3821/3816
f 1376/3820/3815 1755/3821/3816 1754/3822/3817
f 1376/3820/3815 1754/3822/3817 1377/3823/3818
f 1377/3823/3818 1754/3822/3817 1753/3824/3819
f 1377/3823/3818 1753/3824/3819 1378/3825/3820
f 1378/3825/3820 1753/3824/3819 1752/3826/3821
f 1378/3825/3820 1752/3826/3821 1339/3827/3822
f 1339/3827/3822 1752/3826/3821 1751/3828/3823
f 1339/3827/3822 1751/3828/3823 1340/3829/3824
f 1340/3829/3824 1751/3828/3823 1341/3830/3825
f 1341/3830/3825 1751/3828/3823 1750/3831/3826
f 1341/3830/3825 1750/3831/3826 1342/3790/3785
f 1342/3790/3785 1750/3831/3826 1749/3788/3783
f 1305/3832/3827 1420/3833/3828 1261/3834/3829
f 1261/3834/3829 1420/3833/3828 1419/3835/3830
f 1261/3834/3829 1419/3835/3830 1262/3836/3831
f 1262/3836/3831 1419/3835/3830 1263/3837/3832
f 1263/3837/3832 1419/3835/3830 1478/3838/3833
f 1263/3837/3832 1478/3838/3833 1264/3839/3834
f 1264/3839/3834 1478/3838/3833 1477/3840/3835
f 1264/3839/3834 1477/3840/3835 1265/3841/3836
f 1265/3841/3836 1477/3840/3835 1476/3842/3837
f 1265/3841/3836 1476/3842/3837 1475/3843/3838
f 1304/3844/3839 1504/3845/3840 1305/3832/3827
f 1305/3832/3827 1504/3845/3840 1422/3846/3841
f 1305/3832/3827 1422/3846/3841 1421/3847/3842
f 1504/3845/3840 1304/3844/3839 1505/3848/3843
f 1505/3848/3843 1304/3844/3839 1303/3849/3844
f 1505/3848/3843 1303/3849/3844 1506/3850/3845
f 1506/3850/3845 1303/3849/3844 1302/3851/3846
f 1506/3850/3845 1302/3851/3846 1507/3852/3847
f 1507/3852/3847 1302/3851/3846 1301/3853/3848
f 1507/3852/3847 1301/3853/3848 1508/3854/3849
f 1508/3854/3849 1301/3853/3848 1300/3774/3769
f 1508/3854/3849 1300/3774/3769 1509/3772/3767
f 1294/3787/3782 1293/3855/3850 1343/3789/3784
f 1343/3789/3784 1293/3855/3850 1344/3856/3851
f 1344/3856/3851 1293/3855/3850 1292/3857/3852
f 1344/3856/3851 1292/3857/3852 1345/3858/3853
f 1345/3858/3853 1292/3857/3852 1291/3859/3854
f 1345/3858/3853 1291/3859/3854 1346/3860/3855
f 1346/3860/3855 1291/3859/3854 1290/3861/3856
f 1346/3860/3855 1290/3861/3856 1347/3862/3857
f 1347/3862/3857 1290/3861/3856 1348/3863/3858
f 1348/3863/3858 1290/3861/3856 1289/3864/3859
f 1348/3863/3858 1289/3864/3859 2081/3865/3860
f 2081/3865/3860 1289/3864/3859 1288/3866/3861
f 2081/3865/3860 1288/3866/3861 2080/3867/3862
f 2080/3867/3862 1288/3866/3861 1287/3868/3863
f 2080/3867/3862 1287/3868/3863 1286/3869/3864
f 2080/3867/3862 1286/3869/3864 2079/3870/3865
f 2079/3870/3865 1286/3869/3864 1285/3871/3866
f 2079/3870/3865 1285/3871/3866 2078/3872/3867
f 2078/3872/3867 1285/3871/3866 2077/3873/3868
f 2077/3873/3868 1285/3871/3866 1284/3874/3869
f 2077/3873/3868 1284/3874/3869 2076/3875/3870
f 2076/3875/3870 1284/3874/3869 1283/3876/3871
f 2076/3875/3870 1283/3876/3871 2075/3877/3872
f 2075/3877/3872 1283/3876/3871 2074/3878/3873
f 2074/3878/3873 1283/3876/3871 1282/3879/3874
f 2074/3878/3873 1282/3879/3874 2073/3880/3875
f 2073/3880/3875 1282/3879/3874 1281/3881/3876
f 2073/3880/3875 1281/3881/3876 1280/3882/3877
f 2073/3880/3875 1280/3882/3877 2072/3883/3878
f 2072/3883/3878 1280/3882/3877 1279/3884/3879
f 2072/3883/3878 1279/3884/3879 2071/3885/3880
f 2071/3885/3880 1279/3884/3879 1278/3886/3881
f 2071/3885/3880 1278/3886/3881 2070/3887/3882
f 2070/3887/3882 1278/3886/3881 1277/3888/3883
f 2070/3887/3882 1277/3888/3883 2069/3889/3884
f 2069/3889/3884 1277/3888/3883 1276/3890/3885
f 2069/3889/3884 1276/3890/3885 2068/3891/3886
f 2068/3891/3886 1276/3890/3885 1275/3892/3887
f 2068/3891/3886 1275/3892/3887 2067/3893/3888
f 2067/3893/3888 1275/3892/3887 1274/3894/3889
f 2067/3893/3888 1274/3894/3889 1273/3895/3890
f 2067/3893/3888 1273/3895/3890 2066/3896/3891
f 2066/3896/3891 1273/3895/3890 1266/3897/3892
f 2066/3896/3891 1266/3897/3892 1474/3898/3893
f 1474/3898/3893 1266/3897/3892 1265/3841/3836
f 1474/3898/3893 1265/3841/3836 1475/3843/3838
f 1528/3390/3385 1527/3384/3379 1102/3386/3381
f 1504/3845/3840 1503/3899/3894 1422/3846/3841
f 1422/3846/3841 1503/3899/3894 1423/3900/3895
f 1423/3900/3895 1503/3899/3894 1502/3901/3896
f 1423/3900/3895 1502/3901/3896 1424/3902/3897
f 1424/3902/3897 1502/3901/3896 1501/3903/3898
f 1424/3902/3897 1501/3903/3898 1500/3904/3899
f 1424/3902/3897 1500/3904/3899 1425/3905/3900
f 1425/3905/3900 1500/3904/3899 1499/3906/3901
f 1425/3905/3900 1499/3906/3901 1426/3907/3902
f 1426/3907/3902 1499/3906/3901 1498/3908/3903
f 1426/3907/3902 1498/3908/3903 1427/3909/3904
f 1427/3909/3904 1498/3908/3903 1428/3910/3905
f 1428/3910/3905 1498/3908/3903 1497/3399/3394
f 1428/3910/3905 1497/3399/3394 1186/3401/3396
f 1474/3898/3893 1473/3911/3906 2066/3896/3891
f 2066/3896/3891 1473/3911/3906 2065/3912/3907
f 2065/3912/3907 1473/3911/3906 1472/3913/3908
f 2065/3912/3907 1472/3913/3908 2064/3914/3909
f 2064/3914/3909 1472/3913/3908 1471/3915/3910
f 2064/3914/3909 1471/3915/3910 2063/3916/3911
f 2063/3916/3911 1471/3915/3910 1470/3917/3912
f 2063/3916/3911 1470/3917/3912 2062/3918/3913
f 2062/3918/3913 1470/3917/3912 1469/3919/3914
f 2062/3918/3913 1469/3919/3914 2061/3920/3915
f 2061/3920/3915 1469/3919/3914 1468/3921/3916
f 2061/3920/3915 1468/3921/3916 2060/3922/3917
f 2060/3922/3917 1468/3921/3916 1467/3923/3918
f 2060/3922/3917 1467/3923/3918 2059/3924/3919
f 2059/3924/3919 1467/3923/3918 1466/3925/3920
f 2059/3924/3919 1466/3925/3920 2058/3926/3921
f 2058/3926/3921 1466/3925/3920 1465/3927/3922
f 2058/3926/3921 1465/3927/3922 2057/3928/3923
f 2057/3928/3923 1465/3927/3922 1464/3929/3924
f 2057/3928/3923 1464/3929/3924 2056/3930/3925
f 2056/3930/3925 1464/3929/3924 1463/3931/3926
f 2056/3930/3925 1463/3931/3926 2055/3932/3927
f 2055/3932/3927 1463/3931/3926 1462/3933/3928
f 2055/3932/3927 1462/3933/3928 2054/3934/3929
f 2054/3934/3929 1462/3933/3928 1461/3935/3930
f 2054/3934/3929 1461/3935/3930 2053/3936/3931
f 2053/3936/3931 1461/3935/3930 1439/3937/3932
f 2053/3936/3931 1439/3937/3932 2052/3938/3933
f 2052/3938/3933 1439/3937/3932 2051/3939/3934
f 2051/3939/3934 1439/3937/3932 2048/3940/3935
f 2051/3939/3934 2048/3940/3935 2050/3941/3936
f 2050/3941/3936 2048/3940/3935 2049/3942/3937
f 1439/3937/3932 1438/3943/3938 2048/3940/3935
f 2048/3940/3935 1438/3943/3938 1437/3944/3939
f 2048/3940/3935 1437/3944/3939 2047/3945/3940
f 2047/3945/3940 1437/3944/3939 1436/3946/3941
f 2047/3945/3940 1436/3946/3941 1177/3947/3942
f 1177/3947/3942 1436/3946/3941 1178/3948/3943
f 1178/3948/3943 1436/3946/3941 1435/3949/3944
f 1178/3948/3943 1435/3949/3944 1179/3950/3945
f 1179/3950/3945 1435/3949/3944 1434/3951/3946
f 1179/3950/3945 1434/3951/3946 1180/3952/3947
f 1180/3952/3947 1434/3951/3946 1433/3953/3948
f 1180/3952/3947 1433/3953/3948 1181/3954/3949
f 1181/3954/3949 1433/3953/3948 1182/3955/3950
f 1182/3955/3950 1433/3953/3948 1432/3956/3951
f 1182/3955/3950 1432/3956/3951 1183/3957/3952
f 1183/3957/3952 1432/3956/3951 1431/3958/3953
f 1183/3957/3952 1431/3958/3953 1184/3959/3954
f 1184/3959/3954 1431/3958/3953 1430/3960/3955
f 1184/3959/3954 1430/3960/3955 1185/3961/3956
f 1185/3961/3956 1430/3960/3955 1429/3962/3957
f 1185/3961/3956 1429/3962/3957 1186/3401/3396
f 1186/3401/3396 1429/3962/3957 1428/3910/3905
f 1421/3847/3842 1420/3833/3828 1305/3832/3827
f 947/3305/3300 1584/3306/3301 948/3963/3958
f 948/3963/3958 1584/3306/3301 1583/3964/3959
f 948/3963/3958 1583/3964/3959 1582/3965/3960
f 948/3963/3958 1582/3965/3960 949/3966/3961
f 949/3966/3961 1582/3965/3960 1581/3967/3962
f 949/3966/3961 1581/3967/3962 950/3968/3963
f 950/3968/3963 1581/3967/3962 1580/3969/3964
f 950/3968/3963 1580/3969/3964 961/3970/3965
f 961/3970/3965 1580/3969/3964 962/3971/3966
f 962/3971/3966 1580/3969/3964 1579/3805/3800
f 962/3971/3966 1579/3805/3800 963/3807/3802
f 988/3287/3282 987/3972/3967 2107/3285/3280
f 2107/3285/3280 987/3972/3967 2106/3973/3968
f 2106/3973/3968 987/3972/3967 986/3974/3969
f 2106/3973/3968 986/3974/3969 2105/3975/3970
f 2105/3975/3970 986/3974/3969 985/3976/3971
f 2105/3975/3970 985/3976/3971 2104/3977/3972
f 2104/3977/3972 985/3976/3971 2103/3978/3973
f 2103/3978/3973 985/3976/3971 984/3979/3974
f 2103/3978/3973 984/3979/3974 2102/3980/3975
f 2102/3980/3975 984/3979/3974 983/3981/3976
f 2102/3980/3975 983/3981/3976 2101/3982/3977
f 2101/3982/3977 983/3981/3976 982/3983/3978
f 2101/3982/3977 982/3983/3978 2100/3984/3979
f 2100/3984/3979 982/3983/3978 981/3985/3980
f 2100/3984/3979 981/3985/3980 2099/3986/3981
f 2099/3986/3981 981/3985/3980 980/3987/3982
f 2099/3986/3981 980/3987/3982 2098/3988/3983
f 2098/3988/3983 980/3987/3982 979/3989/3984
f 2098/3988/3983 979/3989/3984 2097/3990/3985
f 2097/3990/3985 979/3989/3984 978/3991/3986
f 2097/3990/3985 978/3991/3986 2096/3992/3987
f 2096/3992/3987 978/3991/3986 977/3993/3988
f 2096/3992/3987 977/3993/3988 976/3994/3989
f 2096/3992/3987 976/3994/3989 2095/3995/3990
f 2095/3995/3990 976/3994/3989 975/3996/3991
f 2095/3995/3990 975/3996/3991 974/3997/3992
f 973/3998/3993 1370/3999/3994 974/3997/3992
f 974/3997/3992 1370/3999/3994 1369/4000/3995
f 974/3997/3992 1369/4000/3995 2095/3995/3990
f 2095/3995/3990 1369/4000/3995 1368/4001/3996
f 2095/3995/3990 1368/4001/3996 2094/4002/3997
f 2094/4002/3997 1368/4001/3996 1367/4003/3998
f 2094/4002/3997 1367/4003/3998 1366/4004/3999
f 1370/3999/3994 973/3998/3993 1371/4005/4000
f 1371/4005/4000 973/3998/3993 972/4006/4001
f 1371/4005/4000 972/4006/4001 1372/4007/4002
f 1372/4007/4002 972/4006/4001 1373/4008/4003
f 1373/4008/4003 972/4006/4001 971/4009/4004
f 1373/4008/4003 971/4009/4004 1374/4010/4005
f 1374/4010/4005 971/4009/4004 970/4011/4006
f 1374/4010/4005 970/4011/4006 969/4012/4007
f 1374/4010/4005 969/4012/4007 1375/3819/3814
f 1375/3819/3814 969/4012/4007 968/3817/3812
f 1366/4004/3999 1365/4013/4008 2094/4002/3997
f 2094/4002/3997 1365/4013/4008 2093/4014/4009
f 2093/4014/4009 1365/4013/4008 1364/4015/4010
f 2093/4014/4009 1364/4015/4010 2092/4016/4011
f 2092/4016/4011 1364/4015/4010 2091/4017/4012
f 2091/4017/4012 1364/4015/4010 1363/4018/4013
f 2091/4017/4012 1363/4018/4013 2090/4019/4014
f 2090/4019/4014 1363/4018/4013 1362/4020/4015
f 2090/4019/4014 1362/4020/4015 2089/4021/4016
f 2089/4021/4016 1362/4020/4015 1361/4022/4017
f 2089/4021/4016 1361/4022/4017 2088/4023/4018
f 2088/4023/4018 1361/4022/4017 1360/4024/4019
f 2088/4023/4018 1360/4024/4019 2087/4025/4020
f 2087/4025/4020 1360/4024/4019 1359/4026/4021
f 2087/4025/4020 1359/4026/4021 1358/4027/4022
f 2087/4025/4020 1358/4027/4022 2086/4028/4023
f 2086/4028/4023 1358/4027/4022 1357/4029/4024
f 2086/4028/4023 1357/4029/4024 2085/4030/4025
f 2085/4030/4025 1357/4029/4024 1356/4031/4026
f 2085/4030/4025 1356/4031/4026 2084/4032/4027
f 2084/4032/4027 1356/4031/4026 1355/4033/4028
f 2084/4032/4027 1355/4033/4028 2083/4034/4029
f 2083/4034/4029 1355/4033/4028 1354/4035/4030
f 2083/4034/4029 1354/4035/4030 1353/4036/4031
f 1353/4036/4031 1352/4037/4032 2083/4034/4029
f 2083/4034/4029 1352/4037/4032 2082/4038/4033
f 2082/4038/4033 1352/4037/4032 1351/4039/4034
f 2082/4038/4033 1351/4039/4034 1350/4040/4035
f 2082/4038/4033 1350/4040/4035 2081/3865/3860
f 2081/3865/3860 1350/4040/4035 1349/4041/4036
f 2081/3865/3860 1349/4041/4036 1348/3863/3858
f 1238/3046/3041 1237/4042/4037 515/3040/3035
f 515/3040/3035 1237/4042/4037 1236/3041/3036
f 1177/3947/3942 1176/4043/4038 2047/3945/3940
f 2047/3945/3940 1176/4043/4038 1175/4044/4039
f 2047/3945/3940 1175/4044/4039 2046/4045/4040
f 2046/4045/4040 1175/4044/4039 1174/4046/4041
f 2046/4045/4040 1174/4046/4041 2045/4047/4042
f 2045/4047/4042 1174/4046/4041 1173/4048/4043
f 2045/4047/4042 1173/4048/4043 2044/4049/4044
f 2044/4049/4044 1173/4048/4043 1172/4050/4045
f 2044/4049/4044 1172/4050/4045 2043/3063/3058
f 2043/3063/3058 1172/4050/4045 1171/3061/3056
f 1817/3564/3559 1818/3555/3550 13/3554/3549
f 1820/3557/3552 1821/4051/4046 14/3549/3544
f 14/3549/3544 1821/4051/4046 1822/4052/4047
f 14/3549/3544 1822/4052/4047 1823/4053/4048
f 1823/4053/4048 1824/4054/4049 14/3549/3544
f 14/3549/3544 1824/4054/4049 1826/3543/3538
f 14/3549/3544 1826/3543/3538 30/3542/3537
f 1824/4054/4049 1825/4055/4050 1826/3543/3538
f 1828/3545/3540 1829/4056/4051 31/3537/3532
f 31/3537/3532 1829/4056/4051 1830/4057/4052
f 31/3537/3532 1830/4057/4052 1831/4058/4053
f 1831/4058/4053 1832/4059/4054 31/3537/3532
f 31/3537/3532 1832/4059/4054 1833/3538/3533
f 1840/3514/3509 1841/4060/4055 1844/3509/3504
f 1844/3509/3504 1841/4060/4055 1843/4061/4056
f 1843/4061/4056 1841/4060/4055 1842/4062/4057
f 1846/3511/3506 1847/4063/4058 72/3492/3487
f 72/3492/3487 1847/4063/4058 1848/4064/4059
f 72/3492/3487 1848/4064/4059 1849/4065/4060
f 1849/4065/4060 1850/4066/4061 72/3492/3487
f 72/3492/3487 1850/4066/4061 1851/4067/4062
f 72/3492/3487 1851/4067/4062 1852/3490/3485
f 1895/3721/3716 1896/4068/4063 433/3717/3712
f 433/3717/3712 1896/4068/4063 1897/4069/4064
f 433/3717/3712 1897/4069/4064 1898/4070/4065
f 1898/4070/4065 1899/4071/4066 433/3717/3712
f 433/3717/3712 1899/4071/4066 1900/3715/3710
f 1912/3664/3659 1913/4072/4067 325/3658/3653
f 325/3658/3653 1913/4072/4067 1914/4073/4068
f 325/3658/3653 1914/4073/4068 1915/4074/4069
f 1915/4074/4069 1916/3659/3654 325/3658/3653
f 1937/2968/2963 1938/4075/4070 595/2950/2945
f 595/2950/2945 1938/4075/4070 1939/4076/4071
f 595/2950/2945 1939/4076/4071 1940/4077/4072
f 1940/4077/4072 1941/2948/2943 595/2950/2945
f 1952/2912/2907 1953/4078/4073 693/2899/2894
f 693/2899/2894 1953/4078/4073 1954/2897/2892
f 1958/2894/2889 1959/4079/4074 721/2876/2871
f 721/2876/2871 1959/4079/4074 1960/2877/2872
f 1971/3202/3197 1972/4080/4075 1973/3200/3195
f 1994/3165/3160 1995/4081/4076 849/3151/3146
f 849/3151/3146 1995/4081/4076 1996/4082/4077
f 849/3151/3146 1996/4082/4077 1997/4083/4078
f 1997/4083/4078 1998/4084/4079 849/3151/3146
f 849/3151/3146 1998/4084/4079 1999/4085/4080
f 849/3151/3146 1999/4085/4080 2000/4086/4081
f 2000/4086/4081 2001/4087/4082 849/3151/3146
f 849/3151/3146 2001/4087/4082 2002/3143/3138
f 2021/3113/3108 2022/4088/4083 797/3104/3099
f 797/3104/3099 2022/4088/4083 2023/4089/4084
f 797/3104/3099 2023/4089/4084 2024/4090/4085
f 2024/4090/4085 2025/4091/4086 797/3104/3099
f 797/3104/3099 2025/4091/4086 2026/3102/3097
f 2033/3088/3083 2034/4092/4087 471/3070/3065
f 471/3070/3065 2034/4092/4087 2035/4093/4088
f 471/3070/3065 2035/4093/4088 2036/4094/4089
f 2036/4094/4089 2037/3068/3063 471/3070/3065
f 2133/3584/3579 2134/4095/4090 205/3573/3568
f 205/3573/3568 2134/4095/4090 2135/4096/4091
f 205/3573/3568 2135/4096/4091 2136/4097/4092
f 2136/4097/4092 1811/3571/3566 205/3573/3568
f 2137/4098/4093 2138/4099/4094 2129/4100/4095
f 2129/4100/4095 2138/4099/4094 2130/4101/4096
f 2130/4101/4096 2138/4099/4094 2139/4102/4097
f 2130/4101/4096 2139/4102/4097 2131/4103/4098
f 2131/4103/4098 2139/4102/4097 2140/4104/4099
f 2131/4103/4098 2140/4104/4099 2132/4105/4100
f 2132/4105/4100 2140/4104/4099 2141/4106/4101
f 2132/4105/4100 2141/4106/4101 2133/4107/4102
f 2133/4107/4102 2141/4106/4101 2142/4108/4103
f 2133/4107/4102 2142/4108/4103 2134/4109/4104
f 2134/4109/4104 2142/4108/4103 2143/4110/4105
f 2134/4109/4104 2143/4110/4105 2135/4111/4106
f 2135/4111/4106 2143/4110/4105 2144/4112/4107
f 2135/4111/4106 2144/4112/4107 2136/4113/4108
f 2136/4113/4108 2144/4112/4107 2145/4114/4109
f 2136/4113/4108 2145/4114/4109 1811/4115/4110
f 2146/4116/4111 2147/4117/4112 2121/4118/4113
f 2121/4118/4113 2147/4117/4112 2122/4119/4114
f 2122/4119/4114 2147/4117/4112 2148/4120/4115
f 2122/4119/4114 2148/4120/4115 2123/4121/4116
f 2123/4121/4116 2148/4120/4115 2149/4122/4117
f 2123/4121/4116 2149/4122/4117 2124/4123/4118
f 2124/4123/4118 2149/4122/4117 2150/4124/4119
f 2124/4123/4118 2150/4124/4119 2125/4125/4120
f 2125/4125/4120 2150/4124/4119 2151/4126/4121
f 2125/4125/4120 2151/4126/4121 2126/4127/4122
f 2126/4127/4122 2151/4126/4121 2152/4128/4123
f 2126/4127/4122 2152/4128/4123 2127/4129/4124
f 2127/4129/4124 2152/4128/4123 2153/4130/4125
f 2127/4129/4124 2153/4130/4125 2128/4131/4126
f 2128/4131/4126 2153/4130/4125 2137/4132/4127
f 2128/4131/4126 2137/4132/4127 2129/4133/4128
f 2154/4134/4129 2146/4135/4130 2120/4136/4131
f 2120/4136/4131 2146/4135/4130 2121/4137/4132
f 2155/4138/4133 2156/4139/4134 2109/4140/4135
f 2109/4140/4135 2156/4139/4134 2110/4141/4136
f 2110/4141/4136 2156/4139/4134 2157/4142/4137
f 2110/4141/4136 2157/4142/4137 2111/4143/4138
f 2111/4143/4138 2157/4142/4137 2158/4144/4139
f 2111/4143/4138 2158/4144/4139 2112/4145/4140
f 2112/4145/4140 2158/4144/4139 2159/4146/4141
f 2112/4145/4140 2159/4146/4141 2113/4147/4142
f 2113/4147/4142 2159/4146/4141 2160/4148/4143
f 2113/4147/4142 2160/4148/4143 2114/4149/4144
f 2114/4149/4144 2160/4148/4143 2161/4150/4145
f 2114/4149/4144 2161/4150/4145 2115/4151/4146
f 2115/4151/4146 2161/4150/4145 2162/4152/4147
f 2115/4151/4146 2162/4152/4147 2116/4153/4148
f 2116/4153/4148 2162/4152/4147 2163/4154/4149
f 2116/4153/4148 2163/4154/4149 2117/4155/4150
f 2117/4155/4150 2163/4154/4149 2164/4156/4151
f 2117/4155/4150 2164/4156/4151 2118/4157/4152
f 2118/4157/4152 2164/4156/4151 2165/4158/4153
f 2118/4157/4152 2165/4158/4153 2119/4159/4154
f 2119/4159/4154 2165/4158/4153 2154/4160/4155
f 2119/4159/4154 2154/4160/4155 2120/4161/4156
f 2166/4162/4157 2167/4163/4158 2105/4164/4159
f 2105/4164/4159 2167/4163/4158 2106/4165/4160
f 2106/4165/4160 2167/4163/4158 2168/4166/4161
f 2106/4165/4160 2168/4166/4161 2107/4167/4162
f 2107/4167/4162 2168/4166/4161 2169/4168/4163
f 2107/4167/4162 2169/4168/4163 2108/4169/4164
f 2108/4169/4164 2169/4168/4163 2155/4170/4165
f 2108/4169/4164 2155/4170/4165 2109/4171/4166
f 2170/4172/4167 2171/4173/4168 2098/4174/4169
f 2098/4174/4169 2171/4173/4168 2099/4175/4170
f 2099/4175/4170 2171/4173/4168 2172/4176/4171
f 2099/4175/4170 2172/4176/4171 2100/4177/4172
f 2100/4177/4172 2172/4176/4171 2173/4178/4173
f 2100/4177/4172 2173/4178/4173 2101/4179/4174
f 2101/4179/4174 2173/4178/4173 2174/4180/4175
f 2101/4179/4174 2174/4180/4175 2102/4181/4176
f 2102/4181/4176 2174/4180/4175 2175/4182/4177
f 2102/4181/4176 2175/4182/4177 2103/4183/4178
f 2103/4183/4178 2175/4182/4177 2176/4184/4179
f 2103/4183/4178 2176/4184/4179 2104/4185/4180
f 2104/4185/4180 2176/4184/4179 2166/4186/4181
f 2104/4185/4180 2166/4186/4181 2105/4187/4182
f 2177/4188/4183 2178/4189/4184 2094/4190/4185
f 2094/4190/4185 2178/4189/4184 2095/4191/4186
f 2095/4191/4186 2178/4189/4184 2179/4192/4187
f 2095/4191/4186 2179/4192/4187 2096/4193/4188
f 2096/4193/4188 2179/4192/4187 2180/4194/4189
f 2096/4193/4188 2180/4194/4189 2097/4195/4190
f 2097/4195/4190 2180/4194/4189 2170/4196/4191
f 2097/4195/4190 2170/4196/4191 2098/4197/4192
f 2181/4198/4193 2182/4199/4194 2083/4200/4195
f 2083/4200/4195 2182/4199/4194 2084/4201/4196
f 2084/4201/4196 2182/4199/4194 2183/4202/4197
f 2084/4201/4196 2183/4202/4197 2085/4203/4198
f 2085/4203/4198 2183/4202/4197 2184/4204/4199
f 2085/4203/4198 2184/4204/4199 2086/4205/4200
f 2086/4205/4200 2184/4204/4199 2185/4206/4201
f 2086/4205/4200 2185/4206/4201 2087/4207/4202
f 2087/4207/4202 2185/4206/4201 2186/4208/4203
f 2087/4207/4202 2186/4208/4203 2088/4209/4204
f 2088/4209/4204 2186/4208/4203 2187/4210/4205
f 2088/4209/4204 2187/4210/4205 2089/4211/4206
f 2089/4211/4206 2187/4210/4205 2188/4212/4207
f 2089/4211/4206 2188/4212/4207 2090/4213/4208
f 2090/4213/4208 2188/4212/4207 2189/4214/4209
f 2090/4213/4208 2189/4214/4209 2091/4215/4210
f 2091/4215/4210 2189/4214/4209 2190/4216/4211
f 2091/4215/4210 2190/4216/4211 2092/4217/4212
f 2092/4217/4212 2190/4216/4211 2191/4218/4213
f 2092/4217/4212 2191/4218/4213 2093/4219/4214
f 2093/4219/4214 2191/4218/4213 2177/4220/4215
f 2093/4219/4214 2177/4220/4215 2094/4221/4216
f 2192/4222/4217 2193/4223/4218 2077/4224/4219
f 2077/4224/4219 2193/4223/4218 2078/4225/4220
f 2078/4225/4220 2193/4223/4218 2194/4226/4221
f 2078/4225/4220 2194/4226/4221 2079/4227/4222
f 2079/4227/4222 2194/4226/4221 2195/4228/4223
f 2079/4227/4222 2195/4228/4223 2080/4229/4224
f 2080/4229/4224 2195/4228/4223 2196/4230/4225
f 2080/4229/4224 2196/4230/4225 2081/4231/4226
f 2081/4231/4226 2196/4230/4225 2197/4232/4227
f 2081/4231/4226 2197/4232/4227 2082/4233/4228
f 2082/4233/4228 2197/4232/4227 2181/4234/4229
f 2082/4233/4228 2181/4234/4229 2083/4235/4230
f 2198/4236/4231 2199/4237/4232 2068/4238/4233
f 2068/4238/4233 2199/4237/4232 2069/4239/4234
f 2069/4239/4234 2199/4237/4232 2200/4240/4235
f 2069/4239/4234 2200/4240/4235 2070/4241/4236
f 2070/4241/4236 2200/4240/4235 2201/4242/4237
f 2070/4241/4236 2201/4242/4237 2071/4243/4238
f 2071/4243/4238 2201/4242/4237 2202/4244/4239
f 2071/4243/4238 2202/4244/4239 2072/4245/4240
f 2072/4245/4240 2202/4244/4239 2203/4246/4241
f 2072/4245/4240 2203/4246/4241 2073/4247/4242
f 2073/4247/4242 2203/4246/4241 2204/4248/4243
f 2073/4247/4242 2204/4248/4243 2074/4249/4244
f 2074/4249/4244 2204/4248/4243 2205/4250/4245
f 2074/4249/4244 2205/4250/4245 2075/4251/4246
f 2075/4251/4246 2205/4250/4245 2206/4252/4247
f 2075/4251/4246 2206/4252/4247 2076/4253/4248
f 2076/4253/4248 2206/4252/4247 2192/4254/4249
f 2076/4253/4248 2192/4254/4249 2077/4255/4250
f 2207/4256/4251 2208/4257/4252 2063/4258/4253
f 2063/4258/4253 2208/4257/4252 2064/4259/4254
f 2064/4259/4254 2208/4257/4252 2209/4260/4255
f 2064/4259/4254 2209/4260/4255 2065/4261/4256
f 2065/4261/4256 2209/4260/4255 2210/4262/4257
f 2065/4261/4256 2210/4262/4257 2066/4263/4258
f 2066/4263/4258 2210/4262/4257 2211/4264/4259
f 2066/4263/4258 2211/4264/4259 2067/4265/4260
f 2067/4265/4260 2211/4264/4259 2198/4266/4261
f 2067/4265/4260 2198/4266/4261 2068/4267/4262
f 2212/4268/4263 2213/4269/4264 2048/4270/4265
f 2048/4270/4265 2213/4269/4264 2049/4271/4266
f 2049/4271/4266 2213/4269/4264 2214/4272/4267
f 2049/4271/4266 2214/4272/4267 2050/4273/4268
f 2050/4273/4268 2214/4272/4267 2215/4274/4269
f 2050/4273/4268 2215/4274/4269 2051/4275/4270
f 2051/4275/4270 2215/4274/4269 2216/4276/4271
f 2051/4275/4270 2216/4276/4271 2052/4277/4272
f 2052/4277/4272 2216/4276/4271 2217/4278/4273
f 2052/4277/4272 2217/4278/4273 2053/4279/4274
f 2053/4279/4274 2217/4278/4273 2218/4280/4275
f 2053/4279/4274 2218/4280/4275 2054/4281/4276
f 2054/4281/4276 2218/4280/4275 2219/4282/4277
f 2054/4281/4276 2219/4282/4277 2055/4283/4278
f 2055/4283/4278 2219/4282/4277 2220/4284/4279
f 2055/4283/4278 2220/4284/4279 2056/4285/4280
f 2056/4285/4280 2220/4284/4279 2221/4286/4281
f 2056/4285/4280 2221/4286/4281 2057/4287/4282
f 2057/4287/4282 2221/4286/4281 2222/4288/4283
f 2057/4287/4282 2222/4288/4283 2058/4289/4284
f 2058/4289/4284 2222/4288/4283 2223/4290/4285
f 2058/4289/4284 2223/4290/4285 2059/4291/4286
f 2059/4291/4286 2223/4290/4285 2224/4292/4287
f 2059/4291/4286 2224/4292/4287 2060/4293/4288
f 2060/4293/4288 2224/4292/4287 2225/4294/4289
f 2060/4293/4288 2225/4294/4289 2061/4295/4290
f 2061/4295/4290 2225/4294/4289 2226/4296/4291
f 2061/4295/4290 2226/4296/4291 2062/4297/4292
f 2062/4297/4292 2226/4296/4291 2207/4298/4293
f 2062/4297/4292 2207/4298/4293 2063/4299/4294
f 2227/4300/4295 2212/4301/4296 2047/4302/4297
f 2047/4302/4297 2212/4301/4296 2048/4303/4298
f 2228/4304/4299 2229/4305/4300 2038/4306/4301
f 2038/4306/4301 2229/4305/4300 2039/4307/4302
f 2039/4307/4302 2229/4305/4300 2230/4308/4303
f 2039/4307/4302 2230/4308/4303 2040/4309/4304
f 2040/4309/4304 2230/4308/4303 2231/4310/4305
f 2040/4309/4304 2231/4310/4305 2041/4311/4306
f 2041/4311/4306 2231/4310/4305 2232/4312/4307
f 2041/4311/4306 2232/4312/4307 2042/4313/4308
f 2042/4313/4308 2232/4312/4307 2233/4314/4309
f 2042/4313/4308 2233/4314/4309 2043/4315/4310
f 2043/4315/4310 2233/4314/4309 2234/4316/4311
f 2043/4315/4310 2234/4316/4311 2044/4317/4312
f 2044/4317/4312 2234/4316/4311 2235/4318/4313
f 2044/4317/4312 2235/4318/4313 2045/4319/4314
f 2045/4319/4314 2235/4318/4313 2236/4320/4315
f 2045/4319/4314 2236/4320/4315 2046/4321/4316
f 2046/4321/4316 2236/4320/4315 2227/4322/4317
f 2046/4321/4316 2227/4322/4317 2047/4323/4318
f 2237/4324/4319 2238/4325/4320 2032/4326/4321
f 2032/4326/4321 2238/4325/4320 2033/4327/4322
f 2033/4327/4322 2238/4325/4320 2239/4328/4323
f 2033/4327/4322 2239/4328/4323 2034/4329/4324
f 2034/4329/4324 2239/4328/4323 2240/4330/4325
f 2034/4329/4324 2240/4330/4325 2035/4331/4326
f 2035/4331/4326 2240/4330/4325 2241/4332/4327
f 2035/4331/4326 2241/4332/4327 2036/4333/4328
f 2036/4333/4328 2241/4332/4327 2242/4334/4329
f 2036/4333/4328 2242/4334/4329 2037/4335/4330
f 2037/4335/4330 2242/4334/4329 2228/4336/4331
f 2037/4335/4330 2228/4336/4331 2038/4337/4332
f 2243/4338/4333 2244/4339/4334 2026/4340/4335
f 2026/4340/4335 2244/4339/4334 2027/4341/4336
f 2027/4341/4336 2244/4339/4334 2245/4342/4337
f 2027/4341/4336 2245/4342/4337 2028/4343/4338
f 2028/4343/4338 2245/4342/4337 2246/4344/4339
f 2028/4343/4338 2246/4344/4339 2029/4345/4340
f 2029/4345/4340 2246/4344/4339 2247/4346/4341
f 2029/4345/4340 2247/4346/4341 2030/4347/4342
f 2030/4347/4342 2247/4346/4341 2248/4348/4343
f 2030/4347/4342 2248/4348/4343 2031/4349/4344
f 2031/4349/4344 2248/4348/4343 2237/4350/4345
f 2031/4349/4344 2237/4350/4345 2032/4351/4346
f 2249/4352/4347 2250/4353/4348 2020/4354/4349
f 2020/4354/4349 2250/4353/4348 2021/4355/4350
f 2021/4355/4350 2250/4353/4348 2251/4356/4351
f 2021/4355/4350 2251/4356/4351 2022/4357/4352
f 2022/4357/4352 2251/4356/4351 2252/4358/4353
f 2022/4357/4352 2252/4358/4353 2023/4359/4354
f 2023/4359/4354 2252/4358/4353 2253/4360/4355
f 2023/4359/4354 2253/4360/4355 2024/4361/4356
f 2024/4361/4356 2253/4360/4355 2254/4362/4357
f 2024/4361/4356 2254/4362/4357 2025/4363/4358
f 2025/4363/4358 2254/4362/4357 2243/4364/4359
f 2025/4363/4358 2243/4364/4359 2026/4365/4360
f 2255/4366/4361 2256/4367/4362 2011/4368/4363
f 2011/4368/4363 2256/4367/4362 2012/4369/4364
f 2012/4369/4364 2256/4367/4362 2257/4370/4365
f 2012/4369/4364 2257/4370/4365 2013/4371/4366
f 2013/4371/4366 2257/4370/4365 2258/4372/4367
f 2013/4371/4366 2258/4372/4367 2014/4373/4368
f 2014/4373/4368 2258/4372/4367 2259/4374/4369
f 2014/4373/4368 2259/4374/4369 2015/4375/4370
f 2015/4375/4370 2259/4374/4369 2260/4376/4371
f 2015/4375/4370 2260/4376/4371 2016/4377/4372
f 2016/4377/4372 2260/4376/4371 2261/4378/4373
f 2016/4377/4372 2261/4378/4373 2017/4379/4374
f 2017/4379/4374 2261/4378/4373 2262/4380/4375
f 2017/4379/4374 2262/4380/4375 2018/4381/4376
f 2018/4381/4376 2262/4380/4375 2263/4382/4377
f 2018/4381/4376 2263/4382/4377 2019/4383/4378
f 2019/4383/4378 2263/4382/4377 2249/4384/4379
f 2019/4383/4378 2249/4384/4379 2020/4385/4380
f 2264/4386/4381 2265/4387/4382 2002/4388/4383
f 2002/4388/4383 2265/4387/4382 2003/4389/4384
f 2003/4389/4384 2265/4387/4382 2266/4390/4385
f 2003/4389/4384 2266/4390/4385 2004/4391/4386
f 2004/4391/4386 2266/4390/4385 2267/4392/4387
f 2004/4391/4386 2267/4392/4387 2005/4393/4388
f 2005/4393/4388 2267/4392/4387 2268/4394/4389
f 2005/4393/4388 2268/4394/4389 2006/4395/4390
f 2006/4395/4390 2268/4394/4389 2269/4396/4391
f 2006/4395/4390 2269/4396/4391 2007/4397/4392
f 2007/4397/4392 2269/4396/4391 2270/4398/4393
f 2007/4397/4392 2270/4398/4393 2008/4399/4394
f 2008/4399/4394 2270/4398/4393 2271/4400/4395
f 2008/4399/4394 2271/4400/4395 2009/4401/4396
f 2009/4401/4396 2271/4400/4395 2272/4402/4397
f 2009/4401/4396 2272/4402/4397 2010/4403/4398
f 2010/4403/4398 2272/4402/4397 2255/4404/4399
f 2010/4403/4398 2255/4404/4399 2011/4405/4400
f 2273/4406/4401 2274/4407/4402 1989/4408/4403
f 1989/4408/4403 2274/4407/4402 1990/4409/4404
f 1990/4409/4404 2274/4407/4402 2275/4410/4405
f 1990/4409/4404 2275/4410/4405 1991/4411/4406
f 1991/4411/4406 2275/4410/4405 2276/4412/4407
f 1991/4411/4406 2276/4412/4407 1992/4413/4408
f 1992/4413/4408 2276/4412/4407 2277/4414/4409
f 1992/4413/4408 2277/4414/4409 1993/4415/4410
f 1993/4415/4410 2277/4414/4409 2278/4416/4411
f 1993/4415/4410 2278/4416/4411 1994/4417/4412
f 1994/4417/4412 2278/4416/4411 2279/4418/4413
f 1994/4417/4412 2279/4418/4413 1995/4419/4414
f 1995/4419/4414 2279/4418/4413 2280/4420/4415
f 1995/4419/4414 2280/4420/4415 1996/4421/4416
f 1996/4421/4416 2280/4420/4415 2281/4422/4417
f 1996/4421/4416 2281/4422/4417 1997/4423/4418
f 1997/4423/4418 2281/4422/4417 2282/4424/4419
f 1997/4423/4418 2282/4424/4419 1998/4425/4420
f 1998/4425/4420 2282/4424/4419 2283/4426/4421
f 1998/4425/4420 2283/4426/4421 1999/4427/4422
f 1999/4427/4422 2283/4426/4421 2284/4428/4423
f 1999/4427/4422 2284/4428/4423 2000/4429/4424
f 2000/4429/4424 2284/4428/4423 2285/4430/4425
f 2000/4429/4424 2285/4430/4425 2001/4431/4426
f 2001/4431/4426 2285/4430/4425 2264/4432/4427
f 2001/4431/4426 2264/4432/4427 2002/4433/4428
f 2286/4434/4429 2287/4435/4430 1973/4436/4431
f 1973/4436/4431 2287/4435/4430 1974/4437/4432
f 1974/4437/4432 2287/4435/4430 2288/4438/4433
f 1974/4437/4432 2288/4438/4433 1975/4439/4434
f 1975/4439/4434 2288/4438/4433 2289/4440/4435
f 1975/4439/4434 2289/4440/4435 1976/4441/4436
f 1976/4441/4436 2289/4440/4435 2290/4442/4437
f 1976/4441/4436 2290/4442/4437 1977/4443/4438
f 1977/4443/4438 2290/4442/4437 2291/4444/4439
f 1977/4443/4438 2291/4444/4439 1978/4445/4440
f 1978/4445/4440 2291/4444/4439 2292/4446/4441
f 1978/4445/4440 2292/4446/4441 1979/4447/4442
f 1979/4447/4442 2292/4446/4441 2293/4448/4443
f 1979/4447/4442 2293/4448/4443 1980/4449/4444
f 1980/4449/4444 2293/4448/4443 2294/4450/4445
f 1980/4449/4444 2294/4450/4445 1981/4451/4446
f 1981/4451/4446 2294/4450/4445 2295/4452/4447
f 1981/4451/4446 2295/4452/4447 1982/4453/4448
f 1982/4453/4448 2295/4452/4447 2296/4454/4449
f 1982/4453/4448 2296/4454/4449 1983/4455/4450
f 1983/4455/4450 2296/4454/4449 2297/4456/4451
f 1983/4455/4450 2297/4456/4451 1984/4457/4452
f 1984/4457/4452 2297/4456/4451 2298/4458/4453
f 1984/4457/4452 2298/4458/4453 1985/4459/4454
f 1985/4459/4454 2298/4458/4453 2299/4460/4455
f 1985/4459/4454 2299/4460/4455 1986/4461/4456
f 1986/4461/4456 2299/4460/4455 2300/4462/4457
f 1986/4461/4456 2300/4462/4457 1987/4463/4458
f 1987/4463/4458 2300/4462/4457 2301/4464/4459
f 1987/4463/4458 2301/4464/4459 1988/4465/4460
f 1988/4465/4460 2301/4464/4459 2273/4466/4461
f 1988/4465/4460 2273/4466/4461 1989/4467/4462
f 2302/4468/4463 2303/4469/4464 1965/4470/4465
f 1965/4470/4465 2303/4469/4464 1966/4471/4466
f 1966/4471/4466 2303/4469/4464 2304/4472/4467
f 1966/4471/4466 2304/4472/4467 1967/4473/4468
f 1967/4473/4468 2304/4472/4467 2305/4474/4469
f 1967/4473/4468 2305/4474/4469 1968/4475/4470
f 1968/4475/4470 2305/4474/4469 2306/4476/4471
f 1968/4475/4470 2306/4476/4471 1969/4477/4472
f 1969/4477/4472 2306/4476/4471 2307/4478/4473
f 1969/4477/4472 2307/4478/4473 1970/4479/4474
f 1970/4479/4474 2307/4478/4473 2308/4480/4475
f 1970/4479/4474 2308/4480/4475 1971/4481/4476
f 1971/4481/4476 2308/4480/4475 2309/4482/4477
f 1971/4481/4476 2309/4482/4477 1972/4483/4478
f 1972/4483/4478 2309/4482/4477 2286/4484/4479
f 1972/4483/4478 2286/4484/4479 1973/4485/4480
f 2310/4486/4481 2311/4487/4482 1961/4488/4483
f 1961/4488/4483 2311/4487/4482 1962/4489/4484
f 1962/4489/4484 2311/4487/4482 2312/4490/4485
f 1962/4489/4484 2312/4490/4485 1963/4491/4486
f 1963/4491/4486 2312/4490/4485 2313/4492/4487
f 1963/4491/4486 2313/4492/4487 1964/4493/4488
f 1964/4493/4488 2313/4492/4487 2302/4494/4489
f 1964/4493/4488 2302/4494/4489 1965/4495/4490
f 2314/4496/4491 2315/4497/4492 1954/4498/4493
f 1954/4498/4493 2315/4497/4492 1955/4499/4494
f 1955/4499/4494 2315/4497/4492 2316/4500/4495
f 1955/4499/4494 2316/4500/4495 1956/4501/4496
f 1956/4501/4496 2316/4500/4495 2317/4502/4497
f 1956/4501/4496 2317/4502/4497 1957/4503/4498
f 1957/4503/4498 2317/4502/4497 2318/4504/4499
f 1957/4503/4498 2318/4504/4499 1958/4505/4500
f 1958/4505/4500 2318/4504/4499 2319/4506/4501
f 1958/4505/4500 2319/4506/4501 1959/4507/4502
f 1959/4507/4502 2319/4506/4501 2320/4508/4503
f 1959/4507/4502 2320/4508/4503 1960/4509/4504
f 1960/4509/4504 2320/4508/4503 2310/4510/4505
f 1960/4509/4504 2310/4510/4505 1961/4511/4506
f 2321/4512/4507 2322/4513/4508 1947/4514/4509
f 1947/4514/4509 2322/4513/4508 1948/4515/4510
f 1948/4515/4510 2322/4513/4508 2323/4516/4511
f 1948/4515/4510 2323/4516/4511 1949/4517/4512
f 1949/4517/4512 2323/4516/4511 2324/4518/4513
f 1949/4517/4512 2324/4518/4513 1950/4519/4514
f 1950/4519/4514 2324/4518/4513 2325/4520/4515
f 1950/4519/4514 2325/4520/4515 1951/4521/4516
f 1951/4521/4516 2325/4520/4515 2326/4522/4517
f 1951/4521/4516 2326/4522/4517 1952/4523/4518
f 1952/4523/4518 2326/4522/4517 2327/4524/4519
f 1952/4523/4518 2327/4524/4519 1953/4525/4520
f 1953/4525/4520 2327/4524/4519 2314/4526/4521
f 1953/4525/4520 2314/4526/4521 1954/4527/4522
f 2328/4528/4523 2329/4529/4524 1941/4530/4525
f 1941/4530/4525 2329/4529/4524 1942/4531/4526
f 1942/4531/4526 2329/4529/4524 2330/4532/4527
f 1942/4531/4526 2330/4532/4527 1943/4533/4528
f 1943/4533/4528 2330/4532/4527 2331/4534/4529
f 1943/4533/4528 2331/4534/4529 1944/4535/4530
f 1944/4535/4530 2331/4534/4529 2332/4536/4531
f 1944/4535/4530 2332/4536/4531 1945/4537/4532
f 1945/4537/4532 2332/4536/4531 2333/4538/4533
f 1945/4537/4532 2333/4538/4533 1946/4539/4534
f 1946/4539/4534 2333/4538/4533 2321/4540/4535
f 1946/4539/4534 2321/4540/4535 1947/4541/4536
f 2334/4542/4537 2335/4543/4538 1933/4544/4539
f 1933/4544/4539 2335/4543/4538 1934/4545/4540
f 1934/4545/4540 2335/4543/4538 2336/4546/4541
f 1934/4545/4540 2336/4546/4541 1935/4547/4542
f 1935/4547/4542 2336/4546/4541 2337/4548/4543
f 1935/4547/4542 2337/4548/4543 1936/4549/4544
f 1936/4549/4544 2337/4548/4543 2338/4550/4545
f 1936/4549/4544 2338/4550/4545 1937/4551/4546
f 1937/4551/4546 2338/4550/4545 2339/4552/4547
f 1937/4551/4546 2339/4552/4547 1938/4553/4548
f 1938/4553/4548 2339/4552/4547 2340/4554/4549
f 1938/4553/4548 2340/4554/4549 1939/4555/4550
f 1939/4555/4550 2340/4554/4549 2341/4556/4551
f 1939/4555/4550 2341/4556/4551 1940/4557/4552
f 1940/4557/4552 2341/4556/4551 2328/4558/4553
f 1940/4557/4552 2328/4558/4553 1941/4559/4554
f 2342/4560/4555 2334/4561/4556 1932/4562/4557
f 1932/4562/4557 2334/4561/4556 1933/4563/4558
f 2343/4564/4559 2344/4565/4560 1926/4566/4561
f 1926/4566/4561 2344/4565/4560 1927/4567/4562
f 1927/4567/4562 2344/4565/4560 2345/4568/4563
f 1927/4567/4562 2345/4568/4563 1928/4569/4564
f 1928/4569/4564 2345/4568/4563 2346/4570/4565
f 1928/4569/4564 2346/4570/4565 1929/4571/4566
f 1929/4571/4566 2346/4570/4565 2347/4572/4567
f 1929/4571/4566 2347/4572/4567 1930/4573/4568
f 1930/4573/4568 2347/4572/4567 2348/4574/4569
f 1930/4573/4568 2348/4574/4569 1931/4575/4570
f 1931/4575/4570 2348/4574/4569 2342/4576/4571
f 1931/4575/4570 2342/4576/4571 1932/4577/4572
f 2349/4578/4573 2350/4579/4574 1919/4580/4575
f 1919/4580/4575 2350/4579/4574 1920/4581/4576
f 1920/4581/4576 2350/4579/4574 2351/4582/4577
f 1920/4581/4576 2351/4582/4577 1921/4583/4578
f 1921/4583/4578 2351/4582/4577 2352/4584/4579
f 1921/4583/4578 2352/4584/4579 1922/4585/4580
f 1922/4585/4580 2352/4584/4579 2353/4586/4581
f 1922/4585/4580 2353/4586/4581 1923/4587/4582
f 1923/4587/4582 2353/4586/4581 2354/4588/4583
f 1923/4587/4582 2354/4588/4583 1924/4589/4584
f 1924/4589/4584 2354/4588/4583 2355/4590/4585
f 1924/4589/4584 2355/4590/4585 1925/4591/4586
f 1925/4591/4586 2355/4590/4585 2343/4592/4587
f 1925/4591/4586 2343/4592/4587 1926/4593/4588
f 2356/4594/4589 2349/4595/4590 1918/4596/4591
f 1918/4596/4591 2349/4595/4590 1919/4597/4592
f 2357/4598/4593 2358/4599/4594 1912/4600/4595
f 1912/4600/4595 2358/4599/4594 1913/4601/4596
f 1913/4601/4596 2358/4599/4594 2359/4602/4597
f 1913/4601/4596 2359/4602/4597 1914/4603/4598
f 1914/4603/4598 2359/4602/4597 2360/4604/4599
f 1914/4603/4598 2360/4604/4599 1915/4605/4600
f 1915/4605/4600 2360/4604/4599 2361/4606/4601
f 1915/4605/4600 2361/4606/4601 1916/4607/4602
f 1916/4607/4602 2361/4606/4601 2362/4608/4603
f 1916/4607/4602 2362/4608/4603 1917/4609/4604
f 1917/4609/4604 2362/4608/4603 2356/4610/4605
f 1917/4609/4604 2356/4610/4605 1918/4611/4606
f 2363/4612/4607 2364/4613/4608 1905/4614/4609
f 1905/4614/4609 2364/4613/4608 1906/4615/4610
f 1906/4615/4610 2364/4613/4608 2365/4616/4611
f 1906/4615/4610 2365/4616/4611 1907/4617/4612
f 1907/4617/4612 2365/4616/4611 2366/4618/4613
f 1907/4617/4612 2366/4618/4613 1908/4619/4614
f 1908/4619/4614 2366/4618/4613 2367/4620/4615
f 1908/4619/4614 2367/4620/4615 1909/4621/4616
f 1909/4621/4616 2367/4620/4615 2368/4622/4617
f 1909/4621/4616 2368/4622/4617 1910/4623/4618
f 1910/4623/4618 2368/4622/4617 2369/4624/4619
f 1910/4623/4618 2369/4624/4619 1911/4625/4620
f 1911/4625/4620 2369/4624/4619 2357/4626/4621
f 1911/4625/4620 2357/4626/4621 1912/4627/4622
f 2370/4628/4623 2371/4629/4624 1895/4630/4625
f 1895/4630/4625 2371/4629/4624 1896/4631/4626
f 1896/4631/4626 2371/4629/4624 2372/4632/4627
f 1896/4631/4626 2372/4632/4627 1897/4633/4628
f 1897/4633/4628 2372/4632/4627 2373/4634/4629
f 1897/4633/4628 2373/4634/4629 1898/4635/4630
f 1898/4635/4630 2373/4634/4629 2374/4636/4631
f 1898/4635/4630 2374/4636/4631 1899/4637/4632
f 1899/4637/4632 2374/4636/4631 2375/4638/4633
f 1899/4637/4632 2375/4638/4633 1900/4639/4634
f 1900/4639/4634 2375/4638/4633 2376/4640/4635
f 1900/4639/4634 2376/4640/4635 1901/4641/4636
f 1901/4641/4636 2376/4640/4635 2377/4642/4637
f 1901/4641/4636 2377/4642/4637 1902/4643/4638
f 1902/4643/4638 2377/4642/4637 2378/4644/4639
f 1902/4643/4638 2378/4644/4639 1903/4645/4640
f 1903/4645/4640 2378/4644/4639 2379/4646/4641
f 1903/4645/4640 2379/4646/4641 1904/4647/4642
f 1904/4647/4642 2379/4646/4641 2363/4648/4643
f 1904/4647/4642 2363/4648/4643 1905/4649/4644
f 2380/4650/4645 2381/4651/4646 1887/4652/4647
f 1887/4652/4647 2381/4651/4646 1888/4653/4648
f 1888/4653/4648 2381/4651/4646 2382/4654/4649
f 1888/4653/4648 2382/4654/4649 1889/4655/4650
f 1889/4655/4650 2382/4654/4649 2383/4656/4651
f 1889/4655/4650 2383/4656/4651 1890/4657/4652
f 1890/4657/4652 2383/4656/4651 2384/4658/4653
f 1890/4657/4652 2384/4658/4653 1891/4659/4654
f 1891/4659/4654 2384/4658/4653 2385/4660/4655
f 1891/4659/4654 2385/4660/4655 1892/4661/4656
f 1892/4661/4656 2385/4660/4655 2386/4662/4657
f 1892/4661/4656 2386/4662/4657 1893/4663/4658
f 1893/4663/4658 2386/4662/4657 2387/4664/4659
f 1893/4663/4658 2387/4664/4659 1894/4665/4660
f 1894/4665/4660 2387/4664/4659 2370/4666/4661
f 1894/4665/4660 2370/4666/4661 1895/4667/4662
f 2388/4668/4663 2389/4669/4664 1876/4670/4665
f 1876/4670/4665 2389/4669/4664 1877/4671/4666
f 1877/4671/4666 2389/4669/4664 2390/4672/4667
f 1877/4671/4666 2390/4672/4667 1878/4673/4668
f 1878/4673/4668 2390/4672/4667 2391/4674/4669
f 1878/4673/4668 2391/4674/4669 1879/4675/4670
f 1879/4675/4670 2391/4674/4669 2392/4676/4671
f 1879/4675/4670 2392/4676/4671 1880/4677/4672
f 1880/4677/4672 2392/4676/4671 2393/4678/4673
f 1880/4677/4672 2393/4678/4673 1881/4679/4674
f 1881/4679/4674 2393/4678/4673 2394/4680/4675
f 1881/4679/4674 2394/4680/4675 1882/4681/4676
f 1882/4681/4676 2394/4680/4675 2395/4682/4677
f 1882/4681/4676 2395/4682/4677 1883/4683/4678
f 1883/4683/4678 2395/4682/4677 2396/4684/4679
f 1883/4683/4678 2396/4684/4679 1884/4685/4680
f 1884/4685/4680 2396/4684/4679 2397/4686/4681
f 1884/4685/4680 2397/4686/4681 1885/4687/4682
f 1885/4687/4682 2397/4686/4681 2398/4688/4683
f 1885/4687/4682 2398/4688/4683 1886/4689/4684
f 1886/4689/4684 2398/4688/4683 2380/4690/4685
f 1886/4689/4684 2380/4690/4685 1887/4691/4686
f 2399/4692/4687 2400/4693/4688 1863/4694/4689
f 1863/4694/4689 2400/4693/4688 1864/4695/4690
f 1864/4695/4690 2400/4693/4688 2401/4696/4691
f 1864/4695/4690 2401/4696/4691 1865/4697/4692
f 1865/4697/4692 2401/4696/4691 2402/4698/4693
f 1865/4697/4692 2402/4698/4693 1866/4699/4694
f 1866/4699/4694 2402/4698/4693 2403/4700/4695
f 1866/4699/4694 2403/4700/4695 1867/4701/4696
f 1867/4701/4696 2403/4700/4695 2404/4702/4697
f 1867/4701/4696 2404/4702/4697 1868/4703/4698
f 1868/4703/4698 2404/4702/4697 2405/4704/4699
f 1868/4703/4698 2405/4704/4699 1869/4705/4700
f 1869/4705/4700 2405/4704/4699 2406/4706/4701
f 1869/4705/4700 2406/4706/4701 1870/4707/4702
f 1870/4707/4702 2406/4706/4701 2407/4708/4703
f 1870/4707/4702 2407/4708/4703 1871/4709/4704
f 1871/4709/4704 2407/4708/4703 2408/4710/4705
f 1871/4709/4704 2408/4710/4705 1872/4711/4706
f 1872/4711/4706 2408/4710/4705 2409/4712/4707
f 1872/4711/4706 2409/4712/4707 1873/4713/4708
f 1873/4713/4708 2409/4712/4707 2410/4714/4709
f 1873/4713/4708 2410/4714/4709 1874/4715/4710
f 1874/4715/4710 2410/4714/4709 2411/4716/4711
f 1874/4715/4710 2411/4716/4711 1875/4717/4712
f 1875/4717/4712 2411/4716/4711 2388/4718/4713
f 1875/4717/4712 2388/4718/4713 1876/4719/4714
f 2412/4720/4715 2413/4721/4716 1852/4722/4717
f 1852/4722/4717 2413/4721/4716 1853/4723/4718
f 1853/4723/4718 2413/4721/4716 2414/4724/4719
f 1853/4723/4718 2414/4724/4719 1854/4725/4720
f 1854/4725/4720 2414/4724/4719 2415/4726/4721
f 1854/4725/4720 2415/4726/4721 1855/4727/4722
f 1855/4727/4722 2415/4726/4721 2416/4728/4723
f 1855/4727/4722 2416/4728/4723 1856/4729/4724
f 1856/4729/4724 2416/4728/4723 2417/4730/4725
f 1856/4729/4724 2417/4730/4725 1857/4731/4726
f 1857/4731/4726 2417/4730/4725 2418/4732/4727
f 1857/4731/4726 2418/4732/4727 1858/4733/4728
f 1858/4733/4728 2418/4732/4727 2419/4734/4729
f 1858/4733/4728 2419/4734/4729 1859/4735/4730
f 1859/4735/4730 2419/4734/4729 2420/4736/4731
f 1859/4735/4730 2420/4736/4731 1860/4737/4732
f 1860/4737/4732 2420/4736/4731 2421/4738/4733
f 1860/4737/4732 2421/4738/4733 1861/4739/4734
f 1861/4739/4734 2421/4738/4733 2422/4740/4735
f 1861/4739/4734 2422/4740/4735 1862/4741/4736
f 1862/4741/4736 2422/4740/4735 2399/4742/4737
f 1862/4741/4736 2399/4742/4737 1863/4743/4738
f 2423/4744/4739 2424/4745/4740 1844/4746/4741
f 1844/4746/4741 2424/4745/4740 1845/4747/4742
f 1845/4747/4742 2424/4745/4740 2425/4748/4743
f 1845/4747/4742 2425/4748/4743 1846/4749/4744
f 1846/4749/4744 2425/4748/4743 2426/4750/4745
f 1846/4749/4744 2426/4750/4745 1847/4751/4746
f 1847/4751/4746 2426/4750/4745 2427/4752/4747
f 1847/4751/4746 2427/4752/4747 1848/4753/4748
f 1848/4753/4748 2427/4752/4747 2428/4754/4749
f 1848/4753/4748 2428/4754/4749 1849/4755/4750
f 1849/4755/4750 2428/4754/4749 2429/4756/4751
f 1849/4755/4750 2429/4756/4751 1850/4757/4752
f 1850/4757/4752 2429/4756/4751 2430/4758/4753
f 1850/4757/4752 2430/4758/4753 1851/4759/4754
f 1851/4759/4754 2430/4758/4753 2412/4760/4755
f 1851/4759/4754 2412/4760/4755 1852/4761/4756
f 2431/4762/4757 2432/4763/4758 1835/4764/4759
f 1835/4764/4759 2432/4763/4758 1836/4765/4760
f 1836/4765/4760 2432/4763/4758 2433/4766/4761
f 1836/4765/4760 2433/4766/4761 1837/4767/4762
f 1837/4767/4762 2433/4766/4761 2434/4768/4763
f 1837/4767/4762 2434/4768/4763 1838/4769/4764
f 1838/4769/4764 2434/4768/4763 2435/4770/4765
f 1838/4769/4764 2435/4770/4765 1839/4771/4766
f 1839/4771/4766 2435/4770/4765 2436/4772/4767
f 1839/4771/4766 2436/4772/4767 1840/4773/4768
f 1840/4773/4768 2436/4772/4767 2437/4774/4769
f 1840/4773/4768 2437/4774/4769 1841/4775/4770
f 1841/4775/4770 2437/4774/4769 2438/4776/4771
f 1841/4775/4770 2438/4776/4771 1842/4777/4772
f 1842/4777/4772 2438/4776/4771 2439/4778/4773
f 1842/4777/4772 2439/4778/4773 1843/4779/4774
f 1843/4779/4774 2439/4778/4773 2423/4780/4775
f 1843/4779/4774 2423/4780/4775 1844/4781/4776
f 2440/4782/4777 2441/4783/4778 1826/4784/4779
f 1826/4784/4779 2441/4783/4778 1827/4785/4780
f 1827/4785/4780 2441/4783/4778 2442/4786/4781
f 1827/4785/4780 2442/4786/4781 1828/4787/4782
f 1828/4787/4782 2442/4786/4781 2443/4788/4783
f 1828/4787/4782 2443/4788/4783 1829/4789/4784
f 1829/4789/4784 2443/4788/4783 2444/4790/4785
f 1829/4789/4784 2444/4790/4785 1830/4791/4786
f 1830/4791/4786 2444/4790/4785 2445/4792/4787
f 1830/4791/4786 2445/4792/4787 1831/4793/4788
f 1831/4793/4788 2445/4792/4787 2446/4794/4789
f 1831/4793/4788 2446/4794/4789 1832/4795/4790
f 1832/4795/4790 2446/4794/4789 2447/4796/4791
f 1832/4795/4790 2447/4796/4791 1833/4797/4792
f 1833/4797/4792 2447/4796/4791 2448/4798/4793
f 1833/4797/4792 2448/4798/4793 1834/4799/4794
f 1834/4799/4794 2448/4798/4793 2431/4800/4795
f 1834/4799/4794 2431/4800/4795 1835/4801/4796
f 2449/4802/4797 2450/4803/4798 1817/4804/4799
f 1817/4804/4799 2450/4803/4798 1818/4805/4800
f 1818/4805/4800 2450/4803/4798 2451/4806/4801
f 1818/4805/4800 2451/4806/4801 1819/4807/4802
f 1819/4807/4802 2451/4806/4801 2452/4808/4803
f 1819/4807/4802 2452/4808/4803 1820/4809/4804
f 1820/4809/4804 2452/4808/4803 2453/4810/4805
f 1820/4809/4804 2453/4810/4805 1821/4811/4806
f 1821/4811/4806 2453/4810/4805 2454/4812/4807
f 1821/4811/4806 2454/4812/4807 1822/4813/4808
f 1822/4813/4808 2454/4812/4807 2455/4814/4809
f 1822/4813/4808 2455/4814/4809 1823/4815/4810
f 1823/4815/4810 2455/4814/4809 2456/4816/4811
f 1823/4815/4810 2456/4816/4811 1824/4817/4812
f 1824/4817/4812 2456/4816/4811 2457/4818/4813
f 1824/4817/4812 2457/4818/4813 1825/4819/4814
f 1825/4819/4814 2457/4818/4813 2440/4820/4815
f 1825/4819/4814 2440/4820/4815 1826/4821/4816
f 2145/4822/4817 2458/4823/4818 1811/4824/4819
f 1811/4824/4819 2458/4823/4818 1812/4825/4820
f 1812/4825/4820 2458/4823/4818 2459/4826/4821
f 1812/4825/4820 2459/4826/4821 1813/4827/4822
f 1813/4827/4822 2459/4826/4821 2460/4828/4823
f 1813/4827/4822 2460/4828/4823 1814/4829/4824
f 1814/4829/4824 2460/4828/4823 2461/4830/4825
f 1814/4829/4824 2461/4830/4825 1815/4831/4826
f 1815/4831/4826 2461/4830/4825 2462/4832/4827
f 1815/4831/4826 2462/4832/4827 1816/4833/4828
f 1816/4833/4828 2462/4832/4827 2449/4834/4829
f 1816/4833/4828 2449/4834/4829 1817/4835/4830
f 2462/4836/4831 2460/4837/4832 2449/4838/4833
f 2449/4838/4833 2460/4837/4832 2459/4839/4834
f 2449/4838/4833 2459/4839/4834 2458/4840/4835
f 2462/4836/4831 2461/4841/4836 2460/4837/4832
f 2458/4840/4835 2145/4842/4837 2449/4838/4833
f 2449/4838/4833 2145/4842/4837 2380/4843/4838
f 2449/4838/4833 2380/4843/4838 2388/4844/4839
f 2388/4844/4839 2380/4843/4838 2398/4845/4840
f 2388/4844/4839 2398/4845/4840 2397/4846/4841
f 2144/4847/4842 2142/4848/4843 2145/4842/4837
f 2145/4842/4837 2142/4848/4843 2141/4849/4844
f 2145/4842/4837 2141/4849/4844 2140/4850/4845
f 2144/4847/4842 2143/4851/4846 2142/4848/4843
f 2140/4850/4845 2139/4852/4847 2145/4842/4837
f 2145/4842/4837 2139/4852/4847 2138/4853/4848
f 2145/4842/4837 2138/4853/4848 2137/4854/4849
f 2153/4855/4850 2146/4856/4851 2137/4854/4849
f 2137/4854/4849 2146/4856/4851 2177/4857/4852
f 2137/4854/4849 2177/4857/4852 2181/4858/4853
f 2181/4858/4853 2177/4857/4852 2191/4859/4854
f 2181/4858/4853 2191/4859/4854 2190/4860/4855
f 2146/4856/4851 2153/4855/4850 2147/4861/4856
f 2147/4861/4856 2153/4855/4850 2152/4862/4857
f 2147/4861/4856 2152/4862/4857 2148/4863/4858
f 2148/4863/4858 2152/4862/4857 2149/4864/4859
f 2149/4864/4859 2152/4862/4857 2151/4865/4860
f 2149/4864/4859 2151/4865/4860 2150/4866/4861
f 2154/4867/4862 2155/4868/4863 2146/4856/4851
f 2146/4856/4851 2155/4868/4863 2168/4869/4864
f 2146/4856/4851 2168/4869/4864 2167/4870/4865
f 2154/4867/4862 2165/4871/4866 2155/4868/4863
f 2155/4868/4863 2165/4871/4866 2164/4872/4867
f 2155/4868/4863 2164/4872/4867 2156/4873/4868
f 2156/4873/4868 2164/4872/4867 2163/4874/4869
f 2156/4873/4868 2163/4874/4869 2162/4875/4870
f 2156/4873/4868 2162/4875/4870 2157/4876/4871
f 2157/4876/4871 2162/4875/4870 2161/4877/4872
f 2157/4876/4871 2161/4877/4872 2160/4878/4873
f 2159/4879/4874 2158/4880/4875 2160/4878/4873
f 2160/4878/4873 2158/4880/4875 2157/4876/4871
f 2155/4868/4863 2169/4881/4876 2168/4869/4864
f 2167/4870/4865 2166/4882/4877 2146/4856/4851
f 2146/4856/4851 2166/4882/4877 2170/4883/4878
f 2146/4856/4851 2170/4883/4878 2180/4884/4879
f 2176/4885/4880 2175/4886/4881 2166/4882/4877
f 2166/4882/4877 2175/4886/4881 2174/4887/4882
f 2166/4882/4877 2174/4887/4882 2173/4888/4883
f 2173/4888/4883 2172/4889/4884 2166/4882/4877
f 2166/4882/4877 2172/4889/4884 2171/4890/4885
f 2166/4882/4877 2171/4890/4885 2170/4883/4878
f 2180/4884/4879 2179/4891/4886 2146/4856/4851
f 2146/4856/4851 2179/4891/4886 2178/4892/4887
f 2146/4856/4851 2178/4892/4887 2177/4857/4852
f 2190/4860/4855 2189/4893/4888 2181/4858/4853
f 2181/4858/4853 2189/4893/4888 2188/4894/4889
f 2181/4858/4853 2188/4894/4889 2187/4895/4890
f 2187/4895/4890 2186/4896/4891 2181/4858/4853
f 2181/4858/4853 2186/4896/4891 2185/4897/4892
f 2181/4858/4853 2185/4897/4892 2184/4898/4893
f 2184/4898/4893 2183/4899/4894 2181/4858/4853
f 2181/4858/4853 2183/4899/4894 2182/4900/4895
f 2197/4901/4896 2196/4902/4897 2181/4858/4853
f 2181/4858/4853 2196/4902/4897 2227/4903/4898
f 2181/4858/4853 2227/4903/4898 2228/4904/4899
f 2228/4904/4899 2227/4903/4898 2229/4905/4900
f 2229/4905/4900 2227/4903/4898 2235/4906/4901
f 2229/4905/4900 2235/4906/4901 2230/4907/4902
f 2230/4907/4902 2235/4906/4901 2234/4908/4903
f 2230/4907/4902 2234/4908/4903 2233/4909/4904
f 2196/4902/4897 2195/4910/4905 2227/4903/4898
f 2227/4903/4898 2195/4910/4905 2194/4911/4906
f 2227/4903/4898 2194/4911/4906 2192/4912/4907
f 2192/4912/4907 2194/4911/4906 2193/4913/4908
f 2206/4914/4909 2205/4915/4910 2192/4912/4907
f 2192/4912/4907 2205/4915/4910 2204/4916/4911
f 2192/4912/4907 2204/4916/4911 2198/4917/4912
f 2198/4917/4912 2204/4916/4911 2203/4918/4913
f 2198/4917/4912 2203/4918/4913 2202/4919/4914
f 2202/4919/4914 2201/4920/4915 2198/4917/4912
f 2198/4917/4912 2201/4920/4915 2200/4921/4916
f 2198/4917/4912 2200/4921/4916 2199/4922/4917
f 2192/4912/4907 2198/4917/4912 2227/4903/4898
f 2227/4903/4898 2198/4917/4912 2211/4923/4918
f 2227/4903/4898 2211/4923/4918 2210/4924/4919
f 2227/4903/4898 2210/4924/4919 2207/4925/4920
f 2207/4925/4920 2210/4924/4919 2209/4926/4921
f 2207/4925/4920 2209/4926/4921 2208/4927/4922
f 2226/4928/4923 2218/4929/4924 2207/4925/4920
f 2207/4925/4920 2218/4929/4924 2217/4930/4925
f 2207/4925/4920 2217/4930/4925 2212/4931/4926
f 2212/4931/4926 2217/4930/4925 2216/4932/4927
f 2212/4931/4926 2216/4932/4927 2215/4933/4928
f 2226/4928/4923 2225/4934/4929 2218/4929/4924
f 2218/4929/4924 2225/4934/4929 2219/4935/4930
f 2219/4935/4930 2225/4934/4929 2224/4936/4931
f 2219/4935/4930 2224/4936/4931 2220/4937/4932
f 2220/4937/4932 2224/4936/4931 2221/4938/4933
f 2221/4938/4933 2224/4936/4931 2222/4939/4934
f 2222/4939/4934 2224/4936/4931 2223/4940/4935
f 2215/4933/4928 2214/4941/4936 2212/4931/4926
f 2212/4931/4926 2214/4941/4936 2213/4942/4937
f 2212/4931/4926 2227/4903/4898 2207/4925/4920
f 2227/4903/4898 2236/4943/4938 2235/4906/4901
f 2232/4944/4939 2231/4945/4940 2233/4909/4904
f 2233/4909/4904 2231/4945/4940 2230/4907/4902
f 2242/4946/4941 2237/4947/4942 2228/4904/4899
f 2228/4904/4899 2237/4947/4942 2314/4948/4943
f 2228/4904/4899 2314/4948/4943 2321/4949/4944
f 2321/4949/4944 2314/4948/4943 2322/4950/4945
f 2322/4950/4945 2314/4948/4943 2327/4951/4946
f 2322/4950/4945 2327/4951/4946 2326/4952/4947
f 2242/4946/4941 2241/4953/4948 2237/4947/4942
f 2237/4947/4942 2241/4953/4948 2240/4954/4949
f 2237/4947/4942 2240/4954/4949 2238/4955/4950
f 2238/4955/4950 2240/4954/4949 2239/4956/4951
f 2248/4957/4952 2243/4958/4953 2237/4947/4942
f 2237/4947/4942 2243/4958/4953 2310/4959/4954
f 2237/4947/4942 2310/4959/4954 2314/4948/4943
f 2314/4948/4943 2310/4959/4954 2315/4960/4955
f 2315/4960/4955 2310/4959/4954 2316/4961/4956
f 2316/4961/4956 2310/4959/4954 2317/4962/4957
f 2317/4962/4957 2310/4959/4954 2320/4963/4958
f 2317/4962/4957 2320/4963/4958 2318/4964/4959
f 2318/4964/4959 2320/4963/4958 2319/4965/4960
f 2248/4957/4952 2247/4966/4961 2243/4958/4953
f 2243/4958/4953 2247/4966/4961 2246/4967/4962
f 2243/4958/4953 2246/4967/4962 2244/4968/4963
f 2244/4968/4963 2246/4967/4962 2245/4969/4964
f 2254/4970/4965 2249/4971/4966 2243/4958/4953
f 2243/4958/4953 2249/4971/4966 2302/4972/4967
f 2243/4958/4953 2302/4972/4967 2310/4959/4954
f 2310/4959/4954 2302/4972/4967 2311/4973/4968
f 2311/4973/4968 2302/4972/4967 2312/4974/4969
f 2312/4974/4969 2302/4972/4967 2313/4975/4970
f 2254/4970/4965 2253/4976/4971 2249/4971/4966
f 2249/4971/4966 2253/4976/4971 2252/4977/4972
f 2249/4971/4966 2252/4977/4972 2250/4978/4973
f 2250/4978/4973 2252/4977/4972 2251/4979/4974
f 2302/4972/4967 2249/4971/4966 2255/4980/4975
f 2255/4980/4975 2249/4971/4966 2263/4981/4976
f 2255/4980/4975 2263/4981/4976 2262/4982/4977
f 2262/4982/4977 2261/4983/4978 2255/4980/4975
f 2255/4980/4975 2261/4983/4978 2260/4984/4979
f 2255/4980/4975 2260/4984/4979 2259/4985/4980
f 2259/4985/4980 2258/4986/4981 2255/4980/4975
f 2255/4980/4975 2258/4986/4981 2257/4987/4982
f 2255/4980/4975 2257/4987/4982 2256/4988/4983
f 2302/4972/4967 2255/4980/4975 2264/4989/4984
f 2264/4989/4984 2255/4980/4975 2272/4990/4985
f 2264/4989/4984 2272/4990/4985 2271/4991/4986
f 2271/4991/4986 2270/4992/4987 2264/4989/4984
f 2264/4989/4984 2270/4992/4987 2269/4993/4988
f 2264/4989/4984 2269/4993/4988 2268/4994/4989
f 2268/4994/4989 2267/4995/4990 2264/4989/4984
f 2264/4989/4984 2267/4995/4990 2266/4996/4991
f 2264/4989/4984 2266/4996/4991 2265/4997/4992
f 2285/4998/4993 2273/4999/4994 2264/4989/4984
f 2264/4989/4984 2273/4999/4994 2286/5000/4995
f 2264/4989/4984 2286/5000/4995 2303/5001/4996
f 2303/5001/4996 2286/5000/4995 2304/5002/4997
f 2304/5002/4997 2286/5000/4995 2305/5003/4998
f 2305/5003/4998 2286/5000/4995 2306/5004/4999
f 2306/5004/4999 2286/5000/4995 2307/5005/5000
f 2307/5005/5000 2286/5000/4995 2308/5006/5001
f 2308/5006/5001 2286/5000/4995 2309/5007/5002
f 2285/4998/4993 2284/5008/5003 2273/4999/4994
f 2273/4999/4994 2284/5008/5003 2283/5009/5004
f 2273/4999/4994 2283/5009/5004 2282/5010/5005
f 2282/5010/5005 2281/5011/5006 2273/4999/4994
f 2273/4999/4994 2281/5011/5006 2280/5012/5007
f 2273/4999/4994 2280/5012/5007 2279/5013/5008
f 2279/5013/5008 2278/5014/5009 2273/4999/4994
f 2273/4999/4994 2278/5014/5009 2277/5015/5010
f 2273/4999/4994 2277/5015/5010 2276/5016/5011
f 2276/5016/5011 2275/5017/5012 2273/4999/4994
f 2273/4999/4994 2275/5017/5012 2274/5018/5013
f 2301/5019/5014 2293/5020/5015 2273/4999/4994
f 2273/4999/4994 2293/5020/5015 2292/5021/5016
f 2273/4999/4994 2292/5021/5016 2291/5022/5017
f 2301/5019/5014 2300/5023/5018 2293/5020/5015
f 2293/5020/5015 2300/5023/5018 2299/5024/5019
f 2293/5020/5015 2299/5024/5019 2298/5025/5020
f 2298/5025/5020 2297/5026/5021 2293/5020/5015
f 2293/5020/5015 2297/5026/5021 2296/5027/5022
f 2293/5020/5015 2296/5027/5022 2294/5028/5023
f 2294/5028/5023 2296/5027/5022 2295/5029/5024
f 2291/5022/5017 2290/5030/5025 2273/4999/4994
f 2273/4999/4994 2290/5030/5025 2289/5031/5026
f 2273/4999/4994 2289/5031/5026 2288/5032/5027
f 2288/5032/5027 2287/5033/5028 2273/4999/4994
f 2273/4999/4994 2287/5033/5028 2286/5000/4995
f 2303/5001/4996 2302/4972/4967 2264/4989/4984
f 2326/4952/4947 2325/5034/5029 2322/4950/4945
f 2322/4950/4945 2325/5034/5029 2324/5035/5030
f 2322/4950/4945 2324/5035/5030 2323/5036/5031
f 2228/4904/4899 2321/4949/4944 2328/5037/5032
f 2328/5037/5032 2321/4949/4944 2333/5038/5033
f 2328/5037/5032 2333/5038/5033 2329/5039/5034
f 2329/5039/5034 2333/5038/5033 2332/5040/5035
f 2329/5039/5034 2332/5040/5035 2330/5041/5036
f 2330/5041/5036 2332/5040/5035 2331/5042/5037
f 2341/5043/5038 2335/5044/5039 2328/5037/5032
f 2328/5037/5032 2335/5044/5039 2334/5045/5040
f 2328/5037/5032 2334/5045/5040 2228/4904/4899
f 2228/4904/4899 2334/5045/5040 2343/5046/5041
f 2228/4904/4899 2343/5046/5041 2137/4854/4849
f 2137/4854/4849 2343/5046/5041 2356/5047/5042
f 2137/4854/4849 2356/5047/5042 2357/5048/5043
f 2357/5048/5043 2356/5047/5042 2362/5049/5044
f 2357/5048/5043 2362/5049/5044 2358/5050/5045
f 2358/5050/5045 2362/5049/5044 2361/5051/5046
f 2358/5050/5045 2361/5051/5046 2360/5052/5047
f 2341/5043/5038 2340/5053/5048 2335/5044/5039
f 2335/5044/5039 2340/5053/5048 2336/5054/5049
f 2336/5054/5049 2340/5053/5048 2339/5055/5050
f 2336/5054/5049 2339/5055/5050 2338/5056/5051
f 2338/5056/5051 2337/5057/5052 2336/5054/5049
f 2342/5058/5053 2348/5059/5054 2334/5045/5040
f 2334/5045/5040 2348/5059/5054 2347/5060/5055
f 2334/5045/5040 2347/5060/5055 2346/5061/5056
f 2346/5061/5056 2345/5062/5057 2334/5045/5040
f 2334/5045/5040 2345/5062/5057 2344/5063/5058
f 2334/5045/5040 2344/5063/5058 2343/5046/5041
f 2343/5046/5041 2355/5064/5059 2356/5047/5042
f 2356/5047/5042 2355/5064/5059 2354/5065/5060
f 2356/5047/5042 2354/5065/5060 2353/5066/5061
f 2353/5066/5061 2352/5067/5062 2356/5047/5042
f 2356/5047/5042 2352/5067/5062 2351/5068/5063
f 2356/5047/5042 2351/5068/5063 2350/5069/5064
f 2350/5069/5064 2349/5070/5065 2356/5047/5042
f 2360/5052/5047 2359/5071/5066 2358/5050/5045
f 2137/4854/4849 2357/5048/5043 2363/5072/5067
f 2363/5072/5067 2357/5048/5043 2369/5073/5068
f 2363/5072/5067 2369/5073/5068 2368/5074/5069
f 2368/5074/5069 2367/5075/5070 2363/5072/5067
f 2363/5072/5067 2367/5075/5070 2366/5076/5071
f 2363/5072/5067 2366/5076/5071 2365/5077/5072
f 2365/5077/5072 2364/5078/5073 2363/5072/5067
f 2137/4854/4849 2363/5072/5067 2370/5079/5074
f 2370/5079/5074 2363/5072/5067 2379/5080/5075
f 2370/5079/5074 2379/5080/5075 2378/5081/5076
f 2378/5081/5076 2377/5082/5077 2370/5079/5074
f 2370/5079/5074 2377/5082/5077 2376/5083/5078
f 2370/5079/5074 2376/5083/5078 2375/5084/5079
f 2375/5084/5079 2374/5085/5080 2370/5079/5074
f 2370/5079/5074 2374/5085/5080 2373/5086/5081
f 2370/5079/5074 2373/5086/5081 2372/5087/5082
f 2372/5087/5082 2371/5088/5083 2370/5079/5074
f 2387/5089/5084 2380/4843/4838 2370/5079/5074
f 2370/5079/5074 2380/4843/4838 2145/4842/4837
f 2370/5079/5074 2145/4842/4837 2137/4854/4849
f 2387/5089/5084 2386/5090/5085 2380/4843/4838
f 2380/4843/4838 2386/5090/5085 2385/5091/5086
f 2380/4843/4838 2385/5091/5086 2384/5092/5087
f 2384/5092/5087 2383/5093/5088 2380/4843/4838
f 2380/4843/4838 2383/5093/5088 2382/5094/5089
f 2380/4843/4838 2382/5094/5089 2381/5095/5090
f 2397/4846/4841 2396/5096/5091 2388/4844/4839
f 2388/4844/4839 2396/5096/5091 2395/5097/5092
f 2388/4844/4839 2395/5097/5092 2394/5098/5093
f 2394/5098/5093 2393/5099/5094 2388/4844/4839
f 2388/4844/4839 2393/5099/5094 2392/5100/5095
f 2388/4844/4839 2392/5100/5095 2391/5101/5096
f 2390/5102/5097 2389/5103/5098 2391/5101/5096
f 2391/5101/5096 2389/5103/5098 2388/4844/4839
f 2411/5104/5099 2431/5105/5100 2388/4844/4839
f 2388/4844/4839 2431/5105/5100 2440/5106/5101
f 2388/4844/4839 2440/5106/5101 2449/4838/4833
f 2449/4838/4833 2440/5106/5101 2451/5107/5102
f 2449/4838/4833 2451/5107/5102 2450/5108/5103
f 2431/5105/5100 2411/5104/5099 2399/5109/5104
f 2399/5109/5104 2411/5104/5099 2410/5110/5105
f 2399/5109/5104 2410/5110/5105 2406/5111/5106
f 2406/5111/5106 2410/5110/5105 2407/5112/5107
f 2407/5112/5107 2410/5110/5105 2408/5113/5108
f 2408/5113/5108 2410/5110/5105 2409/5114/5109
f 2406/5111/5106 2405/5115/5110 2399/5109/5104
f 2399/5109/5104 2405/5115/5110 2404/5116/5111
f 2399/5109/5104 2404/5116/5111 2403/5117/5112
f 2403/5117/5112 2402/5118/5113 2399/5109/5104
f 2399/5109/5104 2402/5118/5113 2401/5119/5114
f 2399/5109/5104 2401/5119/5114 2400/5120/5115
f 2422/5121/5116 2412/5122/5117 2399/5109/5104
f 2399/5109/5104 2412/5122/5117 2423/5123/5118
f 2399/5109/5104 2423/5123/5118 2431/5105/5100
f 2431/5105/5100 2423/5123/5118 2432/5124/5119
f 2432/5124/5119 2423/5123/5118 2433/5125/5120
f 2433/5125/5120 2423/5123/5118 2434/5126/5121
f 2434/5126/5121 2423/5123/5118 2435/5127/5122
f 2435/5127/5122 2423/5123/5118 2436/5128/5123
f 2436/5128/5123 2423/5123/5118 2437/5129/5124
f 2437/5129/5124 2423/5123/5118 2439/5130/5125
f 2437/5129/5124 2439/5130/5125 2438/5131/5126
f 2422/5121/5116 2421/5132/5127 2412/5122/5117
f 2412/5122/5117 2421/5132/5127 2420/5133/5128
f 2412/5122/5117 2420/5133/5128 2419/5134/5129
f 2412/5122/5117 2419/5134/5129 2413/5135/5130
f 2413/5135/5130 2419/5134/5129 2418/5136/5131
f 2413/5135/5130 2418/5136/5131 2417/5137/5132
f 2417/5137/5132 2416/5138/5133 2413/5135/5130
f 2413/5135/5130 2416/5138/5133 2415/5139/5134
f 2413/5135/5130 2415/5139/5134 2414/5140/5135
f 2430/5141/5136 2429/5142/5137 2412/5122/5117
f 2412/5122/5117 2429/5142/5137 2428/5143/5138
f 2412/5122/5117 2428/5143/5138 2427/5144/5139
f 2427/5144/5139 2426/5145/5140 2412/5122/5117
f 2412/5122/5117 2426/5145/5140 2425/5146/5141
f 2412/5122/5117 2425/5146/5141 2424/5147/5142
f 2424/5147/5142 2423/5123/5118 2412/5122/5117
f 2448/5148/5143 2447/5149/5144 2431/5105/5100
f 2431/5105/5100 2447/5149/5144 2446/5150/5145
f 2431/5105/5100 2446/5150/5145 2445/5151/5146
f 2445/5151/5146 2444/5152/5147 2431/5105/5100
f 2431/5105/5100 2444/5152/5147 2443/5153/5148
f 2431/5105/5100 2443/5153/5148 2442/5154/5149
f 2442/5154/5149 2441/5155/5150 2431/5105/5100
f 2431/5105/5100 2441/5155/5150 2440/5106/5101
f 2457/5156/5151 2456/5157/5152 2440/5106/5101
f 2440/5106/5101 2456/5157/5152 2455/5158/5153
f 2440/5106/5101 2455/5158/5153 2454/5159/5154
f 2454/5159/5154 2453/5160/5155 2440/5106/5101
f 2440/5106/5101 2453/5160/5155 2452/5161/5156
f 2440/5106/5101 2452/5161/5156 2451/5107/5102
f 2228/4904/4899 2137/4854/4849 2181/4858/4853

# 2462 vertices
# 5161 texture params
# 5156 normals
# 4920 facets

# 1 groups
